time,emg_right_hand,emg_left_hand
0.0,25.975,7.0
1.0,17.924999999999997,4.883333333333333
2.0,11.042687074829932,3.807142857142857
3.0,11.176018195896244,5.145772357723578
4.0,8.177223595968679,6.983988985051141
5.0,16.736536660297478,5.443607395751377
6.0,19.124719943051964,6.156884343036979
7.0,15.447049567269865,5.295987411487019
8.0,35.15428796223446,4.300944138473643
9.0,23.219630212431156,4.229386309992132
10.0,14.97802911093627,3.120200629425649
11.0,12.900708103855234,3.0508261211644374
12.0,10.748900378404706,4.674264733430745
13.0,8.300689370949009,4.220924656251171
14.0,7.936694016709753,4.684695215615751
15.0,7.375113334082649,4.96508560938144
16.0,10.119085084860064,4.755123449852009
17.0,10.596792926454611,4.303697875688434
18.0,8.427822112322506,5.678992918961447
19.0,8.319733243415383,5.941778127458694
20.0,12.860777040950133,6.390187703720355
21.0,11.347308081375745,5.489153647296841
22.0,19.099921321793865,5.188153310104529
23.0,21.30714473043348,4.534187553857105
24.0,14.871623393653291,5.41180547750178
25.0,11.365029410662771,5.302986025251958
26.0,8.694709827282605,5.938668465025664
27.0,6.69950545127571,5.250440223296241
28.0,6.616649807051066,4.92053501180173
29.0,7.217391455877906,5.347632204218302
30.0,8.7106114507721,6.034098245815809
31.0,10.437131059768427,5.94584534635401
32.0,10.922491947028568,5.20288782997143
33.0,8.973066437341043,5.322361078074397
34.0,7.482707262181398,5.058104770094963
35.0,5.457997077666629,4.166408152560788
36.0,7.029942677306957,4.367625791465287
37.0,7.308205012925706,4.202144917762542
38.0,6.650483308980556,3.691159004908021
39.0,6.440564235135438,4.000014986324978
40.0,5.780881195908733,4.771282454760032
41.0,6.32513768686074,6.490676632572778
42.0,6.965991345397324,5.798426435877262
43.0,6.851256041362257,4.972753924543854
44.0,6.887773968753512,5.135737701847065
45.0,6.938069012026526,4.875875763365929
46.0,6.806564010340564,4.208197519763216
47.0,5.584241879285152,5.282698287812371
48.0,5.424225394327676,5.229290772170394
49.0,5.559083586227567,5.097729571765763
50.0,5.399497958113222,5.293806901202652
51.0,5.940504289835525,5.155558053276385
52.0,7.966913364631697,4.858024744728128
53.0,8.278621719219673,4.460933244568178
54.0,7.315681171700054,4.97663574296147
55.0,7.6259759123645825,4.943077902952018
56.0,7.901894329116988,4.042900084442177
57.0,8.15384211906635,4.914750290360047
58.0,7.836795174403356,6.868704806863737
59.0,5.854956726986624,6.8428009441384745
60.0,6.856105990783409,5.074654377880185
61.0,6.676420890937019,4.91889400921659
62.0,6.479339477726574,4.97315668202765
63.0,7.904992319508448,4.578917050691245
64.0,7.256528417818741,4.683410138248847
65.0,8.017665130568357,4.235944700460829
66.0,8.19590873328088,4.55963808025177
67.0,6.637624105503727,5.565494923382413
68.0,6.033731407590573,5.616215203626691
69.0,6.640656026375931,5.310526956652055
70.0,7.475973174478288,6.491150575100221
71.0,7.707066052227342,5.502380952380952
72.0,8.076239181746656,5.214024390243901
73.0,7.410444531864673,4.744453186467348
74.0,6.857507212168896,4.442119066351953
75.0,8.234571578434679,4.839684725188266
76.0,7.5773856356075076,4.866059720505039
77.0,6.467056311116107,4.83019744483159
78.0,6.099231950844853,5.110445468509984
79.0,7.366033494436326,4.414060919411037
80.0,7.972383949645947,4.525798958450414
81.0,7.272955303285751,5.4823648420816005
82.0,6.494286463601963,5.4710014611666855
83.0,6.070338316286389,5.423288749016523
84.0,5.955153422501967,5.2966168371361135
85.0,6.319579894973744,6.678196988271458
86.0,7.311638885331089,7.700546173128648
87.0,8.11860465116279,5.646417854463616
88.0,8.097205551387846,4.852644411102775
89.0,8.224006001500376,5.027531882970743
90.0,7.564516129032259,4.785483870967742
91.0,7.888824884792626,4.84615975422427
92.0,7.125441159941554,5.511337154846203
93.0,8.543365741261098,5.863733093552133
94.0,10.228537709340227,6.628640740324454
95.0,8.202978532089467,5.74254617661384
96.0,7.430841856805665,6.390558615263572
97.0,7.526593233674271,5.664988198269079
98.0,6.752006294256491,5.094590873328088
99.0,7.572777340676632,5.293666404405979
100.0,6.3960660896931545,5.71699449252557
101.0,6.573721479150276,5.842761605035405
102.0,6.829032258064515,5.808870967741935
103.0,9.558832565284177,6.603302611367127
104.0,8.881950844854071,5.190629800307219
105.0,7.065975422427034,4.8453149001536095
106.0,6.042527443707616,4.21416020381402
107.0,6.5448278445918096,4.204739425274437
108.0,7.341538346259038,4.393076317859952
109.0,7.6169589000037465,4.199226330972987
110.0,8.343786295005806,4.317335431418831
111.0,8.420516278895509,5.372672436401784
112.0,8.311621895020792,5.063354688846427
113.0,8.188453036604098,4.9387433966505565
114.0,8.63710614064666,4.406429133415758
115.0,9.925330635794836,4.134689595743884
116.0,8.02482110074557,5.577966355700424
117.0,9.777464313813645,5.383530028848675
118.0,8.990805889625715,5.839998501367502
119.0,9.188164549848263,6.070353302611366
120.0,8.266443745082611,5.1503933910306845
121.0,7.56018227117755,4.1089908583417625
122.0,9.113482072608743,4.244453186467348
123.0,8.811579745981792,4.447226593233674
124.0,8.534674609418904,6.189299763965381
125.0,11.133584354276723,5.720535011801731
126.0,11.083642426286014,6.0314675358735155
127.0,11.5,6.192525570416994
128.0,9.535483870967742,6.74948859166011
129.0,9.795279307631786,6.143036978756884
130.0,9.286703383162864,5.27844217151849
131.0,8.88607395751377,5.9751770259638075
132.0,8.269888726537033,4.987476115544565
133.0,8.34544698892493,5.353949985754278
134.0,7.548805319796848,5.2426712950014505
135.0,6.525779528505819,4.777905277713156
136.0,6.541092154571743,5.574951664745455
137.0,6.807028412155303,7.01059411194262
138.0,8.638305046644938,5.538233861601289
139.0,8.156996740474316,5.318369487842343
140.0,7.936405529953917,4.834715821812596
141.0,6.882687048068638,4.84473043347945
142.0,8.212125505243907,5.157057818461584
143.0,6.801531262606592,4.035902181120193
144.0,9.360327843284864,4.749825130498653
145.0,8.634196179706947,4.227331920088036
146.0,7.345264887650485,4.137820169328046
147.0,7.699355588025926,4.987917275486119
148.0,7.876943539020644,5.039273537896669
149.0,7.42272676182983,4.987762729009779
150.0,7.565510846352703,4.903846802292907
151.0,7.084073283129144,6.0368663594470044
152.0,7.411430819377318,5.453444981454423
153.0,8.054486531040425,5.2392416919560905
154.0,7.267258626503315,5.7268405080364175
155.0,7.726357199055861,6.172541306058221
156.0,7.763107414484283,6.523646547525383
157.0,8.80454741298565,6.669809111685586
158.0,9.462354351654115,6.092565846165374
159.0,8.48440298227867,5.849911955340751
160.0,8.678157431343898,5.335262822674309
161.0,8.733162863886701,5.766719118804091
162.0,8.067510584092016,6.043207448203514
163.0,6.660809823536023,5.98051309430145
164.0,5.851929489340976,5.799684350530141
165.0,5.81855307032333,5.549323742085347
166.0,7.450975984414222,5.254992319508448
167.0,7.784290584841332,4.098909744857817
168.0,8.261305308905623,4.257914652879247
169.0,6.9408105510698235,4.042828651413725
170.0,7.307962879221547,4.258741514646954
171.0,6.702724461603205,4.653948330288147
172.0,6.355296141108448,5.7144643303683065
173.0,5.631621319964138,4.937877326474476
174.0,7.063354688846428,5.245007680491551
175.0,8.189127421228129,5.302611367127496
176.0,9.218950207935258,4.79805927091529
177.0,7.685714285714285,5.233569367951744
178.0,7.122951556704507,5.58334644636769
179.0,13.724489746129912,8.332370897602448
180.0,10.436361616536537,7.459580226066969
181.0,9.183955788598718,7.7031706532905
182.0,7.773890336695672,7.151354911898706
183.0,13.92384524702604,7.480870217554388
184.0,11.749769585253455,6.751612903225807
185.0,8.288816454984826,6.518036042111573
186.0,7.714300700610693,6.585822936570379
187.0,8.173183844741672,6.19557528755011
188.0,8.389640702858642,5.465313214192049
189.0,8.770626803042223,5.536285639354089
190.0,8.112693417256754,5.131164062792702
191.0,9.295594020456333,5.412509834775767
192.0,8.953461841070023,5.973367427222659
193.0,8.436811097373646,5.231372934697088
194.0,8.113432430407254,7.624807051065902
195.0,8.519983327713462,6.530037278483384
196.0,8.209096699261924,6.760406129406916
197.0,8.107002360346184,6.654583942152785
198.0,7.298958450413997,5.596174740549248
199.0,6.742797197557229,5.28080626428384
200.0,7.0173466711625645,5.826083698625004
201.0,6.218744145966806,5.588022179760968
202.0,7.057375145180023,6.262597879435015
203.0,7.320032969914952,6.4516765951069655
204.0,6.8896631823461085,6.41209021767637
205.0,7.394009216589862,7.109907834101382
206.0,8.14015960436102,6.728282005170282
207.0,6.1708272451388115,7.331125660334944
208.0,5.22170394515005,5.482095088231988
209.0,4.739039376568881,5.619542167771908
210.0,7.019601851682433,5.661323257643678
211.0,8.865554498380693,5.165382504162626
212.0,10.003700032150896,5.601161897617262
213.0,9.421608080591575,5.3985648197763725
214.0,7.712013717715143,5.922266280855927
215.0,7.086135819669202,5.829707426856714
216.0,7.3322652091594325,4.5911477869467365
217.0,6.599228030004016,3.9596554190812507
218.0,6.707678531131041,4.012892225669657
219.0,6.703032813952617,5.231849338641281
220.0,7.878167712659872,4.9749876493513625
221.0,7.2807406991120605,5.676969765089355
222.0,7.229838709677419,5.745007680491551
223.0,8.278225806451612,7.920744309453986
224.0,6.964575137686861,7.708424869125105
225.0,7.208497246262786,6.259934400768389
226.0,6.96139148027425,5.0562344814901845
227.0,7.1873009628713795,5.2005442760753535
228.0,8.809798268382426,4.46895521789855
229.0,8.884667595470296,4.399814239274104
230.0,7.098631800807345,4.260583002893581
231.0,7.995859679205515,4.828217768727896
232.0,7.584039966035465,4.286346861440634
233.0,6.488869195320808,4.105589034621293
234.0,7.734449958643507,4.217925085667021
235.0,8.41300820213094,5.340332667594666
236.0,7.714834156140214,4.6987461921765625
237.0,9.573876962271926,4.9333267768161555
238.0,11.734401108988049,4.493050091791241
239.0,13.42564909520063,4.641148701809599
240.0,10.734854445318646,4.91144767899292
241.0,10.691581431943352,6.115833988985051
242.0,9.194254617661384,4.92917275486119
243.0,8.222383013000638,5.057347982466
244.0,6.722078603274512,6.000044958974936
245.0,7.514697838222622,7.431965831179049
246.0,7.200307219662058,8.06405529953917
247.0,6.583556254917388,8.074822974036191
248.0,8.455795024540107,8.292288599153274
249.0,10.005031658611518,6.338955078490877
250.0,11.333160990596081,7.054154958600277
251.0,9.934479787194185,5.565374096137274
252.0,7.424911018695441,5.235086733355812
253.0,7.57564909520063,5.591345397324941
254.0,9.884074219774455,5.623835749878236
255.0,11.044168446292758,5.40193323592222
256.0,13.36717964334289,6.473870209712707
257.0,10.536162786341183,5.491159375209656
258.0,10.745882899296252,4.958703961704712
259.0,11.751205658557495,5.743560890222556
260.0,10.53266888150609,5.404422534204979
261.0,11.382488479262673,6.023041474654377
262.0,10.994005470008616,5.24225394327676
263.0,10.599306882469746,5.9811884155707915
264.0,8.518275823311228,6.561601288823948
265.0,9.330182458506613,5.36182983027987
266.0,9.652633846614965,4.751200779288899
267.0,8.797800647897166,5.148321008823634
268.0,8.413367279102005,5.890977970973579
269.0,8.118114458928321,6.640142614050726
270.0,7.6220466266392375,6.676558512450412
271.0,7.37244851282507,8.19802598733307
272.0,9.81330785658087,6.477464313813645
273.0,9.396631823461092,4.938181409463864
274.0,10.299314375632235,4.389981641751901
275.0,9.628020681128469,4.165093102543929
276.0,14.692930201191412,4.270016110299352
277.0,10.892885242216478,5.748225993780675
278.0,9.160113896069836,5.256371061406466
279.0,8.668607395751376,6.340991345397325
280.0,7.4889063729346965,6.303068450039339
281.0,6.735326514555467,5.800944138473643
282.0,13.095889063729345,6.694826907946499
283.0,14.41447678992919,5.026042486231314
284.0,13.886782061369,4.317584579071597
285.0,12.222811059907833,4.995890937019969
286.0,9.313863287250383,4.956643625192012
287.0,7.38152841781874,3.6206605222734254
288.0,8.734490765548529,4.396151716500554
289.0,7.81885828600007,5.389608116314793
290.0,9.046552709605972,5.987868395670346
291.0,11.46573518379595,4.318792198049512
292.0,9.693409066552352,4.208973671989426
293.0,8.33290108241346,5.144546850998464
294.0,6.826127960561568,6.406144393241167
295.0,8.13759511306398,6.619876397670846
296.0,8.594486905698549,5.645281180922408
297.0,7.657533438237607,5.904484657749803
298.0,7.528973249409914,6.253560188827694
299.0,7.757670188453036,5.695040463077442
300.0,8.126012513581358,5.653568618635495
301.0,11.802208177345864,7.146147217587028
302.0,10.560183928319255,6.25199159613007
303.0,10.346190805943245,6.53665943958517
304.0,9.248364220175922,7.350126954815627
305.0,8.331843400410541,7.312966703214265
306.0,10.276636057969196,5.319337151361011
307.0,8.258133697187361,4.31977728417631
308.0,8.61218762878873,4.901599069695057
309.0,9.122043010752687,5.996460993766265
310.0,8.431418830317334,5.890352841493675
311.0,11.599228204263609,6.047139629319015
312.0,10.065677569218089,5.574801431194036
313.0,9.881225881383237,4.685384586564759
314.0,9.947300588213256,4.537499531677344
315.0,8.953400022479489,4.374422089843018
316.0,7.88952643213068,4.730605822187254
317.0,6.275605072871006,4.713453973249409
318.0,6.154059420778539,5.026337529504327
319.0,6.994417593945524,5.701416207710464
320.0,7.233618073507923,6.508167547113259
321.0,10.35989659435765,5.973361807350792
322.0,11.136637817991083,5.122738001573564
323.0,7.936532913716233,4.628638867033832
324.0,16.055861526357198,4.117193061331535
325.0,12.45401071522236,6.452137424600052
326.0,10.393522161028063,5.782098834813233
327.0,9.088082125060883,5.636057097898168
328.0,8.116706005769734,5.159360833239669
329.0,11.590611067400996,5.506331722303399
330.0,9.908133827882057,5.0795773856356075
331.0,9.122438275073996,6.850567607058558
332.0,8.820819751976321,6.847019594619908
333.0,10.376606346708627,5.777823985613127
334.0,11.098530730243537,6.120425228258283
335.0,8.261303130660714,5.0853896400929495
336.0,7.918692477997547,6.237659414853713
337.0,8.312572045450388,5.847861965491373
338.0,10.753374929098129,5.093167804146159
339.0,7.98610767674497,5.55174590685999
340.0,9.732628976059345,6.159429208347383
341.0,7.951107114757782,5.307114757783522
342.0,9.435230976733731,4.977750927278858
343.0,8.330167183983077,4.933188945856137
344.0,8.903332439917804,5.130726577382753
345.0,8.700682742382192,6.083065885072179
346.0,9.423690065507532,6.249290239003063
347.0,7.412421069620126,6.502390895231178
348.0,8.307382638342514,8.79968341388483
349.0,9.227117755048518,7.372560038964444
350.0,7.496328350380278,5.62491101869544
351.0,7.954703832752613,6.63753699748979
352.0,8.583005507474429,5.287962234461054
353.0,10.17387883556255,5.715971675845791
354.0,8.347757671125098,5.456333595594021
355.0,9.793750702483983,6.252369712637218
356.0,8.750927278858041,6.25128320407628
357.0,7.41582555917725,6.441377243265521
358.0,6.948049904462178,6.437166085946574
359.0,8.201011576936047,6.432587763665655
360.0,9.612256940541755,5.917061930987973
361.0,8.59110093289873,6.547358660222547
362.0,9.432775092727885,6.340339440260762
363.0,8.524272226593233,6.868214004720692
364.0,7.969752912966917,5.543020119141284
365.0,8.169573077067176,5.018476265407815
366.0,6.1690607320819755,4.703592971413585
367.0,9.769030759432017,4.7074219774455806
368.0,8.664609793563374,5.4953317597692095
369.0,7.963098048031171,5.234009591247986
370.0,8.158584354276723,5.063241354763778
371.0,7.50994717320445,5.090442471244989
372.0,8.159662000732023,5.9093701996927805
373.0,8.732073329240915,4.646345209995879
374.0,10.35423493369992,4.685485744258363
375.0,9.220512244115707,5.704878048780488
376.0,8.214504745189245,4.683674272226593
377.0,7.747864448690569,4.581468472518827
378.0,6.859278408452287,4.12296279644824
379.0,12.332546551271964,4.762429283279008
380.0,11.272526319733243,5.471170057322693
381.0,10.706080701360008,5.64967592072234
382.0,10.584878798096735,5.445431044172192
383.0,9.37387134240006,6.100370911543217
384.0,10.842081600539508,6.871230002622607
385.0,10.645273687759918,7.187778651980068
386.0,10.472930950507662,6.786557266494324
387.0,9.911056161252857,6.123225057135365
388.0,13.55110380382552,4.814681893469883
389.0,11.915658357097985,4.985896299858937
390.0,9.49268362386764,5.753215655830333
391.0,8.838395313113992,5.599739220519416
392.0,9.700150037509378,5.795798949737433
393.0,7.7622756298830815,6.440074652809544
394.0,7.658921546588738,5.273890075306284
395.0,7.276284140721591,6.119026076205461
396.0,7.709640890187703,5.262315949196358
397.0,7.66303248285939,5.392379453748455
398.0,10.592727885804203,5.806339215465887
399.0,9.449589749353715,5.662770222172268
400.0,8.729594245251208,5.609591247986213
401.0,7.7330111273462965,5.981034805739762
402.0,8.198527593570866,5.985403319470983
403.0,6.4397043947398,7.2145742010415495
404.0,6.402340676632573,7.33831628638867
405.0,8.196066089693154,6.209834775767112
406.0,8.407238394964594,6.1883162863886705
407.0,6.915357236521674,5.897930950507662
408.0,6.745581844067289,5.639691281705444
409.0,10.593278633247161,4.642119066351953
410.0,12.350046832265557,5.323326214828969
411.0,10.040090292607996,5.583378292308268
412.0,8.090668202764977,5.646771383612453
413.0,9.19969278033794,5.708965568918361
414.0,9.212749615975422,5.3130081300813
415.0,8.006758832565284,6.443984863811772
416.0,7.894016709752351,8.100041212393691
417.0,7.360462328125585,7.092506837510771
418.0,7.941675096474466,5.969448503240793
419.0,7.780822187254129,5.705999213217939
420.0,12.16420141620771,5.2090479937057435
421.0,9.737254130605821,4.9781667977970105
422.0,8.308831628638867,6.33133359559402
423.0,11.045295230602076,7.535578472144168
424.0,10.63567869319246,8.81640253268892
425.0,9.313807088531714,6.730781911505751
426.0,7.9581132216852115,6.679907084785134
427.0,8.651755273313102,6.577955115956689
428.0,6.944925255704169,5.614476789929189
429.0,5.950901052789329,5.546888464276348
430.0,7.286131092877749,6.361701509872241
431.0,7.1104042561162935,6.352221722678056
432.0,8.592810310591585,7.458172230339814
433.0,10.715956689520812,6.308246225319396
434.0,15.241618897755798,5.69329361957214
435.0,12.290754374133602,5.879298265332883
436.0,9.585142932074483,6.130624555093477
437.0,7.874714323180099,4.7715334757034205
438.0,9.792345734517252,6.8864785882881865
439.0,15.375426609265556,7.454081290357433
440.0,12.71101703997428,5.938984746186547
441.0,11.242165070884447,6.051467570725434
442.0,8.47453875664038,5.329420421307417
443.0,7.232839045998434,4.888109483816947
444.0,6.414694091641378,4.354857442583642
445.0,11.226317859952793,4.440715971675846
446.0,13.054882165663367,4.6174542111137535
447.0,11.996392695734908,4.415581944266554
448.0,12.027700675168791,5.540285071267816
449.0,12.612955372989589,6.193450954201964
450.0,9.263735751010923,5.126967412584854
451.0,8.781530291109362,4.8725609756097565
452.0,6.999036191974823,5.339024390243902
453.0,8.665896744220898,4.89793001386235
454.0,7.813986924431457,6.094834401108988
455.0,8.565048143568992,6.153996665542692
456.0,7.997512270053576,5.444573077067176
457.0,8.126870480686375,3.9443464089018767
458.0,7.20677943876213,4.442088157056686
459.0,8.081615525832678,5.587576336592859
460.0,8.299053844136456,5.195894323353016
461.0,13.190439589259416,4.405500269465651
462.0,15.149573322035948,5.019251951824729
463.0,15.053506079548566,4.519254689711023
464.0,21.281822164198246,3.563966822582086
465.0,15.225774605672324,3.1618841557079165
466.0,13.658619010153235,5.877696601850811
467.0,19.547117005732268,4.60684500393391
468.0,18.638110224420217,4.441128095612753
469.0,13.630592709152896,4.35421396725488
470.0,13.583844741673223,4.054123112659698
471.0,22.31017571466037,4.639335356487205
472.0,14.82659323367427,4.832494099134539
473.0,16.50521898767375,7.213763066202091
474.0,21.044393241167434,6.131758832565284
475.0,16.138325652841782,6.631605222734255
476.0,12.068356374807987,6.210560675883256
477.0,11.156168746019258,6.222520699861376
478.0,10.962492975160167,6.471381739163014
479.0,10.526230947980897,7.0796429290249385
480.0,10.456152452747332,5.868686531388944
481.0,9.20388267798657,5.318617459242859
482.0,7.418542440488171,5.436806762666276
483.0,9.813519843375477,6.070488353795765
484.0,11.974276800907543,6.50148573728798
485.0,13.321035899218707,5.599031160229082
486.0,14.028048671575558,4.639146916520071
487.0,12.850068788974248,5.288662758024001
488.0,11.44037664468382,6.0105784285792705
489.0,9.87480929465816,6.430508323945097
490.0,9.700610692742872,6.223670900303473
491.0,12.28760460625134,5.433159287604606
492.0,12.864813130745468,6.184733703223081
493.0,10.37339791077006,5.174192185993917
494.0,8.275605328319726,4.721714503697195
495.0,8.07289314409692,5.285719564987858
496.0,9.142332621482897,4.669828781237121
497.0,8.383668652354725,4.816780937394627
498.0,7.947459817916152,5.294779139035629
499.0,8.266314488029671,4.163380914915139
500.0,16.176347919732546,4.555918770633425
501.0,12.163452143523685,3.9998600259821053
502.0,13.034181955767686,3.9956963761846382
503.0,11.090036446393828,3.4293190022244238
504.0,9.436048907697307,3.8806705160610715
505.0,8.905421303060956,4.350387771158818
506.0,8.93949271289948,3.8999775205125324
507.0,9.573489191113108,4.591618897755798
508.0,10.418174665617624,4.488945712037765
509.0,10.244492525570417,4.667761605035405
510.0,12.27904349780825,5.6354745045146295
511.0,11.09501330036342,5.318159679292645
512.0,12.422576898580047,5.8678955453149
513.0,11.10168970814132,4.863924169195609
514.0,12.692780337941628,4.831490015360982
515.0,12.060057697351166,5.9104529616724735
516.0,10.062633471956838,5.946946536285639
517.0,14.718430369787567,5.451199842643588
518.0,10.014879547412985,4.887370274624406
519.0,9.29849012775842,4.80843730096287
520.0,8.192596755460642,4.5626765576411525
521.0,7.113686261286576,4.391802480236784
522.0,8.16337342175265,4.68299801431194
523.0,8.34213217938631,4.375216365066876
524.0,6.786723052714398,4.477930763178599
525.0,7.2044453186467345,4.987824547600315
526.0,7.55913510171968,5.091627327563598
527.0,7.440257952118691,4.882566220823499
528.0,7.700685624367765,5.522685549436139
529.0,6.634371136338091,4.739312876999738
530.0,6.593346071709564,5.592315761867296
531.0,9.439024390243901,5.8851298190401256
532.0,10.855307032332995,5.54598928477764
533.0,16.002547675246337,5.218425686561013
534.0,12.292383200329699,4.357835974673111
535.0,10.659330860589712,4.70771421078266
536.0,10.70057697351167,5.511250983477577
537.0,10.756708253718482,5.202199243190589
538.0,9.929090025119521,4.718155671322012
539.0,10.077054847335528,5.160021974134649
540.0,9.345785488183893,5.4267851806157115
541.0,9.19570380399978,4.869690593380052
542.0,9.067954183667867,5.995145080829307
543.0,11.168410700236034,5.8192529605196786
544.0,8.516935483870967,5.216640080349758
545.0,8.604761904761904,5.122010516365355
546.0,8.641013824884793,4.579534444050573
547.0,7.7001292570529385,4.882567157468809
548.0,8.2831291446555,5.296673035854782
549.0,7.247437194329405,5.524651063596775
550.0,6.012581884415087,5.480912321352919
551.0,6.604910327018903,4.223559079263249
552.0,6.931094030543283,3.5755875648086506
553.0,6.190566684823175,4.9309881175734835
554.0,6.362328125585403,5.826418081001086
555.0,6.121486643437862,4.232160653403769
556.0,6.337454572702409,4.661241617024466
557.0,7.873290622307144,5.366419392304522
558.0,7.300101157693605,4.646624330298602
559.0,7.271027687235398,4.9974626278520855
560.0,10.435168221497882,5.367222097336182
561.0,10.159529429395675,5.43497808249972
562.0,10.405099097073919,6.1710688996290886
563.0,7.6623805777228275,6.737147353040351
564.0,8.27388632872504,5.088085871642127
565.0,11.424259113558879,5.386152635719906
566.0,10.641937357161591,5.922535686186355
567.0,14.796540968865909,5.6275973174478295
568.0,11.397905661084259,6.322861638754636
569.0,8.240350680004495,5.001753400022479
570.0,6.788940092165898,5.505990783410138
571.0,5.954602675059009,5.985264695964932
572.0,5.096732981154696,5.2775785845416054
573.0,4.917494486862133,5.598270233934789
574.0,5.50941600818323,5.068735825071251
575.0,6.509143487962582,6.282755009309819
576.0,6.9889541200631164,5.333903075071904
577.0,9.586566153733555,6.2315444714837245
578.0,8.753973249409913,6.490715971675845
579.0,8.214516129032258,6.29516129032258
580.0,9.55648912228057,6.304238559639909
581.0,8.72647804808345,6.533494087807666
582.0,6.854368056299789,5.359488979387704
583.0,7.159653306183689,5.3485424927660485
584.0,7.792326653091845,5.350884149608831
585.0,7.257603686635944,4.727880184331797
586.0,8.020965868644861,5.894109437638155
587.0,7.736135776104305,4.758287437713086
588.0,6.31584054550223,4.946732044509385
589.0,6.74863624442696,4.816255479375069
590.0,7.754156831890899,4.1214341913004375
591.0,8.74230264883294,5.80509160391143
592.0,8.481844067288598,5.676205462515455
593.0,8.367112509834776,5.000314712824547
594.0,7.009047993705742,5.262942564909521
595.0,7.8250309092952675,4.542031958338017
596.0,8.426402158030797,4.491914877674122
597.0,7.014145217489041,5.040213929789067
598.0,9.946824772395189,5.043179348844179
599.0,8.242609868494998,5.315649469858753
600.0,7.819786560148479,4.793237709052027
601.0,7.208806422994115,6.344453374131525
602.0,8.170492904652054,7.3118805029587595
603.0,12.029933843686061,6.011510851446445
604.0,14.659547492072697,5.91413278138618
605.0,10.369556674883006,5.871892189075143
606.0,10.548094166398743,4.332870325595336
607.0,9.87436179602392,3.9728867757008937
608.0,10.56882095088232,4.6998538833314605
609.0,11.876701405316485,6.649323219306568
610.0,10.693680214478707,5.554008580542348
611.0,14.982323978207095,5.760027449907236
612.0,11.329950344729038,6.019431506228205
613.0,8.745543528739327,6.9483486256179425
614.0,7.620059195983664,5.476937198652383
615.0,10.404883668652355,5.541463991031261
616.0,8.460881444228653,5.7727998201641
617.0,9.451466067736447,5.846307744183433
618.0,8.475801877298593,4.798920984601551
619.0,7.871653889082026,4.268067888052152
620.0,7.789513580485713,5.6828818702933575
621.0,11.574444569330485,6.025772732381702
622.0,12.380203064703458,4.679656063841744
623.0,13.343542331575925,5.770152076346612
624.0,10.89787266067388,5.166055581839711
625.0,8.630439638856377,4.123577832276348
626.0,7.736264366279187,3.0689317732810313
627.0,6.40526829643621,3.092294368151137
628.0,5.958804898222679,5.754854848796627
629.0,10.302975938302453,5.384901853981319
630.0,10.147943126896706,5.921861301562323
631.0,10.354232700161104,6.317958300550748
632.0,8.452362219474729,6.003933910306845
633.0,8.211625641602037,5.66168371361133
634.0,6.239350342812183,5.695908733280881
635.0,10.468753512419916,5.842193997976846
636.0,9.338858233722194,5.719832397123671
637.0,8.902335339932545,6.210296476558163
638.0,8.659192846992237,5.366202526241317
639.0,10.049187296824206,4.681370342585646
640.0,8.4557941683223,5.645068959547579
641.0,7.619147335748437,5.09840222719845
642.0,8.190142024249026,4.751351651233634
643.0,7.117805267116832,5.6571274385200425
644.0,7.5068865045261575,4.978819423429966
645.0,11.657768536210709,5.077065302911093
646.0,10.389702521449177,6.283929976396538
647.0,11.50533513169233,5.598819826907947
648.0,9.561807350792403,5.447259375819565
649.0,9.591963583230303,5.394792252069986
650.0,9.817281105990784,5.218433179723503
651.0,8.891705069124423,5.831797235023041
652.0,11.766820276497695,6.178801843317972
653.0,10.574193548387097,5.0678955453149
654.0,9.584331797235022,4.745084485407066
655.0,7.585719905586152,4.506707317073171
656.0,13.470279307631786,4.88440204563336
657.0,14.573791727548612,5.38538458656476
658.0,14.14829436888839,5.4857686111423325
659.0,12.160840732831291,4.91627140234536
660.0,11.007328312914463,4.530834363643176
661.0,10.139148027424973,4.386384923757072
662.0,10.691309804803115,5.661702446517554
663.0,9.292434715821813,5.07642089093702
664.0,8.070637106140646,4.5703308231239
665.0,9.18721947472931,4.393345135064253
666.0,11.296317110636544,6.736015885504477
667.0,10.14846577498033,6.456640815256079
668.0,11.211329661683713,7.210655277059683
669.0,9.303072196620583,7.7055299539170505
670.0,9.432923082687047,7.2718107227155215
671.0,8.065923906934923,6.220006743846239
672.0,7.35755872766101,6.364842081600539
673.0,9.034461054287961,5.523041474654377
674.0,9.608628376606347,4.953917050691244
675.0,8.501796485706793,4.382151286950657
676.0,7.961343711363381,4.674178562062118
677.0,7.472818553070324,5.292158405455022
678.0,7.503128395339253,7.654733805402571
679.0,7.537124873552883,8.02575399947548
680.0,7.261088007193436,6.9460005245213745
681.0,7.988531714810236,6.360481061031809
682.0,7.696066089693155,6.835995279307632
683.0,8.994218981574662,5.551640806543099
684.0,9.44899121121744,5.419618406343746
685.0,8.53920843015632,7.0095731685534615
686.0,8.645813892497515,5.502367229438022
687.0,7.752096560725548,6.466211152091159
688.0,8.469840020980854,5.477749053988235
689.0,7.160503540519276,5.3837922895357995
690.0,6.836930051328162,5.4670450713723735
691.0,7.393779738488629,4.770481623018995
692.0,9.082776966018509,4.329998876025627
693.0,8.857202802442771,4.234550972237833
694.0,7.674156082574651,4.044812858266831
695.0,7.021793863099921,4.047521636506687
696.0,6.416089693154996,5.218489378442171
697.0,7.014240755310778,5.12537372147915
698.0,10.753164924506388,4.9657974598179155
699.0,13.726832078228615,4.717998576299127
700.0,14.540294481285827,5.452587014349406
701.0,13.85984039563898,6.476490202690045
702.0,13.200573226930425,6.783091678843055
703.0,13.784121988685325,6.310422989022517
704.0,11.104971364792416,5.964119078550125
705.0,11.65038385031798,5.02156723849952
706.0,9.719527094317133,5.345244673537723
707.0,9.305082193893421,5.42950667980584
708.0,13.7111563605187,7.831571743109993
709.0,12.191671349893221,6.494528118092241
710.0,13.836235060507285,6.105174965344124
711.0,12.53025364355026,6.447266868982053
712.0,12.540107152223595,5.966355700423364
713.0,10.85148551946349,6.06818777865198
714.0,11.385223483571242,6.034880671387359
715.0,9.32179386309992,5.355625491738788
716.0,8.675059008654603,5.123682140047206
717.0,7.13044846577498,4.279779701022816
718.0,8.272147915027537,5.638709677419355
719.0,9.081776846650687,5.327625198982672
720.0,8.36442444670401,5.549485672811931
721.0,7.6769702878681345,4.436839610599514
722.0,7.320074443698033,4.7426133536868536
723.0,7.069478606585445,4.542667809809595
724.0,8.560666516803417,5.047531002959799
725.0,8.32128424290108,5.7508636721264565
726.0,7.721682828055762,5.794882680917299
727.0,7.487906716938975,6.177929145336698
728.0,7.21975981008239,5.133722637184478
729.0,6.815544735883051,4.322722844949437
730.0,8.967348544453186,5.584504139972275
731.0,8.805102843655163,5.329118429433142
732.0,7.689708141321044,4.488863287250384
733.0,6.92784178187404,5.127611367127496
734.0,7.415693209016539,4.8947415425284895
735.0,8.628390982763111,4.4897914374063905
736.0,7.16173773408509,4.8662474852162525
737.0,6.8784879146615925,5.346718212654208
738.0,6.669658703874575,4.350778461165813
739.0,6.9090704731932115,5.6381177175827055
740.0,6.817792514330673,6.390498669963658
741.0,6.851062155782848,5.343021992431906
742.0,6.29004533363306,6.0530066314488025
743.0,6.703010378030047,5.318361994679854
744.0,12.059196920310217,5.080128133078566
745.0,11.440898160080089,4.838957539907625
746.0,8.319642628427141,4.904559415115102
747.0,8.485549087620337,5.553774593474152
748.0,9.465864724020726,4.692523653561474
749.0,11.456415933251606,5.275807366475765
750.0,9.42663257277734,6.3843224307819115
751.0,9.544153459967779,6.6146266531789735
752.0,8.590985725525458,5.861376493949271
753.0,7.489828031920872,5.2981154696339585
754.0,7.567101270091042,6.104997939380315
755.0,9.805777228279194,5.211588175789592
756.0,8.462890112772095,5.2028773743958645
757.0,7.2660072683676145,5.136000899179498
758.0,6.956539657562474,5.1956090067813125
759.0,5.90863046772146,5.295570408281513
760.0,6.104275894757661,4.912065298554603
761.0,4.678023077197871,4.771453577680134
762.0,6.860301486521456,5.677651032967301
763.0,8.032685305472711,6.031759464256308
764.0,8.141011014948859,5.987116443745082
765.0,9.827821175677194,5.6609737364654755
766.0,9.084531368033646,5.600198046027186
767.0,8.71897144582313,6.2115494465950984
768.0,9.826785093485917,5.722474172550106
769.0,11.749741877978206,5.469176091932391
770.0,12.353356631840887,5.9737817729693745
771.0,10.86184960874365,6.449452955573388
772.0,11.753798205648973,8.339056889657954
773.0,8.515578807593885,6.456291773291754
774.0,8.660031732671843,6.5677360106577165
775.0,9.409014274474542,6.6543966130905545
776.0,8.547825109587501,5.575662208234986
777.0,8.489207232121618,5.265233991424685
778.0,9.125904298374245,6.447472495301525
779.0,8.793385628637125,5.500758464877543
780.0,8.851452845789844,4.6433768720925865
781.0,8.636402306151451,4.015697652636155
782.0,8.167263418642117,4.8156507768056995
783.0,7.981844067288599,5.219418530590836
784.0,6.611093627065303,5.921518489378442
785.0,7.228760630924282,5.724630961747405
786.0,7.439886692056289,6.588018781698908
787.0,8.328627453030505,6.224929925861256
788.0,7.76384165727843,6.495234435786646
789.0,9.4102449828485,6.04974152945902
790.0,8.139300678828244,7.026867692532889
791.0,7.313611329661684,6.956569630212432
792.0,7.773099546663669,6.812442396313364
793.0,8.439844891536474,6.357553107789142
794.0,10.729569892473119,4.771466973886328
795.0,12.290473380540258,5.392450638792102
796.0,10.336768948334644,4.830096287137986
797.0,11.189966655426922,4.088550447716459
798.0,9.762418043535273,5.340358173166985
799.0,8.788743396650556,6.079408789479599
800.0,8.303498370237158,6.259722378329774
801.0,8.62487074294706,6.294947735191638
802.0,9.219943051965082,7.331460042711026
803.0,13.802367839346598,8.057435090479936
804.0,12.08130081300813,7.656326102431531
805.0,9.65040650406504,6.569480349181371
806.0,8.699655314525495,7.103761567569592
807.0,7.467276662371168,6.396136490568635
808.0,6.5020715109090865,6.00682400565298
809.0,6.464553420585111,5.971153938310362
810.0,6.531722216268353,6.04259993569821
811.0,7.077269317329332,5.87554031364984
812.0,9.408584288929376,6.088986532347372
813.0,8.577948058443182,5.852480977387203
814.0,7.3808495677926445,5.964390052216887
815.0,7.828827241653618,5.116142798765893
816.0,6.862350605072871,4.2069836274399615
817.0,5.257442583642426,4.053722228466524
818.0,5.691778127458694,3.1233280881195906
819.0,6.191129032258065,3.5540322580645163
820.0,10.938325652841781,4.570545314900153
821.0,12.857066052227342,6.7039554531490015
822.0,10.875614439324117,5.6473118279569885
823.0,11.544347345547187,6.009218463152373
824.0,10.680227849779381,4.93763239121225
825.0,9.813462619206128,4.6890158883864625
826.0,9.932460956300451,4.2077951945772565
827.0,9.63410541726828,3.6918485920059485
828.0,9.477181591028955,3.4287799402276193
829.0,12.901358135701173,3.69188022179761
830.0,11.036379303885205,4.971244988947586
831.0,10.166730358547824,7.016574875426174
832.0,8.662122063616948,6.991843692630475
833.0,7.578269828781236,7.408692068487505
834.0,8.39550972237833,6.368708553444981
835.0,8.606881533101046,5.564370012363717
836.0,8.810487617548986,6.165518339515192
837.0,11.094412976066316,5.961022485586553
838.0,9.348825011130831,5.977944834640716
839.0,8.525485901091997,6.428502596032283
840.0,8.482854598667089,5.643665707367608
841.0,8.556711477520947,5.329129320657691
842.0,11.045708291184294,5.336143269266794
843.0,11.668015435914727,4.9176876100558236
844.0,10.84502266681653,4.476153010378029
845.0,9.648701809598741,4.96157880933648
846.0,8.486680903675396,4.841163688134577
847.0,8.363156120040463,5.332640215803079
848.0,8.102468997040202,5.726611966580495
849.0,7.919055112210108,6.208309917200554
850.0,9.16513431493762,5.906919935558802
851.0,10.102472743621446,5.702948559439511
852.0,8.339751227005358,6.433618073507924
853.0,9.091918624255367,6.2279457495035775
854.0,6.723772057997078,5.650951631636132
855.0,7.225672511333408,7.466336030871829
856.0,6.830174965344123,6.3029260799520435
857.0,12.14372260312465,5.273151998801094
858.0,12.12047881308306,4.6297403619197475
859.0,10.633410138248847,4.916129032258064
860.0,10.315168970814131,5.062903225806451
861.0,9.533046719868121,4.940912667191188
862.0,9.160748004945487,4.956031995803828
863.0,8.993818140946386,5.748649357461316
864.0,8.467876812408676,5.642066614214529
865.0,7.131864673485445,5.251140833988985
866.0,8.13556254917388,4.418646734854446
867.0,7.55991345397325,4.042918961447679
868.0,5.829523996852871,4.2655979543666405
869.0,5.77488015296507,5.416529284760214
870.0,7.317006843174207,4.9462147549082385
871.0,7.088220225788154,5.4634018260662724
872.0,8.303638409602401,5.600637659414854
873.0,6.958846854570785,4.693137570106812
874.0,6.790018933304754,4.8218125960061435
875.0,7.6827063908834345,4.631086343014325
876.0,8.325581395348838,4.555138784696174
877.0,14.099596327653343,4.631515021612546
878.0,12.133229736005429,6.50337584396099
879.0,11.465616404101024,6.599614189261601
880.0,9.127897358955122,5.914681967195095
881.0,10.503272796221033,6.202348664089099
882.0,8.069992772918503,6.404169723749618
883.0,7.247052449255438,5.04569820423479
884.0,7.801713628621575,4.7259981036534935
885.0,9.442047881308305,5.195174403356937
886.0,9.072867258626502,4.932610243153123
887.0,10.851410587838597,4.696182233711738
888.0,11.957935912549566,5.767198942592791
889.0,10.008921873325473,5.932754617225735
890.0,8.698815775372415,5.615647661915479
891.0,8.764514103264492,5.123431620100147
892.0,9.74314414840644,5.353248068114589
893.0,9.33448353377543,4.9093102543928655
894.0,9.403416882095089,6.056037615675696
895.0,10.762286085458648,6.231203532590465
896.0,9.343190174721382,5.215972677838449
897.0,7.695287062183665,4.973230241358248
898.0,7.185566426449817,4.619896001875032
899.0,6.2149030288931115,5.3685501514751515
900.0,7.496496946536286,5.627919523434866
901.0,7.5646847251882665,4.736770821625267
902.0,6.422820426360946,5.068939904836837
903.0,9.148622194747293,6.385641227380015
904.0,8.75512344985201,6.265932336742722
905.0,9.156475965681315,5.366640440597955
906.0,9.149282529691655,5.754748791727549
907.0,7.1188040912667185,5.5186954404106245
908.0,8.298265332883743,5.610730208684575
909.0,8.925000413866531,5.334887728900866
910.0,8.39995103305443,5.401904918738396
911.0,9.546365685498028,4.8887404778023775
912.0,8.008973933378815,5.885998503110097
913.0,7.778109161436699,5.430710465072714
914.0,8.982953055337004,5.115544565583905
915.0,7.775111460792027,4.899629088456782
916.0,8.078415945449777,5.585759244689221
917.0,7.9890225169532805,5.41437188565434
918.0,8.504031321419205,5.478153684762654
919.0,7.829972649956915,6.506665168034169
920.0,7.660462328125585,5.380397886928178
921.0,5.806430571057398,4.9905686787550545
922.0,6.782687766889458,5.088873938867993
923.0,7.665153875576907,5.098911792408033
924.0,10.74482732181303,5.440047294053478
925.0,9.071390844226736,5.799567313431144
926.0,8.895485369600237,4.786055224607545
927.0,10.417788767749428,4.76706755085984
928.0,10.496170471189224,5.433704854785125
929.0,8.321817954488623,5.645807880541564
930.0,7.679634390304894,4.474320147981246
931.0,6.966026872571802,4.098450396571268
932.0,8.711892084519388,4.230484798900074
933.0,8.929875238844554,3.442842156532164
934.0,11.059107939005656,2.923567869319246
935.0,11.892054437825484,3.3733084185680564
936.0,11.779494960848226,4.563593533400772
937.0,9.480761305308906,4.226593233674272
938.0,10.798284065789966,5.215878011314675
939.0,11.162208234985574,5.406129406916189
940.0,13.86484469549443,6.086481986350246
941.0,11.66245306971342,4.278648059227351
942.0,9.081456949603254,3.805376256956225
943.0,8.101625406351587,3.197888757903762
944.0,10.122241274604365,4.800557282177687
945.0,16.015591397849462,6.544546850998463
946.0,13.826536098310292,6.708525345622119
947.0,10.244690157731071,5.906052602000674
948.0,8.21507717957364,5.892955490614814
949.0,6.195845041399722,5.411397100146116
950.0,5.730785658086996,4.0330935521336775
951.0,6.846498819826907,5.249803304484658
952.0,14.302028773743956,5.308446667415982
953.0,17.533034543479076,5.239945112584767
954.0,11.754154958600276,4.528715671949346
955.0,9.459689595743884,3.9307622419542163
956.0,10.612506088194522,4.119010153235172
957.0,9.05325765239219,4.153744707953992
958.0,8.50432730133753,11.824783634933121
959.0,7.622007418230864,10.704306695140684
960.0,8.377303820728702,10.375921484726582
961.0,8.154957968586224,7.06861573842938
962.0,7.356108016551176,5.8790659337308195
963.0,6.717707824168586,5.767778442868556
964.0,17.650558981208714,4.370909190712312
965.0,13.453186467348544,4.026789929189614
966.0,11.342643587726199,3.7399881982690797
967.0,9.719708890637293,3.1107199055861523
968.0,8.502596380802517,2.799311565696302
969.0,7.565263571990559,3.173780487804878
970.0,6.936664044059796,3.0598741148701807
971.0,6.681156569630213,3.677065302911094
972.0,6.418112847027087,4.033962758982428
973.0,6.478430931774755,4.203212693417257
974.0,5.934494773519164,5.941338840807763
975.0,6.541440935146678,5.993653291371623
976.0,6.365685062380578,5.70217676370312
977.0,6.418568056648308,6.255625491738789
978.0,8.612839185406107,6.335001738239438
979.0,7.511911144162347,7.764620684787921
980.0,16.433662945353063,6.858539221042195
981.0,15.669939261818937,4.966494236799618
982.0,12.040398427132914,5.703703451995403
983.0,11.873837623168859,6.117193061331535
984.0,13.840294481285827,6.775804578322282
985.0,12.40670638042786,6.032295530328575
986.0,9.77684238132704,5.423157618672961
987.0,11.81979599865123,6.085273125772732
988.0,11.192559289648194,6.059975272563785
989.0,11.224918511857929,5.3136225694054176
990.0,9.381304559589374,5.441354763778052
991.0,11.908010190700985,6.465685062380578
992.0,10.970012363718107,6.095052639466487
993.0,8.2345734517253,4.964107751676595
994.0,10.806901202652579,6.7121876287887305
995.0,14.658367989209847,5.922576898580045
996.0,13.192761605035404,4.553894571203776
997.0,11.090180210557866,6.681802854894908
998.0,10.38162676557641,5.575961934734554
999.0,11.013531257378803,6.830485495938445
1000.0,11.107162679171534,5.168696355273488
1001.0,8.963794520058586,4.988604293930625
1002.0,8.491190654806559,4.4827814096381235
1003.0,7.943686444259148,4.775400296067048
1004.0,10.529714832889407,4.469149081695511
1005.0,10.770694241504627,4.984423588475517
1006.0,11.418364303619459,6.25636711878318
1007.0,9.966440216325857,6.7237096730628645
1008.0,9.133810194708957,5.693326118986192
1009.0,9.279152527343843,5.252311174818631
1010.0,7.932731259738011,6.899719710147316
1011.0,8.545364038007627,6.250364859373514
1012.0,9.636765417902318,6.208225402973632
1013.0,7.990598530763755,6.346681825910779
1014.0,7.643184032070735,5.752180510284365
1015.0,7.9324791128095615,5.991412835787344
1016.0,6.4235959686785815,6.233471956839384
1017.0,6.573384863235374,5.160735252159328
1018.0,10.988267869031047,4.012479573927253
1019.0,11.458279152004565,3.5330653086750647
1020.0,9.77547214128646,4.184120979990374
1021.0,9.758665410120955,4.200009798750948
1022.0,8.558053276385298,4.890599827657263
1023.0,8.227099022142294,4.990539882357348
1024.0,10.393953017871192,6.032688921359259
1025.0,8.563182346109176,6.073103293244914
1026.0,7.437608182533438,4.931235247836349
1027.0,8.00637293469709,4.654838709677419
1028.0,6.29799370574351,5.66573564122738
1029.0,8.070318646734854,5.49022423288749
1030.0,7.371046420141621,5.008418568056649
1031.0,10.88727228711493,5.7381256430430305
1032.0,12.997530714761242,5.49180082309508
1033.0,9.557498638261817,5.723231253404345
1034.0,9.079468662729873,7.33420938489782
1035.0,7.934377188507794,8.127876581849831
1036.0,12.99145779476228,6.101007830354801
1037.0,10.371810722715523,5.446255292046008
1038.0,9.103686635944701,5.383631186542281
1039.0,8.443164362519202,6.4817541493387285
1040.0,7.244918372450256,6.087919192341639
1041.0,7.536081755630545,5.557728282244777
1042.0,8.34457830485496,5.414044277619928
1043.0,7.082127674775837,5.27524738327439
1044.0,10.008652163040761,3.882477762297717
1045.0,10.24836209052263,4.905905047690494
1046.0,9.424001209361574,4.4871775435147985
1047.0,13.087094378124148,4.79947774400046
1048.0,13.551611705191107,5.192365600110829
1049.0,11.681892642150084,5.404439328473233
1050.0,15.041752772687945,6.1421390190753264
1051.0,11.47272532418819,5.366270138963312
1052.0,10.12811059907834,4.871582181259601
1053.0,8.123195084485406,4.9019969278033795
1054.0,9.33920265780731,5.074582931447147
1055.0,14.257043725217018,5.167206980316507
1056.0,12.77882674065729,4.184085394170842
1057.0,10.574297319974592,4.324772830838372
1058.0,9.414354459695062,5.972359814692349
1059.0,7.584878798096737,5.162545427297591
1060.0,7.732745904246096,4.956250386638471
1061.0,8.281812613432104,5.264513863657552
1062.0,7.937991466507741,5.755350858620579
1063.0,8.09488086307291,6.227085342764262
1064.0,8.521832548729517,5.497642180579987
1065.0,7.010902551421827,5.277749053988236
1066.0,7.541212393690757,8.290526769322991
1067.0,7.322065490240155,6.847260312464876
1068.0,9.829543622839507,6.159873592091403
1069.0,11.420204354224445,6.112288525092945
1070.0,9.119622240054786,5.945601382924128
1071.0,8.79172449906902,5.914766147982989
