time,mouse_movement,mouse_clicks
0.0,182.09955295296905,0.0
1.0,721.071865092506,0.0
2.0,1311.5353162333515,3.0
3.0,1910.7475595675105,2.5
4.0,1088.5738378001126,4.25
5.0,614.4958028068877,4.125
6.0,377.0449925084318,4.0625
7.0,291.36230900272375,3.9375
8.0,387.20362325208646,4.9375
9.0,721.7250494459246,2.375
10.0,1147.2987387824617,2.125
11.0,708.0946429249858,2.0
12.0,599.9432468305065,0.9375
13.0,637.9420318217924,2.375
14.0,1002.0255202967172,2.1875
15.0,762.0916721120395,3.0625
16.0,933.951323003806,2.5
17.0,1322.4706584449582,2.25
18.0,1407.046364390501,2.0625
19.0,1372.0920418744336,2.0
20.0,1719.1734172208542,3.9375
21.0,987.7241635332927,5.9375
22.0,534.4913838759626,4.9375
23.0,243.60048033911244,5.4375
24.0,1209.441424636053,4.6875
25.0,1377.1845496292085,4.25
26.0,741.4580578620873,2.0
27.0,2069.5116773921422,0.9375
28.0,2153.6661465429397,0.375
29.0,1432.8949121733563,0.125
30.0,1809.3157526197115,0.0
31.0,2592.502992758272,2.0
32.0,2789.382179546845,2.0
33.0,2175.742779803633,1.0
34.0,1946.204634082929,1.5
35.0,1655.2103513397847,2.75
36.0,897.8750150248127,3.3125
37.0,430.8587836971648,2.625
38.0,999.1654378238034,2.3125
39.0,683.5488585324143,3.125
40.0,319.3667314905917,2.5
41.0,155.83739487617504,1.1875
42.0,143.21625560373434,1.5625
43.0,332.99141961849364,0.75
44.0,408.41039442568797,0.3125
45.0,659.4040751959869,1.125
46.0,1820.973392380351,3.5625
47.0,1973.3681284757295,3.75
48.0,2178.1816399496433,3.875
49.0,1279.530867294354,1.9375
50.0,998.5423103982575,2.9375
51.0,1180.092578702635,2.375
52.0,1063.9999865034479,2.125
53.0,964.8045418440863,1.0
54.0,1384.5572193764772,2.5
55.0,3015.1241201174275,3.1875
56.0,2614.440864201846,4.5625
57.0,1482.8471439054401,5.25
58.0,754.7971772366061,5.625
59.0,654.9948980262,5.75
60.0,288.5442672011643,3.8125
61.0,687.1526894370539,3.8125
62.0,1816.3555610665671,3.8125
63.0,2369.8869188532044,3.8125
64.0,2492.8888556755815,3.8125
65.0,2076.888769022772,3.875
66.0,2038.5515166449572,1.875
67.0,973.0644178149673,1.875
68.0,1162.418800456565,0.875
69.0,627.2799365285254,0.375
70.0,1001.9206642542805,0.125
71.0,814.283537982833,0.0625
72.0,947.3540248893029,0.0
73.0,1051.3311974966962,1.0
74.0,714.1650868788707,1.5
75.0,592.2504711592234,0.75
76.0,1029.9324621428668,2.375
77.0,1207.5674985871071,2.1875
78.0,1312.271445919826,2.0625
79.0,1221.9508628126664,3.0
80.0,1070.2030150500186,2.5
81.0,1223.6909478304167,2.1875
82.0,1212.9368186792283,1.0625
83.0,2267.0057498669457,2.5
84.0,2768.950932474043,4.1875
85.0,2088.2094330074206,2.0625
86.0,1654.0141305892116,3.0
87.0,2112.552125271265,3.5
88.0,1283.0610420705177,2.6875
89.0,647.1070203278016,1.25
90.0,430.9689863085792,0.625
91.0,1058.5897422398898,2.25
92.0,941.6198193903919,2.0625
93.0,676.592833378867,2.0
94.0,503.17005901665357,1.0
95.0,958.177411816401,1.5
96.0,1655.8664718334412,2.6875
97.0,1116.0695922696405,1.3125
98.0,927.1339675793158,1.625
99.0,1095.1215643250946,0.8125
100.0,843.1030749805028,2.375
101.0,1208.5857449211078,2.125
102.0,978.815206566031,3.0625
103.0,1227.4925013734303,2.5
104.0,1348.283797448726,3.25
105.0,1740.053800133789,1.5625
106.0,1713.6778053663684,1.75
107.0,1501.2850519449737,0.8125
108.0,1205.8262286186223,1.375
109.0,1227.568374408249,2.625
110.0,761.2636903820191,3.3125
111.0,536.6756344478874,1.625
112.0,796.813176494826,0.8125
113.0,1145.033323239657,1.375
114.0,916.6444968533907,1.625
115.0,1045.5656987092918,1.75
116.0,1219.0692617811678,1.875
117.0,1222.1264430123765,0.9375
118.0,860.8726788074339,2.4375
119.0,1063.096599343161,1.1875
120.0,1156.908636760594,0.5625
121.0,969.1068092887461,0.25
122.0,733.894247730331,0.125
123.0,973.2027479825653,3.0
124.0,1516.0543069905493,2.5
125.0,1531.1276024682015,3.25
126.0,1759.2529483595358,2.625
127.0,2252.089774137873,3.3125
128.0,1470.8850697663459,2.5625
129.0,1296.5855197488477,2.25
130.0,1231.0771166060465,3.0625
131.0,1204.583711685591,2.5
132.0,766.165212574577,2.1875
133.0,1134.363265431106,3.0625
134.0,1332.959562437204,2.5
135.0,1102.5770100592024,2.1875
136.0,943.4567334495935,3.0625
137.0,1029.8630750314023,3.5
138.0,1133.0992296785485,2.6875
139.0,1188.1091197167545,2.3125
140.0,1202.5387735252575,2.125
141.0,1101.3888065265571,2.0
142.0,1176.1719808695566,1.9375
143.0,2256.8728342438917,2.9375
144.0,1911.5991953788227,2.4375
145.0,1513.2068147386772,2.1875
146.0,1162.2593441154954,2.0625
147.0,1176.5491163066,2.0
148.0,968.3301691446745,1.9375
149.0,510.7816692842132,1.9375
150.0,299.02060243631934,1.9375
151.0,1109.6410888530154,1.9375
152.0,918.0379790112743,0.9375
153.0,773.044084862425,0.4375
154.0,613.4348565011774,1.1875
155.0,908.5243385268486,1.5625
156.0,1065.0578194814361,1.75
157.0,1614.8837955959618,2.875
158.0,1818.6940241663829,4.4375
159.0,1725.2066227472576,4.1875
160.0,1390.5951164863645,3.0625
161.0,1413.6910394173563,3.5
162.0,1017.7603621012125,2.6875
163.0,1246.0273629686742,1.25
164.0,1300.8465549437442,1.5625
165.0,1104.612197374847,1.75
166.0,1145.7977198383423,1.8125
167.0,1507.9023207092382,1.875
168.0,1402.1414872134278,1.9375
169.0,1661.1339849817261,3.9375
170.0,1486.6889334245236,2.9375
171.0,1281.7144409020987,2.4375
172.0,1505.915023211749,1.1875
173.0,1579.5884377562963,0.5625
174.0,1329.0465275483193,1.1875
175.0,1193.9753120072146,1.5625
176.0,952.7681282465763,2.75
177.0,1569.3098377207884,3.375
178.0,1188.8277566767165,1.6875
179.0,869.3236084818532,1.8125
180.0,1497.1756389875864,0.875
181.0,1216.8340004797706,1.375
182.0,1084.299916190771,0.625
183.0,1130.050540664008,0.3125
184.0,1003.849220420434,1.125
185.0,1049.2036183886157,2.5625
186.0,955.0242661658835,2.25
187.0,813.854029969428,2.125
188.0,568.748825464876,4.0625
189.0,1037.4998516547275,3.0
190.0,1249.4516210290562,2.4375
191.0,1130.067202585111,4.1875
192.0,1275.262234181183,3.0625
193.0,1577.2799908994984,4.4375
194.0,1544.3994250727478,5.1875
195.0,1202.2348142648343,5.5625
196.0,1173.928435146669,2.6875
197.0,844.535084318436,3.3125
198.0,1334.0989473467616,3.5625
199.0,1535.1129770981938,1.6875
200.0,1252.3029513526112,1.75
201.0,1388.8150985218895,3.875
202.0,1471.9413950168682,3.875
203.0,1384.3451418767893,2.875
204.0,1352.4038000770088,2.4375
205.0,1268.23752873946,3.1875
206.0,946.9328885585112,4.5
207.0,1060.8673817398771,4.1875
208.0,1001.8061841247945,2.0625
209.0,1149.1289126809377,3.0
210.0,1037.7494245714793,1.4375
211.0,957.6051996042556,1.625
212.0,824.5471572186058,1.75
213.0,912.5239284379179,2.875
214.0,982.6748196925872,3.375
215.0,1586.9709513850287,3.6875
216.0,1203.4772076823003,2.8125
217.0,1344.4310613175844,2.375
218.0,1504.4659775478078,3.125
219.0,1162.1313076572333,4.5
220.0,1248.617274361003,3.1875
221.0,1501.5950016945335,2.5625
222.0,1457.5750569450327,3.25
223.0,1056.5602712793361,1.5625
224.0,1029.6323986913458,0.6875
225.0,1485.3606512812114,1.3125
226.0,1677.5012081066916,2.625
227.0,1423.2287676140809,2.25
228.0,1212.566366113103,2.125
229.0,1515.9553500332227,3.0625
230.0,1334.5550974291955,3.5
231.0,1255.5118701297297,2.6875
232.0,1546.4814525925667,4.3125
233.0,1446.9641170064826,2.125
234.0,1515.7171400051043,2.0
235.0,878.7707918662421,1.9375
236.0,472.5482667021012,0.9375
237.0,360.8343781472355,0.375
238.0,552.9266618799453,0.1875
239.0,653.1117783083441,1.0625
240.0,844.8558235175163,1.5
241.0,1023.0728833770424,2.75
242.0,1007.3835205546952,3.375
243.0,1307.6345887191237,2.6875
244.0,1006.8256943095114,3.3125
245.0,1091.3546710012288,2.625
246.0,1259.1539520163528,1.25
247.0,1101.9028668670987,2.5625
248.0,1194.5476620400339,3.25
249.0,859.1159471062597,3.5625
250.0,410.6743698845095,1.75
251.0,340.5458518407168,2.875
252.0,319.90087492942575,1.375
253.0,1074.1711052081814,0.625
254.0,1380.374925830521,1.25
255.0,1291.87760268201,1.625
256.0,866.8192980131079,2.75
257.0,614.2278038080846,2.375
258.0,824.327272051737,1.1875
259.0,425.194262826927,0.5625
260.0,214.2085281081257,2.25
261.0,894.227201039065,2.0625
262.0,639.4682627914833,2.0
263.0,1509.695778576456,2.0
264.0,1893.7943160497834,2.0
265.0,1619.5161233933309,0.9375
266.0,909.2887080406849,0.4375
267.0,1879.3181811682111,0.1875
268.0,2430.4399363974826,0.0625
269.0,2053.2176914121046,1.0
270.0,1899.2196739091823,1.5
271.0,2065.0372610296513,2.75
272.0,2255.499634660893,3.375
273.0,1533.9233995430147,3.6875
274.0,1663.771821522615,4.8125
275.0,1820.3035295771583,3.375
276.0,988.0727183807068,5.625
277.0,807.488689326241,3.75
278.0,1177.5921809347549,1.8125
279.0,1019.2544408262781,1.8125
280.0,1418.3972644283865,1.875
281.0,1435.8879636713036,2.8125
282.0,1328.4380961845536,3.375
283.0,827.9067116770362,2.6875
284.0,589.8767787665101,2.3125
285.0,830.2825588610108,2.125
286.0,1272.58663641581,4.0
287.0,861.406263291188,5.9375
288.0,687.6032205985658,4.9375
289.0,856.8007549101069,4.4375
290.0,1336.4707889311985,2.1875
291.0,1600.2099600802653,3.0
292.0,2049.9638334060037,1.375
293.0,1990.359054951301,1.625
294.0,1636.9870095312283,3.75
295.0,1012.5287946831752,3.875
296.0,676.9374129663968,1.875
297.0,562.3490064159973,1.9375
298.0,455.5488316395334,3.9375
299.0,721.5625294976307,3.875
300.0,1321.912650992054,4.875
301.0,1181.7605845457856,2.4375
302.0,967.7616024365644,2.1875
303.0,761.8001618829289,3.0
304.0,1086.4379816385697,2.4375
305.0,1514.9060557028904,3.125
306.0,1351.6223006701186,3.5625
307.0,1187.3085182943666,1.75
308.0,672.9048430269766,4.8125
309.0,951.1983251110153,5.375
310.0,1216.8807228937933,3.625
311.0,853.8531407795491,3.75
312.0,1014.1432795404006,2.875
313.0,714.359033989477,1.3125
314.0,1119.981602057202,2.5625
315.0,1005.2647070176829,1.25
316.0,632.0947977396153,1.5625
317.0,484.92792474309914,2.75
318.0,457.2778368149293,1.375
319.0,739.1129452543781,1.625
320.0,372.8871785041843,0.8125
321.0,483.1284024500085,0.375
322.0,520.274563554898,0.125
323.0,826.2260922126562,0.0625
324.0,691.4840098437239,0.0
325.0,706.6945136294107,0.0
326.0,678.7252967115285,0.0
327.0,652.9464585864243,1.0
328.0,936.9182582588635,2.5
329.0,1125.5292086678737,2.25
330.0,1299.0751024754873,4.125
331.0,933.7195520174985,5.0625
332.0,570.9245100339565,5.5
333.0,1169.4012791860202,3.6875
334.0,722.86493054484,1.8125
335.0,836.1950459916698,1.8125
336.0,1350.7992459618454,0.8125
337.0,1461.032070374615,1.3125
338.0,1598.3915948478684,2.625
339.0,2019.247095168541,2.3125
340.0,1768.431310859064,1.125
341.0,1649.0294945206124,1.5625
342.0,1006.8179224885764,1.75
343.0,968.3206239850575,1.8125
344.0,1327.63936268523,3.875
345.0,884.0197490755336,2.9375
346.0,1769.7901988839135,3.4375
347.0,883.4274226876241,5.6875
348.0,2009.5972263138883,2.8125
349.0,2328.6592319006236,2.3125
350.0,1487.034531506089,1.125
351.0,1786.47518055193,1.5
352.0,928.9742625029571,1.625
353.0,500.80182610014907,0.8125
354.0,255.9976011970714,1.375
355.0,775.0918070854611,0.6875
356.0,923.8955731602564,1.3125
357.0,647.4864235048592,0.625
358.0,552.0155277200986,0.3125
359.0,796.5271250929613,0.125
360.0,582.9259368271071,0.0625
361.0,1869.2866195812553,1.0
362.0,2013.4169099521457,2.5
363.0,1379.6608320991122,3.25
364.0,1398.9591135366804,2.625
365.0,1102.5174811654424,2.3125
366.0,615.03103802962,1.125
367.0,1138.4416744489545,1.5
368.0,1549.543033072683,1.6875
369.0,1026.9455223718014,0.8125
370.0,1194.7286235637562,3.375
371.0,960.8551016736889,1.6875
372.0,855.1235616491397,2.8125
373.0,765.5285466041369,3.375
374.0,823.1725019530081,2.6875
375.0,1159.999970053342,2.25
376.0,1015.6570211885154,2.125
377.0,905.5101623000419,4.0
378.0,469.8749535073354,1.9375
379.0,220.90631720898168,0.9375
380.0,86.38744551359788,0.4375
381.0,73.52813679047948,0.1875
382.0,958.7754166545806,0.0
383.0,908.7183934676905,0.0
384.0,895.2071505753757,1.0
385.0,1106.5843478167635,0.5
386.0,928.7982141360098,2.25
387.0,649.3290096913281,2.125
388.0,572.7697186209448,3.0625
389.0,426.5363408306398,4.5
390.0,267.5319335396361,3.25
391.0,379.4658908796102,1.5625
392.0,189.04096488305703,1.75
393.0,86.34705192663839,0.8125
394.0,38.36327658589059,0.3125
395.0,16.842359784637488,0.125
396.0,0.375,0.0625
397.0,0.0,0.0
398.0,145.7520287954676,2.0
399.0,84.8760143977338,2.0
400.0,387.60934195306777,1.0
401.0,706.7615601029318,1.5
402.0,434.62342073858514,0.75
403.0,357.89909509316516,2.3125
404.0,208.57454754658258,3.125
405.0,798.7174971092302,1.5625
406.0,1278.2634371474185,0.75
407.0,1047.3925899148262,1.375
408.0,2487.706787652659,0.625
409.0,1823.8708020935687,0.25
410.0,1541.992484888579,0.125
411.0,799.0295364637268,0.0625
412.0,660.9211603654832,0.0
413.0,269.9435119191951,0.0
414.0,404.6666910183418,2.0
415.0,1012.8297661028391,1.0
416.0,759.6010967020038,2.5
417.0,2036.679881924435,2.25
418.0,1421.7974801242954,5.125
419.0,870.8893370342989,3.5
420.0,1089.7238326980585,2.75
421.0,2086.734855089526,2.3125
422.0,1140.0008987596952,3.125
423.0,3388.4874879765166,1.4375
424.0,2492.474565701784,0.6875
425.0,1333.5775336472325,0.3125
426.0,820.6984699819211,1.125
427.0,457.35330507205293,0.5
428.0,140.20490055921448,0.25
429.0,44.992711805678354,0.125
430.0,157.3773497723054,0.0625
431.0,886.766509892193,0.0
432.0,972.5974282843122,0.0
433.0,577.9195584305061,0.0
434.0,651.4873721369465,0.0
435.0,800.4711059473141,0.0
436.0,1857.1943418225662,0.0
437.0,1834.9576794471077,0.0
438.0,2192.4564272367115,0.0
439.0,1192.3845077137914,1.0
440.0,1004.2236018862164,1.5
441.0,1465.2148674291743,0.75
442.0,2319.768563210578,1.375
443.0,2436.5077511502823,1.6875
444.0,1288.4218724667776,2.8125
445.0,2240.797261346724,1.375
446.0,2692.36657756443,1.6875
447.0,1622.3829132109631,1.8125
448.0,801.4632953979944,2.875
449.0,1074.389043532252,2.375
450.0,1110.7283896101435,2.1875
451.0,1391.4389506613888,2.0625
452.0,1353.5964860225747,1.0
453.0,776.8876166493287,4.4375
454.0,567.1192009531624,4.1875
455.0,463.73747389064425,3.0625
456.0,529.7615470877976,4.5
457.0,668.1167089164486,2.25
458.0,620.6219469302082,4.0
459.0,911.5980986615655,2.9375
460.0,1001.8714999508172,2.4375
461.0,922.2757368818924,3.125
462.0,1120.7241730223586,2.5625
463.0,939.8691801748575,3.1875
464.0,833.0752686500676,4.5625
465.0,1363.825964306248,3.25
466.0,1207.9770150662637,2.5625
467.0,1100.7179946117064,4.25
468.0,1086.710790628963,2.0625
469.0,970.1644014568635,0.9375
470.0,1000.0901749863699,0.4375
471.0,845.9389382466848,1.1875
472.0,710.5716890768406,1.5
473.0,846.198547948441,3.75
474.0,1083.074643251131,2.875
475.0,1046.0732556331795,3.4375
476.0,1142.1047055459694,1.6875
477.0,780.1912947625813,2.8125
478.0,861.4382652412385,2.3125
479.0,609.4939101143914,3.125
480.0,1188.8895593629304,4.5
481.0,909.0696094598702,3.25
482.0,1335.1717034652825,3.5625
483.0,889.0718896966118,1.75
484.0,744.3433999264814,1.8125
485.0,405.86132316955127,4.8125
486.0,201.4830065880368,2.375
487.0,129.61579113605245,2.125
488.0,106.89593817891068,1.0625
489.0,252.55882986952363,0.5
490.0,270.8413249735972,0.125
491.0,426.26087787125186,0.0625
492.0,477.0299677014382,2.0
493.0,820.523868053562,2.0
494.0,879.4434759530072,2.0
495.0,690.6926233304912,1.0
496.0,397.07719299672766,0.5
497.0,963.207729453713,0.1875
498.0,1137.866330751397,1.0625
499.0,820.8839819204736,0.5
500.0,662.4059827079968,0.25
501.0,1059.1297124338753,0.125
502.0,1344.3263532690885,1.0625
503.0,1315.9509920739474,0.5
504.0,1772.6602930931626,0.25
505.0,1539.2608035526218,2.125
506.0,1798.6713820995437,1.0625
507.0,1730.7163970752085,2.5
508.0,2319.189517388567,4.25
509.0,2081.906784327779,2.125
510.0,1587.3304829651606,4.0
511.0,1480.1775067904655,4.0
512.0,866.7085814625365,4.9375
513.0,882.0589949429184,4.375
514.0,764.8148678342967,4.1875
515.0,907.8288618477826,3.0
516.0,767.6033958840001,4.4375
517.0,744.768286648992,4.125
518.0,1473.2124536284648,3.0
519.0,1606.9576486924898,5.4375
520.0,1785.4666984525495,4.6875
521.0,1429.710199707601,4.25
522.0,995.2109144557437,5.0625
523.0,623.2711593432684,4.5
524.0,1307.2601239979913,3.125
525.0,1206.215558701745,1.5
526.0,1575.6413351960168,2.6875
527.0,2103.794446204909,3.25
528.0,1799.1468761556878,3.5625
529.0,1007.155773494007,4.75
530.0,1123.3057790313078,4.375
531.0,681.9976911840413,3.125
532.0,474.2684845778069,1.5
533.0,332.7680393636306,0.6875
534.0,162.0228837697495,0.25
535.0,263.51752380879543,0.0625
536.0,591.1304768555816,0.0
537.0,291.10652696901025,0.0
538.0,544.9485902109226,1.0
539.0,640.8909637375327,0.5
540.0,478.27005017025874,0.25
541.0,673.7091005368782,1.125
542.0,1545.6815111173828,2.5625
543.0,1563.6726673071857,3.25
544.0,2060.5791084514008,4.625
545.0,1760.9811876044942,2.3125
546.0,1422.6635654954782,3.125
547.0,1311.9126945937815,1.5
548.0,781.5498587390229,2.6875
549.0,1907.3383070056639,2.25
550.0,2543.6015203119664,1.125
551.0,1385.6904286976473,1.5
552.0,698.3107488194757,0.75
553.0,376.86019174984665,0.3125
554.0,259.57968247758777,0.125
555.0,499.556180218701,0.0625
556.0,574.4317527279841,0.0
557.0,606.0929240511059,0.0
558.0,333.4477314141019,0.0
559.0,379.65136722467605,0.0
560.0,287.04412805645495,0.0
561.0,553.4504568105087,0.0
562.0,562.4941036021871,1.0
563.0,372.15827985426154,3.5
564.0,1396.9077419964112,2.75
565.0,738.2481127368966,2.375
566.0,1315.820685979483,4.1875
567.0,2242.6554826511165,3.0625
568.0,1209.5271553178302,2.4375
569.0,665.6065129848121,1.1875
570.0,617.3691752292825,1.5625
571.0,278.6899644098062,0.6875
572.0,98.94708339357592,3.3125
573.0,375.1168881925851,4.625
574.0,415.90978686975654,2.3125
575.0,432.54908557026164,1.125
576.0,858.9914181948367,1.5625
577.0,834.178940463478,1.6875
578.0,843.8418886768441,1.75
579.0,857.9992521233738,3.875
580.0,891.2966850234335,1.9375
581.0,970.3174951872031,0.9375
582.0,1163.322235072626,2.4375
583.0,1185.1781332495284,3.1875
584.0,1051.5353060384168,2.5
585.0,1232.221145886612,3.25
586.0,764.2642021980088,3.625
587.0,577.8589570393474,2.75
588.0,522.1130284057531,2.3125
589.0,246.28152345717058,1.125
590.0,111.01971492446565,0.5
591.0,50.348070166156134,0.1875
592.0,403.9056487616025,0.0625
593.0,621.821493023143,0.0
594.0,487.7814504014862,0.0
595.0,912.4391723911606,1.0
596.0,961.9524559502024,2.5
597.0,989.4682814350635,2.25
598.0,1576.2055757424048,2.125
599.0,1411.1543260588019,2.0625
600.0,1063.2531155418565,2.0
601.0,673.5563721592333,1.9375
602.0,961.8521070113608,0.9375
603.0,561.5626779406412,0.4375
604.0,578.9231454487558,0.1875
605.0,559.625671531415,3.0625
606.0,866.5840031850483,1.5
607.0,869.533667412426,1.75
608.0,683.3255168180119,1.875
609.0,553.2523197482312,1.9375
610.0,1188.8228798565424,2.875
611.0,1379.6957161655412,2.4375
612.0,1012.731593158341,2.1875
613.0,702.9862720904669,1.0625
614.0,380.57062544445336,0.5
615.0,556.4736907214623,1.1875
616.0,320.5615780549625,2.5625
617.0,149.74508288709305,1.25
618.0,73.48191354063206,0.625
619.0,164.33073341243488,1.3125
620.0,148.7154792170189,1.625
621.0,166.31465037627177,0.75
622.0,445.34227948660015,2.375
623.0,1262.0837632937685,1.1875
624.0,1130.1208819315584,2.5625
625.0,1194.5769692933068,1.25
626.0,839.7578522196682,3.625
627.0,849.6016658153707,4.75
628.0,891.2303824599162,3.375
629.0,1167.128682979664,1.625
630.0,1131.4048100298053,2.8125
631.0,603.1044452316132,1.3125
632.0,681.9186891707144,1.5625
633.0,374.6108578708927,1.75
634.0,197.09524954354666,1.875
635.0,1007.7889129160907,3.875
636.0,1770.3957476856322,1.9375
637.0,1237.6712407833659,4.9375
638.0,950.967077620729,6.4375
639.0,707.2434949167005,6.1875
640.0,454.57507755638966,5.0
641.0,485.53665858996806,4.5
642.0,885.4943217980797,3.125
643.0,1028.3284617513589,2.4375
644.0,1603.314739140618,3.125
645.0,940.3405873732785,4.5
646.0,788.3879566000015,2.1875
647.0,1060.7348746200983,2.0625
648.0,1096.8348131015819,2.0
649.0,1410.4063093228842,1.9375
650.0,1471.4844571461974,1.875
651.0,953.5017061483566,1.9375
652.0,660.7823244245162,0.9375
653.0,694.5071332032386,1.4375
654.0,1078.0127436953508,0.6875
655.0,1332.45843159402,1.3125
656.0,713.7546639155521,0.625
657.0,680.8375830411454,0.3125
658.0,1810.0382829056794,0.125
659.0,1386.1656339391725,0.0625
660.0,1345.7368876200676,2.0
661.0,1163.912689598133,3.0
662.0,652.7029714940829,3.5
663.0,711.5541548204804,2.75
664.0,1391.6372211038668,2.375
665.0,1698.5817580631256,2.125
666.0,1806.415027867179,3.0
667.0,1144.1731838473124,3.4375
668.0,1198.3073553259815,3.6875
669.0,1130.8194191370221,3.8125
670.0,1106.6464603946852,4.875
671.0,1302.6931305829671,4.375
672.0,1575.8559422321318,4.125
673.0,1885.3074049516065,6.0
674.0,1443.9991120913087,3.9375
675.0,795.6291533766173,1.875
676.0,2132.865862974473,0.875
677.0,1979.6163344085128,0.375
678.0,2049.0387167117137,1.0625
679.0,1480.476624932713,3.5
680.0,1060.2050623629689,1.75
681.0,764.7518558125802,0.875
682.0,943.0849696849106,1.4375
683.0,1076.520586254504,0.6875
684.0,873.5839034628623,2.25
685.0,896.3797116786636,2.125
686.0,883.4132062004946,2.0625
687.0,1192.2278300231546,2.0
688.0,914.9084512093098,3.0
689.0,720.4992041485566,2.4375
690.0,967.1746756168521,1.1875
691.0,1031.4270707104247,0.5625
692.0,1357.4063879762675,1.25
693.0,1392.7279199811346,1.5625
694.0,1360.076581786945,0.75
695.0,1434.2673899328506,1.375
696.0,1250.3415737628359,2.6875
697.0,1507.2164810227696,1.3125
698.0,1322.0870753189702,1.625
699.0,1365.4400642543078,1.8125
700.0,1229.5092002053489,1.875
701.0,1065.6015084491405,1.875
702.0,1108.7378775617626,1.9375
703.0,768.0472496602389,1.9375
704.0,1938.3103777852125,0.9375
705.0,1551.056972398333,3.4375
706.0,1947.1199279845862,3.6875
707.0,1930.6511051532655,2.8125
708.0,1596.48210000337,4.375
709.0,1255.1797557980176,5.1875
710.0,658.0839312932554,2.5
711.0,497.9172536934787,3.1875
712.0,255.45934657231192,1.5625
713.0,2275.938782902515,0.6875
714.0,2851.1888259917496,0.25
715.0,2349.347421177878,2.125
716.0,1559.3518821314547,3.0
717.0,1867.3564172496733,2.5
718.0,1276.0503114338246,2.25
719.0,1105.3956093514107,1.125
720.0,700.8338620483975,0.5
721.0,802.5887905772095,2.1875
722.0,398.68246115772956,2.0625
723.0,200.52475914187562,1.0
724.0,185.28224697503498,0.5
725.0,87.10826658201705,0.25
726.0,203.28569835172033,0.0625
727.0,659.582441256707,0.0
728.0,1216.2074919174079,0.0
729.0,934.3209309794187,1.0
730.0,505.059960426321,0.5
731.0,414.12648943352417,0.25
732.0,379.8395952084229,0.125
733.0,179.03404437617468,1.0625
734.0,250.02278586095724,1.5
735.0,929.8063781552756,1.75
736.0,1821.834595468085,0.875
737.0,1908.6380297980436,2.4375
738.0,1030.449980800866,5.1875
739.0,1202.001117337155,3.5625
740.0,1964.6184332955368,2.75
741.0,1688.5636391155936,3.375
742.0,1803.039883849187,1.625
743.0,1206.680764415401,2.6875
744.0,1391.0201884817757,1.3125
745.0,796.3253441934612,0.625
746.0,902.3762191641059,0.25
747.0,1256.7964477400326,0.125
748.0,849.5811712213398,0.0
749.0,399.4996994816263,0.0
750.0,195.2431185614937,0.0
751.0,81.13361478693251,0.0
752.0,14.424630203961826,0.0
753.0,798.9272634797386,0.0
754.0,771.5129276416569,0.0
755.0,1155.094053792079,1.0
756.0,1383.6047036684586,0.5
757.0,862.2735356788096,0.25
758.0,442.5845044180361,0.125
759.0,209.6657117120872,0.0625
760.0,124.6194832941882,0.0
761.0,122.67021572444054,1.0
762.0,56.007883367077135,1.5
763.0,27.865997509714408,0.75
764.0,13.932998754857204,0.375
765.0,5.596861029780284,0.1875
766.0,123.84309864343211,0.0625
767.0,1609.695968392863,0.0
768.0,1252.4925904683346,0.0
769.0,1313.3739247710832,2.0
770.0,1576.7692205502672,1.0
771.0,1052.6902826495673,2.5
772.0,986.8930761674188,2.25
773.0,1016.3019454099053,5.125
774.0,908.7292318007508,4.5
775.0,762.3226191561212,5.25
776.0,584.1106752122477,4.5625
777.0,796.1466427482874,5.25
778.0,868.0477871386236,5.5
779.0,632.2840713099447,4.6875
780.0,575.4893597052398,2.25
781.0,772.7076979715546,1.0625
782.0,1102.0283521223323,1.4375
783.0,729.8815768479255,0.625
784.0,456.10443446260183,0.25
785.0,219.6187944349806,0.125
786.0,94.44792620561776,0.0625
787.0,24.351327334320715,0.0
788.0,652.3435543981226,0.0
789.0,2370.2883409066426,0.0
790.0,3829.004482674759,0.0
791.0,2416.7135783587164,1.0
792.0,1208.3567891793582,1.5
793.0,583.9836183502266,0.75
794.0,251.43190020388008,0.375
795.0,173.06587809349725,0.1875
796.0,280.1533039621612,0.0625
797.0,245.79800133281896,0.0
798.0,122.89900066640948,0.0
799.0,60.71780615938058,0.0
800.0,33.29732299380038,0.0
801.0,15.107584334483647,0.0
802.0,24.664213562373096,0.0
803.0,18.332106781186546,0.0
804.0,790.221793652663,0.0
805.0,1117.2214006633246,0.0
806.0,635.8686638940354,0.0
807.0,317.29638777319354,0.0
808.0,158.46069388659677,0.0
809.0,1328.0895895260064,0.0
810.0,767.1288598300896,0.0
811.0,398.14523574122063,0.0
812.0,1086.8164873945143,1.0
813.0,1333.4877675511077,1.5
814.0,1992.0825586345293,2.75
815.0,1664.29830921727,4.375
816.0,2473.4407149627064,3.1875
817.0,2557.422780349177,1.5625
818.0,1981.7728198944824,0.75
819.0,1197.623544851489,0.3125
820.0,577.8060284696413,0.0625
821.0,273.8386920983752,0.0
822.0,94.78045796198617,0.0
823.0,24.647997267232885,0.0
824.0,4.530330085889911,0.0
825.0,2.2651650429449557,0.0
826.0,0.0,0.0
827.0,0.0,0.0
828.0,0.0,0.0
829.0,0.0,0.0
830.0,870.049043337545,0.0
831.0,723.8388512638605,0.0
832.0,551.9184735215111,0.0
833.0,1512.6184343490768,0.0
834.0,1226.9458770530666,2.0
835.0,2582.9740496540085,2.0
836.0,2354.0035345786005,1.0
837.0,1171.0642970427507,0.5
838.0,564.7149757214866,0.25
839.0,369.5070045053891,0.0625
840.0,122.35693526107661,0.0
841.0,27.69278145705572,0.0
842.0,13.84639072852786,0.0
843.0,6.366057016615612,0.0
844.0,0.0,0.0
845.0,1300.9861749971055,0.0
846.0,1496.2957803788122,1.0
847.0,748.1478901894061,0.5
848.0,374.07394509470305,0.25
849.0,187.03697254735152,0.125
850.0,52.86266830501621,0.0625
851.0,1381.4810892661542,0.0
852.0,1242.8676109813814,0.0
853.0,1789.1317645668037,0.0
854.0,1663.4574707036545,0.0
855.0,1561.2657915663146,0.0
856.0,891.285609211433,0.0
857.0,1333.4123859344882,0.0
858.0,1325.1494488827223,0.0
859.0,1606.6654668756476,0.0
