match_id,season,start_date,venue,innings,ball,batting_team,bowling_team,striker,non_striker,bowler,runs_off_bat,extras,wides,noballs,byes,legbyes,penalty,wicket_type,player_dismissed,other_wicket_type,other_player_dismissed
548371,2012,2012-05-17,Himachal Pradesh Cricket Association Stadium,1,0.1,Chennai Super Kings,Kings XI Punjab,M Vijay,MEK Hussey,P Kumar,0,0,,,,,,,,,
548371,2012,2012-05-17,Himachal Pradesh Cricket Association Stadium,1,0.2,Chennai Super Kings,Kings XI Punjab,M Vijay,MEK Hussey,P Kumar,0,0,,,,,,,,,
548371,2012,2012-05-17,Himachal Pradesh Cricket Association Stadium,1,0.3,Chennai Super Kings,Kings XI Punjab,M Vijay,MEK Hussey,P Kumar,4,0,,,,,,,,,
548371,2012,2012-05-17,Himachal Pradesh Cricket Association Stadium,1,0.4,Chennai Super Kings,Kings XI Punjab,M Vijay,MEK Hussey,P Kumar,0,0,,,,,,,,,
548371,2012,2012-05-17,Himachal Pradesh Cricket Association Stadium,1,0.5,Chennai Super Kings,Kings XI Punjab,M Vijay,MEK Hussey,P Kumar,0,0,,,,,,,,,
548371,2012,2012-05-17,Himachal Pradesh Cricket Association Stadium,1,0.6,Chennai Super Kings,Kings XI Punjab,M Vijay,MEK Hussey,P Kumar,0,0,,,,,,,,,
548371,2012,2012-05-17,Himachal Pradesh Cricket Association Stadium,1,1.1,Chennai Super Kings,Kings XI Punjab,MEK Hussey,M Vijay,RJ Harris,4,0,,,,,,,,,
548371,2012,2012-05-17,Himachal Pradesh Cricket Association Stadium,1,1.2,Chennai Super Kings,Kings XI Punjab,MEK Hussey,M Vijay,RJ Harris,0,1,,,,1,,,,,
548371,2012,2012-05-17,Himachal Pradesh Cricket Association Stadium,1,1.3,Chennai Super Kings,Kings XI Punjab,M Vijay,MEK Hussey,RJ Harris,0,0,,,,,,,,,
548371,2012,2012-05-17,Himachal Pradesh Cricket Association Stadium,1,1.4,Chennai Super Kings,Kings XI Punjab,M Vijay,MEK Hussey,RJ Harris,0,0,,,,,,,,,
548371,2012,2012-05-17,Himachal Pradesh Cricket Association Stadium,1,1.5,Chennai Super Kings,Kings XI Punjab,M Vijay,MEK Hussey,RJ Harris,1,0,,,,,,,,,
548371,2012,2012-05-17,Himachal Pradesh Cricket Association Stadium,1,1.6,Chennai Super Kings,Kings XI Punjab,MEK Hussey,M Vijay,RJ Harris,0,1,1,,,,,,,,
548371,2012,2012-05-17,Himachal Pradesh Cricket Association Stadium,1,1.7,Chennai Super Kings,Kings XI Punjab,MEK Hussey,M Vijay,RJ Harris,0,0,,,,,,,,,
548371,2012,2012-05-17,Himachal Pradesh Cricket Association Stadium,1,2.1,Chennai Super Kings,Kings XI Punjab,M Vijay,MEK Hussey,P Kumar,0,0,,,,,,,,,
548371,2012,2012-05-17,Himachal Pradesh Cricket Association Stadium,1,2.2,Chennai Super Kings,Kings XI Punjab,M Vijay,MEK Hussey,P Kumar,4,0,,,,,,,,,
548371,2012,2012-05-17,Himachal Pradesh Cricket Association Stadium,1,2.3,Chennai Super Kings,Kings XI Punjab,M Vijay,MEK Hussey,P Kumar,0,0,,,,,,,,,
548371,2012,2012-05-17,Himachal Pradesh Cricket Association Stadium,1,2.4,Chennai Super Kings,Kings XI Punjab,M Vijay,MEK Hussey,P Kumar,1,0,,,,,,,,,
548371,2012,2012-05-17,Himachal Pradesh Cricket Association Stadium,1,2.5,Chennai Super Kings,Kings XI Punjab,MEK Hussey,M Vijay,P Kumar,1,0,,,,,,,,,
548371,2012,2012-05-17,Himachal Pradesh Cricket Association Stadium,1,2.6,Chennai Super Kings,Kings XI Punjab,M Vijay,MEK Hussey,P Kumar,0,0,,,,,,caught,M Vijay,,
548371,2012,2012-05-17,Himachal Pradesh Cricket Association Stadium,1,3.1,Chennai Super Kings,Kings XI Punjab,MEK Hussey,SK Raina,RJ Harris,0,0,,,,,,,,,
548371,2012,2012-05-17,Himachal Pradesh Cricket Association Stadium,1,3.2,Chennai Super Kings,Kings XI Punjab,MEK Hussey,SK Raina,RJ Harris,0,0,,,,,,,,,
548371,2012,2012-05-17,Himachal Pradesh Cricket Association Stadium,1,3.3,Chennai Super Kings,Kings XI Punjab,MEK Hussey,SK Raina,RJ Harris,0,0,,,,,,,,,
548371,2012,2012-05-17,Himachal Pradesh Cricket Association Stadium,1,3.4,Chennai Super Kings,Kings XI Punjab,MEK Hussey,SK Raina,RJ Harris,1,0,,,,,,,,,
548371,2012,2012-05-17,Himachal Pradesh Cricket Association Stadium,1,3.5,Chennai Super Kings,Kings XI Punjab,SK Raina,MEK Hussey,RJ Harris,0,0,,,,,,,,,
548371,2012,2012-05-17,Himachal Pradesh Cricket Association Stadium,1,3.6,Chennai Super Kings,Kings XI Punjab,SK Raina,MEK Hussey,RJ Harris,0,0,,,,,,,,,
548371,2012,2012-05-17,Himachal Pradesh Cricket Association Stadium,1,4.1,Chennai Super Kings,Kings XI Punjab,MEK Hussey,SK Raina,P Kumar,1,0,,,,,,,,,
548371,2012,2012-05-17,Himachal Pradesh Cricket Association Stadium,1,4.2,Chennai Super Kings,Kings XI Punjab,SK Raina,MEK Hussey,P Kumar,1,0,,,,,,,,,
548371,2012,2012-05-17,Himachal Pradesh Cricket Association Stadium,1,4.3,Chennai Super Kings,Kings XI Punjab,MEK Hussey,SK Raina,P Kumar,0,0,,,,,,caught,MEK Hussey,,
548371,2012,2012-05-17,Himachal Pradesh Cricket Association Stadium,1,4.4,Chennai Super Kings,Kings XI Punjab,MS Dhoni,SK Raina,P Kumar,0,0,,,,,,,,,
548371,2012,2012-05-17,Himachal Pradesh Cricket Association Stadium,1,4.5,Chennai Super Kings,Kings XI Punjab,MS Dhoni,SK Raina,P Kumar,4,0,,,,,,,,,
548371,2012,2012-05-17,Himachal Pradesh Cricket Association Stadium,1,4.6,Chennai Super Kings,Kings XI Punjab,MS Dhoni,SK Raina,P Kumar,0,0,,,,,,,,,
548371,2012,2012-05-17,Himachal Pradesh Cricket Association Stadium,1,5.1,Chennai Super Kings,Kings XI Punjab,SK Raina,MS Dhoni,Azhar Mahmood,0,0,,,,,,,,,
548371,2012,2012-05-17,Himachal Pradesh Cricket Association Stadium,1,5.2,Chennai Super Kings,Kings XI Punjab,SK Raina,MS Dhoni,Azhar Mahmood,0,0,,,,,,,,,
548371,2012,2012-05-17,Himachal Pradesh Cricket Association Stadium,1,5.3,Chennai Super Kings,Kings XI Punjab,SK Raina,MS Dhoni,Azhar Mahmood,0,0,,,,,,,,,
548371,2012,2012-05-17,Himachal Pradesh Cricket Association Stadium,1,5.4,Chennai Super Kings,Kings XI Punjab,SK Raina,MS Dhoni,Azhar Mahmood,1,0,,,,,,,,,
548371,2012,2012-05-17,Himachal Pradesh Cricket Association Stadium,1,5.5,Chennai Super Kings,Kings XI Punjab,MS Dhoni,SK Raina,Azhar Mahmood,0,0,,,,,,,,,
548371,2012,2012-05-17,Himachal Pradesh Cricket Association Stadium,1,5.6,Chennai Super Kings,Kings XI Punjab,MS Dhoni,SK Raina,Azhar Mahmood,0,0,,,,,,,,,
548371,2012,2012-05-17,Himachal Pradesh Cricket Association Stadium,1,6.1,Chennai Super Kings,Kings XI Punjab,SK Raina,MS Dhoni,P Kumar,1,0,,,,,,,,,
548371,2012,2012-05-17,Himachal Pradesh Cricket Association Stadium,1,6.2,Chennai Super Kings,Kings XI Punjab,MS Dhoni,SK Raina,P Kumar,0,0,,,,,,,,,
548371,2012,2012-05-17,Himachal Pradesh Cricket Association Stadium,1,6.3,Chennai Super Kings,Kings XI Punjab,MS Dhoni,SK Raina,P Kumar,0,0,,,,,,,,,
548371,2012,2012-05-17,Himachal Pradesh Cricket Association Stadium,1,6.4,Chennai Super Kings,Kings XI Punjab,MS Dhoni,SK Raina,P Kumar,0,0,,,,,,,,,
548371,2012,2012-05-17,Himachal Pradesh Cricket Association Stadium,1,6.5,Chennai Super Kings,Kings XI Punjab,MS Dhoni,SK Raina,P Kumar,1,0,,,,,,,,,
548371,2012,2012-05-17,Himachal Pradesh Cricket Association Stadium,1,6.6,Chennai Super Kings,Kings XI Punjab,SK Raina,MS Dhoni,P Kumar,0,1,,,,1,,,,,
548371,2012,2012-05-17,Himachal Pradesh Cricket Association Stadium,1,7.1,Chennai Super Kings,Kings XI Punjab,SK Raina,MS Dhoni,Azhar Mahmood,6,0,,,,,,,,,
548371,2012,2012-05-17,Himachal Pradesh Cricket Association Stadium,1,7.2,Chennai Super Kings,Kings XI Punjab,SK Raina,MS Dhoni,Azhar Mahmood,6,0,,,,,,,,,
548371,2012,2012-05-17,Himachal Pradesh Cricket Association Stadium,1,7.3,Chennai Super Kings,Kings XI Punjab,SK Raina,MS Dhoni,Azhar Mahmood,2,0,,,,,,,,,
548371,2012,2012-05-17,Himachal Pradesh Cricket Association Stadium,1,7.4,Chennai Super Kings,Kings XI Punjab,SK Raina,MS Dhoni,Azhar Mahmood,0,0,,,,,,caught,SK Raina,,
548371,2012,2012-05-17,Himachal Pradesh Cricket Association Stadium,1,7.5,Chennai Super Kings,Kings XI Punjab,DJ Bravo,MS Dhoni,Azhar Mahmood,0,0,,,,,,,,,
548371,2012,2012-05-17,Himachal Pradesh Cricket Association Stadium,1,7.6,Chennai Super Kings,Kings XI Punjab,DJ Bravo,MS Dhoni,Azhar Mahmood,0,0,,,,,,,,,
548371,2012,2012-05-17,Himachal Pradesh Cricket Association Stadium,1,8.1,Chennai Super Kings,Kings XI Punjab,MS Dhoni,DJ Bravo,P Awana,0,0,,,,,,,,,
548371,2012,2012-05-17,Himachal Pradesh Cricket Association Stadium,1,8.2,Chennai Super Kings,Kings XI Punjab,MS Dhoni,DJ Bravo,P Awana,1,0,,,,,,,,,
548371,2012,2012-05-17,Himachal Pradesh Cricket Association Stadium,1,8.3,Chennai Super Kings,Kings XI Punjab,DJ Bravo,MS Dhoni,P Awana,1,0,,,,,,,,,
548371,2012,2012-05-17,Himachal Pradesh Cricket Association Stadium,1,8.4,Chennai Super Kings,Kings XI Punjab,MS Dhoni,DJ Bravo,P Awana,0,0,,,,,,,,,
548371,2012,2012-05-17,Himachal Pradesh Cricket Association Stadium,1,8.5,Chennai Super Kings,Kings XI Punjab,MS Dhoni,DJ Bravo,P Awana,0,0,,,,,,,,,
548371,2012,2012-05-17,Himachal Pradesh Cricket Association Stadium,1,8.6,Chennai Super Kings,Kings XI Punjab,MS Dhoni,DJ Bravo,P Awana,0,0,,,,,,,,,
548371,2012,2012-05-17,Himachal Pradesh Cricket Association Stadium,1,9.1,Chennai Super Kings,Kings XI Punjab,DJ Bravo,MS Dhoni,Azhar Mahmood,0,0,,,,,,,,,
548371,2012,2012-05-17,Himachal Pradesh Cricket Association Stadium,1,9.2,Chennai Super Kings,Kings XI Punjab,DJ Bravo,MS Dhoni,Azhar Mahmood,0,0,,,,,,,,,
548371,2012,2012-05-17,Himachal Pradesh Cricket Association Stadium,1,9.3,Chennai Super Kings,Kings XI Punjab,DJ Bravo,MS Dhoni,Azhar Mahmood,0,0,,,,,,,,,
548371,2012,2012-05-17,Himachal Pradesh Cricket Association Stadium,1,9.4,Chennai Super Kings,Kings XI Punjab,DJ Bravo,MS Dhoni,Azhar Mahmood,0,0,,,,,,,,,
548371,2012,2012-05-17,Himachal Pradesh Cricket Association Stadium,1,9.5,Chennai Super Kings,Kings XI Punjab,DJ Bravo,MS Dhoni,Azhar Mahmood,1,0,,,,,,,,,
548371,2012,2012-05-17,Himachal Pradesh Cricket Association Stadium,1,9.6,Chennai Super Kings,Kings XI Punjab,MS Dhoni,DJ Bravo,Azhar Mahmood,0,0,,,,,,,,,
548371,2012,2012-05-17,Himachal Pradesh Cricket Association Stadium,1,10.1,Chennai Super Kings,Kings XI Punjab,DJ Bravo,MS Dhoni,P Awana,1,0,,,,,,,,,
548371,2012,2012-05-17,Himachal Pradesh Cricket Association Stadium,1,10.2,Chennai Super Kings,Kings XI Punjab,MS Dhoni,DJ Bravo,P Awana,0,0,,,,,,caught,MS Dhoni,,
548371,2012,2012-05-17,Himachal Pradesh Cricket Association Stadium,1,10.3,Chennai Super Kings,Kings XI Punjab,DJ Bravo,RA Jadeja,P Awana,0,0,,,,,,,,,
548371,2012,2012-05-17,Himachal Pradesh Cricket Association Stadium,1,10.4,Chennai Super Kings,Kings XI Punjab,DJ Bravo,RA Jadeja,P Awana,0,0,,,,,,,,,
548371,2012,2012-05-17,Himachal Pradesh Cricket Association Stadium,1,10.5,Chennai Super Kings,Kings XI Punjab,DJ Bravo,RA Jadeja,P Awana,0,0,,,,,,,,,
548371,2012,2012-05-17,Himachal Pradesh Cricket Association Stadium,1,10.6,Chennai Super Kings,Kings XI Punjab,DJ Bravo,RA Jadeja,P Awana,0,0,,,,,,,,,
548371,2012,2012-05-17,Himachal Pradesh Cricket Association Stadium,1,11.1,Chennai Super Kings,Kings XI Punjab,RA Jadeja,DJ Bravo,RJ Harris,4,0,,,,,,,,,
548371,2012,2012-05-17,Himachal Pradesh Cricket Association Stadium,1,11.2,Chennai Super Kings,Kings XI Punjab,RA Jadeja,DJ Bravo,RJ Harris,4,0,,,,,,,,,
548371,2012,2012-05-17,Himachal Pradesh Cricket Association Stadium,1,11.3,Chennai Super Kings,Kings XI Punjab,RA Jadeja,DJ Bravo,RJ Harris,0,0,,,,,,,,,
548371,2012,2012-05-17,Himachal Pradesh Cricket Association Stadium,1,11.4,Chennai Super Kings,Kings XI Punjab,RA Jadeja,DJ Bravo,RJ Harris,1,0,,,,,,,,,
548371,2012,2012-05-17,Himachal Pradesh Cricket Association Stadium,1,11.5,Chennai Super Kings,Kings XI Punjab,DJ Bravo,RA Jadeja,RJ Harris,0,0,,,,,,,,,
548371,2012,2012-05-17,Himachal Pradesh Cricket Association Stadium,1,11.6,Chennai Super Kings,Kings XI Punjab,DJ Bravo,RA Jadeja,RJ Harris,2,0,,,,,,,,,
548371,2012,2012-05-17,Himachal Pradesh Cricket Association Stadium,1,12.1,Chennai Super Kings,Kings XI Punjab,RA Jadeja,DJ Bravo,DJ Hussey,0,0,,,,,,,,,
548371,2012,2012-05-17,Himachal Pradesh Cricket Association Stadium,1,12.2,Chennai Super Kings,Kings XI Punjab,RA Jadeja,DJ Bravo,DJ Hussey,0,0,,,,,,,,,
548371,2012,2012-05-17,Himachal Pradesh Cricket Association Stadium,1,12.3,Chennai Super Kings,Kings XI Punjab,RA Jadeja,DJ Bravo,DJ Hussey,0,0,,,,,,,,,
548371,2012,2012-05-17,Himachal Pradesh Cricket Association Stadium,1,12.4,Chennai Super Kings,Kings XI Punjab,RA Jadeja,DJ Bravo,DJ Hussey,0,0,,,,,,,,,
548371,2012,2012-05-17,Himachal Pradesh Cricket Association Stadium,1,12.5,Chennai Super Kings,Kings XI Punjab,RA Jadeja,DJ Bravo,DJ Hussey,1,0,,,,,,,,,
548371,2012,2012-05-17,Himachal Pradesh Cricket Association Stadium,1,12.6,Chennai Super Kings,Kings XI Punjab,DJ Bravo,RA Jadeja,DJ Hussey,1,0,,,,,,,,,
548371,2012,2012-05-17,Himachal Pradesh Cricket Association Stadium,1,13.1,Chennai Super Kings,Kings XI Punjab,DJ Bravo,RA Jadeja,PP Chawla,6,0,,,,,,,,,
548371,2012,2012-05-17,Himachal Pradesh Cricket Association Stadium,1,13.2,Chennai Super Kings,Kings XI Punjab,DJ Bravo,RA Jadeja,PP Chawla,4,0,,,,,,,,,
548371,2012,2012-05-17,Himachal Pradesh Cricket Association Stadium,1,13.3,Chennai Super Kings,Kings XI Punjab,DJ Bravo,RA Jadeja,PP Chawla,0,0,,,,,,,,,
548371,2012,2012-05-17,Himachal Pradesh Cricket Association Stadium,1,13.4,Chennai Super Kings,Kings XI Punjab,DJ Bravo,RA Jadeja,PP Chawla,0,0,,,,,,,,,
548371,2012,2012-05-17,Himachal Pradesh Cricket Association Stadium,1,13.5,Chennai Super Kings,Kings XI Punjab,DJ Bravo,RA Jadeja,PP Chawla,1,0,,,,,,,,,
548371,2012,2012-05-17,Himachal Pradesh Cricket Association Stadium,1,13.6,Chennai Super Kings,Kings XI Punjab,RA Jadeja,DJ Bravo,PP Chawla,1,0,,,,,,,,,
548371,2012,2012-05-17,Himachal Pradesh Cricket Association Stadium,1,14.1,Chennai Super Kings,Kings XI Punjab,RA Jadeja,DJ Bravo,DJ Hussey,1,0,,,,,,,,,
548371,2012,2012-05-17,Himachal Pradesh Cricket Association Stadium,1,14.2,Chennai Super Kings,Kings XI Punjab,DJ Bravo,RA Jadeja,DJ Hussey,2,0,,,,,,,,,
548371,2012,2012-05-17,Himachal Pradesh Cricket Association Stadium,1,14.3,Chennai Super Kings,Kings XI Punjab,DJ Bravo,RA Jadeja,DJ Hussey,1,0,,,,,,,,,
548371,2012,2012-05-17,Himachal Pradesh Cricket Association Stadium,1,14.4,Chennai Super Kings,Kings XI Punjab,RA Jadeja,DJ Bravo,DJ Hussey,1,0,,,,,,,,,
548371,2012,2012-05-17,Himachal Pradesh Cricket Association Stadium,1,14.5,Chennai Super Kings,Kings XI Punjab,DJ Bravo,RA Jadeja,DJ Hussey,1,0,,,,,,,,,
548371,2012,2012-05-17,Himachal Pradesh Cricket Association Stadium,1,14.6,Chennai Super Kings,Kings XI Punjab,RA Jadeja,DJ Bravo,DJ Hussey,0,0,,,,,,,,,
548371,2012,2012-05-17,Himachal Pradesh Cricket Association Stadium,1,15.1,Chennai Super Kings,Kings XI Punjab,DJ Bravo,RA Jadeja,P Awana,0,0,,,,,,,,,
548371,2012,2012-05-17,Himachal Pradesh Cricket Association Stadium,1,15.2,Chennai Super Kings,Kings XI Punjab,DJ Bravo,RA Jadeja,P Awana,0,0,,,,,,,,,
548371,2012,2012-05-17,Himachal Pradesh Cricket Association Stadium,1,15.3,Chennai Super Kings,Kings XI Punjab,DJ Bravo,RA Jadeja,P Awana,1,0,,,,,,,,,
548371,2012,2012-05-17,Himachal Pradesh Cricket Association Stadium,1,15.4,Chennai Super Kings,Kings XI Punjab,RA Jadeja,DJ Bravo,P Awana,0,0,,,,,,caught,RA Jadeja,,
548371,2012,2012-05-17,Himachal Pradesh Cricket Association Stadium,1,15.5,Chennai Super Kings,Kings XI Punjab,DJ Bravo,JA Morkel,P Awana,0,0,,,,,,,,,
548371,2012,2012-05-17,Himachal Pradesh Cricket Association Stadium,1,15.6,Chennai Super Kings,Kings XI Punjab,DJ Bravo,JA Morkel,P Awana,0,0,,,,,,,,,
548371,2012,2012-05-17,Himachal Pradesh Cricket Association Stadium,1,16.1,Chennai Super Kings,Kings XI Punjab,JA Morkel,DJ Bravo,DJ Hussey,1,0,,,,,,,,,
548371,2012,2012-05-17,Himachal Pradesh Cricket Association Stadium,1,16.2,Chennai Super Kings,Kings XI Punjab,DJ Bravo,JA Morkel,DJ Hussey,6,0,,,,,,,,,
548371,2012,2012-05-17,Himachal Pradesh Cricket Association Stadium,1,16.3,Chennai Super Kings,Kings XI Punjab,DJ Bravo,JA Morkel,DJ Hussey,6,0,,,,,,,,,
548371,2012,2012-05-17,Himachal Pradesh Cricket Association Stadium,1,16.4,Chennai Super Kings,Kings XI Punjab,DJ Bravo,JA Morkel,DJ Hussey,1,0,,,,,,,,,
548371,2012,2012-05-17,Himachal Pradesh Cricket Association Stadium,1,16.5,Chennai Super Kings,Kings XI Punjab,JA Morkel,DJ Bravo,DJ Hussey,1,0,,,,,,,,,
548371,2012,2012-05-17,Himachal Pradesh Cricket Association Stadium,1,16.6,Chennai Super Kings,Kings XI Punjab,DJ Bravo,JA Morkel,DJ Hussey,0,0,,,,,,,,,
548371,2012,2012-05-17,Himachal Pradesh Cricket Association Stadium,1,17.1,Chennai Super Kings,Kings XI Punjab,JA Morkel,DJ Bravo,P Awana,1,0,,,,,,,,,
548371,2012,2012-05-17,Himachal Pradesh Cricket Association Stadium,1,17.2,Chennai Super Kings,Kings XI Punjab,DJ Bravo,JA Morkel,P Awana,1,0,,,,,,,,,
548371,2012,2012-05-17,Himachal Pradesh Cricket Association Stadium,1,17.3,Chennai Super Kings,Kings XI Punjab,JA Morkel,DJ Bravo,P Awana,1,0,,,,,,,,,
548371,2012,2012-05-17,Himachal Pradesh Cricket Association Stadium,1,17.4,Chennai Super Kings,Kings XI Punjab,DJ Bravo,JA Morkel,P Awana,0,0,,,,,,,,,
548371,2012,2012-05-17,Himachal Pradesh Cricket Association Stadium,1,17.5,Chennai Super Kings,Kings XI Punjab,DJ Bravo,JA Morkel,P Awana,4,0,,,,,,,,,
548371,2012,2012-05-17,Himachal Pradesh Cricket Association Stadium,1,17.6,Chennai Super Kings,Kings XI Punjab,DJ Bravo,JA Morkel,P Awana,1,0,,,,,,,,,
548371,2012,2012-05-17,Himachal Pradesh Cricket Association Stadium,1,18.1,Chennai Super Kings,Kings XI Punjab,DJ Bravo,JA Morkel,Azhar Mahmood,1,0,,,,,,,,,
548371,2012,2012-05-17,Himachal Pradesh Cricket Association Stadium,1,18.2,Chennai Super Kings,Kings XI Punjab,JA Morkel,DJ Bravo,Azhar Mahmood,4,0,,,,,,,,,
548371,2012,2012-05-17,Himachal Pradesh Cricket Association Stadium,1,18.3,Chennai Super Kings,Kings XI Punjab,JA Morkel,DJ Bravo,Azhar Mahmood,6,0,,,,,,,,,
548371,2012,2012-05-17,Himachal Pradesh Cricket Association Stadium,1,18.4,Chennai Super Kings,Kings XI Punjab,JA Morkel,DJ Bravo,Azhar Mahmood,0,0,,,,,,,,,
548371,2012,2012-05-17,Himachal Pradesh Cricket Association Stadium,1,18.5,Chennai Super Kings,Kings XI Punjab,JA Morkel,DJ Bravo,Azhar Mahmood,0,0,,,,,,caught,JA Morkel,,
548371,2012,2012-05-17,Himachal Pradesh Cricket Association Stadium,1,18.6,Chennai Super Kings,Kings XI Punjab,DJ Bravo,S Anirudha,Azhar Mahmood,1,0,,,,,,,,,
548371,2012,2012-05-17,Himachal Pradesh Cricket Association Stadium,1,19.1,Chennai Super Kings,Kings XI Punjab,DJ Bravo,S Anirudha,RJ Harris,2,0,,,,,,,,,
548371,2012,2012-05-17,Himachal Pradesh Cricket Association Stadium,1,19.2,Chennai Super Kings,Kings XI Punjab,DJ Bravo,S Anirudha,RJ Harris,2,0,,,,,,,,,
548371,2012,2012-05-17,Himachal Pradesh Cricket Association Stadium,1,19.3,Chennai Super Kings,Kings XI Punjab,DJ Bravo,S Anirudha,RJ Harris,1,0,,,,,,,,,
548371,2012,2012-05-17,Himachal Pradesh Cricket Association Stadium,1,19.4,Chennai Super Kings,Kings XI Punjab,S Anirudha,DJ Bravo,RJ Harris,1,0,,,,,,,,,
548371,2012,2012-05-17,Himachal Pradesh Cricket Association Stadium,1,19.5,Chennai Super Kings,Kings XI Punjab,DJ Bravo,S Anirudha,RJ Harris,0,0,,,,,,caught,DJ Bravo,,
548371,2012,2012-05-17,Himachal Pradesh Cricket Association Stadium,1,19.6,Chennai Super Kings,Kings XI Punjab,R Ashwin,S Anirudha,RJ Harris,0,1,,,1,,,,,,
548371,2012,2012-05-17,Himachal Pradesh Cricket Association Stadium,2,0.1,Kings XI Punjab,Chennai Super Kings,AC Gilchrist,Mandeep Singh,BW Hilfenhaus,1,0,,,,,,,,,
548371,2012,2012-05-17,Himachal Pradesh Cricket Association Stadium,2,0.2,Kings XI Punjab,Chennai Super Kings,Mandeep Singh,AC Gilchrist,BW Hilfenhaus,0,0,,,,,,,,,
548371,2012,2012-05-17,Himachal Pradesh Cricket Association Stadium,2,0.3,Kings XI Punjab,Chennai Super Kings,Mandeep Singh,AC Gilchrist,BW Hilfenhaus,0,0,,,,,,,,,
548371,2012,2012-05-17,Himachal Pradesh Cricket Association Stadium,2,0.4,Kings XI Punjab,Chennai Super Kings,Mandeep Singh,AC Gilchrist,BW Hilfenhaus,4,0,,,,,,,,,
548371,2012,2012-05-17,Himachal Pradesh Cricket Association Stadium,2,0.5,Kings XI Punjab,Chennai Super Kings,Mandeep Singh,AC Gilchrist,BW Hilfenhaus,0,0,,,,,,,,,
548371,2012,2012-05-17,Himachal Pradesh Cricket Association Stadium,2,0.6,Kings XI Punjab,Chennai Super Kings,Mandeep Singh,AC Gilchrist,BW Hilfenhaus,4,0,,,,,,,,,
548371,2012,2012-05-17,Himachal Pradesh Cricket Association Stadium,2,1.1,Kings XI Punjab,Chennai Super Kings,AC Gilchrist,Mandeep Singh,JA Morkel,0,1,1,,,,,,,,
548371,2012,2012-05-17,Himachal Pradesh Cricket Association Stadium,2,1.2,Kings XI Punjab,Chennai Super Kings,AC Gilchrist,Mandeep Singh,JA Morkel,0,1,1,,,,,,,,
548371,2012,2012-05-17,Himachal Pradesh Cricket Association Stadium,2,1.3,Kings XI Punjab,Chennai Super Kings,AC Gilchrist,Mandeep Singh,JA Morkel,0,0,,,,,,,,,
548371,2012,2012-05-17,Himachal Pradesh Cricket Association Stadium,2,1.4,Kings XI Punjab,Chennai Super Kings,AC Gilchrist,Mandeep Singh,JA Morkel,4,0,,,,,,,,,
548371,2012,2012-05-17,Himachal Pradesh Cricket Association Stadium,2,1.5,Kings XI Punjab,Chennai Super Kings,AC Gilchrist,Mandeep Singh,JA Morkel,4,0,,,,,,,,,
548371,2012,2012-05-17,Himachal Pradesh Cricket Association Stadium,2,1.6,Kings XI Punjab,Chennai Super Kings,AC Gilchrist,Mandeep Singh,JA Morkel,0,0,,,,,,,,,
548371,2012,2012-05-17,Himachal Pradesh Cricket Association Stadium,2,1.7,Kings XI Punjab,Chennai Super Kings,AC Gilchrist,Mandeep Singh,JA Morkel,0,1,,,,1,,,,,
548371,2012,2012-05-17,Himachal Pradesh Cricket Association Stadium,2,1.8,Kings XI Punjab,Chennai Super Kings,Mandeep Singh,AC Gilchrist,JA Morkel,1,0,,,,,,,,,
548371,2012,2012-05-17,Himachal Pradesh Cricket Association Stadium,2,2.1,Kings XI Punjab,Chennai Super Kings,Mandeep Singh,AC Gilchrist,BW Hilfenhaus,0,0,,,,,,,,,
548371,2012,2012-05-17,Himachal Pradesh Cricket Association Stadium,2,2.2,Kings XI Punjab,Chennai Super Kings,Mandeep Singh,AC Gilchrist,BW Hilfenhaus,0,0,,,,,,,,,
548371,2012,2012-05-17,Himachal Pradesh Cricket Association Stadium,2,2.3,Kings XI Punjab,Chennai Super Kings,Mandeep Singh,AC Gilchrist,BW Hilfenhaus,0,1,,,,1,,,,,
548371,2012,2012-05-17,Himachal Pradesh Cricket Association Stadium,2,2.4,Kings XI Punjab,Chennai Super Kings,AC Gilchrist,Mandeep Singh,BW Hilfenhaus,4,0,,,,,,,,,
548371,2012,2012-05-17,Himachal Pradesh Cricket Association Stadium,2,2.5,Kings XI Punjab,Chennai Super Kings,AC Gilchrist,Mandeep Singh,BW Hilfenhaus,0,0,,,,,,,,,
548371,2012,2012-05-17,Himachal Pradesh Cricket Association Stadium,2,2.6,Kings XI Punjab,Chennai Super Kings,AC Gilchrist,Mandeep Singh,BW Hilfenhaus,0,0,,,,,,,,,
548371,2012,2012-05-17,Himachal Pradesh Cricket Association Stadium,2,3.1,Kings XI Punjab,Chennai Super Kings,Mandeep Singh,AC Gilchrist,R Ashwin,4,0,,,,,,,,,
548371,2012,2012-05-17,Himachal Pradesh Cricket Association Stadium,2,3.2,Kings XI Punjab,Chennai Super Kings,Mandeep Singh,AC Gilchrist,R Ashwin,1,0,,,,,,,,,
548371,2012,2012-05-17,Himachal Pradesh Cricket Association Stadium,2,3.3,Kings XI Punjab,Chennai Super Kings,AC Gilchrist,Mandeep Singh,R Ashwin,1,0,,,,,,,,,
548371,2012,2012-05-17,Himachal Pradesh Cricket Association Stadium,2,3.4,Kings XI Punjab,Chennai Super Kings,Mandeep Singh,AC Gilchrist,R Ashwin,0,0,,,,,,,,,
548371,2012,2012-05-17,Himachal Pradesh Cricket Association Stadium,2,3.5,Kings XI Punjab,Chennai Super Kings,Mandeep Singh,AC Gilchrist,R Ashwin,0,0,,,,,,,,,
548371,2012,2012-05-17,Himachal Pradesh Cricket Association Stadium,2,3.6,Kings XI Punjab,Chennai Super Kings,Mandeep Singh,AC Gilchrist,R Ashwin,0,0,,,,,,,,,
548371,2012,2012-05-17,Himachal Pradesh Cricket Association Stadium,2,4.1,Kings XI Punjab,Chennai Super Kings,AC Gilchrist,Mandeep Singh,BW Hilfenhaus,0,0,,,,,,,,,
548371,2012,2012-05-17,Himachal Pradesh Cricket Association Stadium,2,4.2,Kings XI Punjab,Chennai Super Kings,AC Gilchrist,Mandeep Singh,BW Hilfenhaus,1,0,,,,,,,,,
548371,2012,2012-05-17,Himachal Pradesh Cricket Association Stadium,2,4.3,Kings XI Punjab,Chennai Super Kings,Mandeep Singh,AC Gilchrist,BW Hilfenhaus,1,0,,,,,,,,,
548371,2012,2012-05-17,Himachal Pradesh Cricket Association Stadium,2,4.4,Kings XI Punjab,Chennai Super Kings,AC Gilchrist,Mandeep Singh,BW Hilfenhaus,0,0,,,,,,,,,
548371,2012,2012-05-17,Himachal Pradesh Cricket Association Stadium,2,4.5,Kings XI Punjab,Chennai Super Kings,AC Gilchrist,Mandeep Singh,BW Hilfenhaus,0,0,,,,,,,,,
548371,2012,2012-05-17,Himachal Pradesh Cricket Association Stadium,2,4.6,Kings XI Punjab,Chennai Super Kings,AC Gilchrist,Mandeep Singh,BW Hilfenhaus,0,0,,,,,,,,,
548371,2012,2012-05-17,Himachal Pradesh Cricket Association Stadium,2,5.1,Kings XI Punjab,Chennai Super Kings,Mandeep Singh,AC Gilchrist,R Ashwin,1,0,,,,,,,,,
548371,2012,2012-05-17,Himachal Pradesh Cricket Association Stadium,2,5.2,Kings XI Punjab,Chennai Super Kings,AC Gilchrist,Mandeep Singh,R Ashwin,4,0,,,,,,,,,
548371,2012,2012-05-17,Himachal Pradesh Cricket Association Stadium,2,5.3,Kings XI Punjab,Chennai Super Kings,AC Gilchrist,Mandeep Singh,R Ashwin,0,0,,,,,,,,,
548371,2012,2012-05-17,Himachal Pradesh Cricket Association Stadium,2,5.4,Kings XI Punjab,Chennai Super Kings,AC Gilchrist,Mandeep Singh,R Ashwin,0,0,,,,,,,,,
548371,2012,2012-05-17,Himachal Pradesh Cricket Association Stadium,2,5.5,Kings XI Punjab,Chennai Super Kings,AC Gilchrist,Mandeep Singh,R Ashwin,0,0,,,,,,,,,
548371,2012,2012-05-17,Himachal Pradesh Cricket Association Stadium,2,5.6,Kings XI Punjab,Chennai Super Kings,AC Gilchrist,Mandeep Singh,R Ashwin,4,0,,,,,,,,,
548371,2012,2012-05-17,Himachal Pradesh Cricket Association Stadium,2,6.1,Kings XI Punjab,Chennai Super Kings,Mandeep Singh,AC Gilchrist,JA Morkel,0,0,,,,,,,,,
548371,2012,2012-05-17,Himachal Pradesh Cricket Association Stadium,2,6.2,Kings XI Punjab,Chennai Super Kings,Mandeep Singh,AC Gilchrist,JA Morkel,4,0,,,,,,,,,
548371,2012,2012-05-17,Himachal Pradesh Cricket Association Stadium,2,6.3,Kings XI Punjab,Chennai Super Kings,Mandeep Singh,AC Gilchrist,JA Morkel,4,0,,,,,,,,,
548371,2012,2012-05-17,Himachal Pradesh Cricket Association Stadium,2,6.4,Kings XI Punjab,Chennai Super Kings,Mandeep Singh,AC Gilchrist,JA Morkel,0,0,,,,,,,,,
548371,2012,2012-05-17,Himachal Pradesh Cricket Association Stadium,2,6.5,Kings XI Punjab,Chennai Super Kings,Mandeep Singh,AC Gilchrist,JA Morkel,0,0,,,,,,bowled,Mandeep Singh,,
548371,2012,2012-05-17,Himachal Pradesh Cricket Association Stadium,2,6.6,Kings XI Punjab,Chennai Super Kings,N Saini,AC Gilchrist,JA Morkel,0,0,,,,,,,,,
548371,2012,2012-05-17,Himachal Pradesh Cricket Association Stadium,2,7.1,Kings XI Punjab,Chennai Super Kings,AC Gilchrist,N Saini,R Ashwin,2,0,,,,,,,,,
548371,2012,2012-05-17,Himachal Pradesh Cricket Association Stadium,2,7.2,Kings XI Punjab,Chennai Super Kings,AC Gilchrist,N Saini,R Ashwin,0,0,,,,,,,,,
548371,2012,2012-05-17,Himachal Pradesh Cricket Association Stadium,2,7.3,Kings XI Punjab,Chennai Super Kings,AC Gilchrist,N Saini,R Ashwin,0,0,,,,,,,,,
548371,2012,2012-05-17,Himachal Pradesh Cricket Association Stadium,2,7.4,Kings XI Punjab,Chennai Super Kings,AC Gilchrist,N Saini,R Ashwin,0,0,,,,,,,,,
548371,2012,2012-05-17,Himachal Pradesh Cricket Association Stadium,2,7.5,Kings XI Punjab,Chennai Super Kings,AC Gilchrist,N Saini,R Ashwin,1,0,,,,,,,,,
548371,2012,2012-05-17,Himachal Pradesh Cricket Association Stadium,2,7.6,Kings XI Punjab,Chennai Super Kings,N Saini,AC Gilchrist,R Ashwin,1,0,,,,,,,,,
548371,2012,2012-05-17,Himachal Pradesh Cricket Association Stadium,2,8.1,Kings XI Punjab,Chennai Super Kings,N Saini,AC Gilchrist,DJ Bravo,0,0,,,,,,,,,
548371,2012,2012-05-17,Himachal Pradesh Cricket Association Stadium,2,8.2,Kings XI Punjab,Chennai Super Kings,N Saini,AC Gilchrist,DJ Bravo,0,0,,,,,,caught,N Saini,,
548371,2012,2012-05-17,Himachal Pradesh Cricket Association Stadium,2,8.3,Kings XI Punjab,Chennai Super Kings,DJ Hussey,AC Gilchrist,DJ Bravo,0,0,,,,,,,,,
548371,2012,2012-05-17,Himachal Pradesh Cricket Association Stadium,2,8.4,Kings XI Punjab,Chennai Super Kings,DJ Hussey,AC Gilchrist,DJ Bravo,0,0,,,,,,,,,
548371,2012,2012-05-17,Himachal Pradesh Cricket Association Stadium,2,8.5,Kings XI Punjab,Chennai Super Kings,DJ Hussey,AC Gilchrist,DJ Bravo,0,0,,,,,,,,,
548371,2012,2012-05-17,Himachal Pradesh Cricket Association Stadium,2,8.6,Kings XI Punjab,Chennai Super Kings,DJ Hussey,AC Gilchrist,DJ Bravo,1,0,,,,,,,,,
548371,2012,2012-05-17,Himachal Pradesh Cricket Association Stadium,2,9.1,Kings XI Punjab,Chennai Super Kings,DJ Hussey,AC Gilchrist,R Ashwin,2,0,,,,,,,,,
548371,2012,2012-05-17,Himachal Pradesh Cricket Association Stadium,2,9.2,Kings XI Punjab,Chennai Super Kings,DJ Hussey,AC Gilchrist,R Ashwin,1,0,,,,,,,,,
548371,2012,2012-05-17,Himachal Pradesh Cricket Association Stadium,2,9.3,Kings XI Punjab,Chennai Super Kings,AC Gilchrist,DJ Hussey,R Ashwin,0,1,,,,1,,,,,
548371,2012,2012-05-17,Himachal Pradesh Cricket Association Stadium,2,9.4,Kings XI Punjab,Chennai Super Kings,DJ Hussey,AC Gilchrist,R Ashwin,1,0,,,,,,,,,
548371,2012,2012-05-17,Himachal Pradesh Cricket Association Stadium,2,9.5,Kings XI Punjab,Chennai Super Kings,AC Gilchrist,DJ Hussey,R Ashwin,4,0,,,,,,,,,
548371,2012,2012-05-17,Himachal Pradesh Cricket Association Stadium,2,9.6,Kings XI Punjab,Chennai Super Kings,AC Gilchrist,DJ Hussey,R Ashwin,0,0,,,,,,,,,
548371,2012,2012-05-17,Himachal Pradesh Cricket Association Stadium,2,10.1,Kings XI Punjab,Chennai Super Kings,DJ Hussey,AC Gilchrist,DJ Bravo,4,0,,,,,,,,,
548371,2012,2012-05-17,Himachal Pradesh Cricket Association Stadium,2,10.2,Kings XI Punjab,Chennai Super Kings,DJ Hussey,AC Gilchrist,DJ Bravo,0,0,,,,,,caught,DJ Hussey,,
548371,2012,2012-05-17,Himachal Pradesh Cricket Association Stadium,2,10.3,Kings XI Punjab,Chennai Super Kings,SD Chitnis,AC Gilchrist,DJ Bravo,1,0,,,,,,,,,
548371,2012,2012-05-17,Himachal Pradesh Cricket Association Stadium,2,10.4,Kings XI Punjab,Chennai Super Kings,AC Gilchrist,SD Chitnis,DJ Bravo,1,0,,,,,,,,,
548371,2012,2012-05-17,Himachal Pradesh Cricket Association Stadium,2,10.5,Kings XI Punjab,Chennai Super Kings,SD Chitnis,AC Gilchrist,DJ Bravo,0,0,,,,,,,,,
548371,2012,2012-05-17,Himachal Pradesh Cricket Association Stadium,2,10.6,Kings XI Punjab,Chennai Super Kings,SD Chitnis,AC Gilchrist,DJ Bravo,0,0,,,,,,,,,
548371,2012,2012-05-17,Himachal Pradesh Cricket Association Stadium,2,11.1,Kings XI Punjab,Chennai Super Kings,AC Gilchrist,SD Chitnis,JA Morkel,0,0,,,,,,,,,
548371,2012,2012-05-17,Himachal Pradesh Cricket Association Stadium,2,11.2,Kings XI Punjab,Chennai Super Kings,AC Gilchrist,SD Chitnis,JA Morkel,2,0,,,,,,,,,
548371,2012,2012-05-17,Himachal Pradesh Cricket Association Stadium,2,11.3,Kings XI Punjab,Chennai Super Kings,AC Gilchrist,SD Chitnis,JA Morkel,0,0,,,,,,,,,
548371,2012,2012-05-17,Himachal Pradesh Cricket Association Stadium,2,11.4,Kings XI Punjab,Chennai Super Kings,AC Gilchrist,SD Chitnis,JA Morkel,1,0,,,,,,,,,
548371,2012,2012-05-17,Himachal Pradesh Cricket Association Stadium,2,11.5,Kings XI Punjab,Chennai Super Kings,SD Chitnis,AC Gilchrist,JA Morkel,1,0,,,,,,,,,
548371,2012,2012-05-17,Himachal Pradesh Cricket Association Stadium,2,11.6,Kings XI Punjab,Chennai Super Kings,AC Gilchrist,SD Chitnis,JA Morkel,1,0,,,,,,,,,
548371,2012,2012-05-17,Himachal Pradesh Cricket Association Stadium,2,12.1,Kings XI Punjab,Chennai Super Kings,AC Gilchrist,SD Chitnis,VY Mahesh,0,0,,,,,,,,,
548371,2012,2012-05-17,Himachal Pradesh Cricket Association Stadium,2,12.2,Kings XI Punjab,Chennai Super Kings,AC Gilchrist,SD Chitnis,VY Mahesh,1,0,,,,,,,,,
548371,2012,2012-05-17,Himachal Pradesh Cricket Association Stadium,2,12.3,Kings XI Punjab,Chennai Super Kings,SD Chitnis,AC Gilchrist,VY Mahesh,0,0,,,,,,,,,
548371,2012,2012-05-17,Himachal Pradesh Cricket Association Stadium,2,12.4,Kings XI Punjab,Chennai Super Kings,SD Chitnis,AC Gilchrist,VY Mahesh,1,0,,,,,,,,,
548371,2012,2012-05-17,Himachal Pradesh Cricket Association Stadium,2,12.5,Kings XI Punjab,Chennai Super Kings,AC Gilchrist,SD Chitnis,VY Mahesh,1,0,,,,,,,,,
548371,2012,2012-05-17,Himachal Pradesh Cricket Association Stadium,2,12.6,Kings XI Punjab,Chennai Super Kings,SD Chitnis,AC Gilchrist,VY Mahesh,2,0,,,,,,,,,
548371,2012,2012-05-17,Himachal Pradesh Cricket Association Stadium,2,13.1,Kings XI Punjab,Chennai Super Kings,AC Gilchrist,SD Chitnis,DJ Bravo,4,0,,,,,,,,,
548371,2012,2012-05-17,Himachal Pradesh Cricket Association Stadium,2,13.2,Kings XI Punjab,Chennai Super Kings,AC Gilchrist,SD Chitnis,DJ Bravo,1,0,,,,,,,,,
548371,2012,2012-05-17,Himachal Pradesh Cricket Association Stadium,2,13.3,Kings XI Punjab,Chennai Super Kings,SD Chitnis,AC Gilchrist,DJ Bravo,1,0,,,,,,,,,
548371,2012,2012-05-17,Himachal Pradesh Cricket Association Stadium,2,13.4,Kings XI Punjab,Chennai Super Kings,AC Gilchrist,SD Chitnis,DJ Bravo,1,0,,,,,,,,,
548371,2012,2012-05-17,Himachal Pradesh Cricket Association Stadium,2,13.5,Kings XI Punjab,Chennai Super Kings,SD Chitnis,AC Gilchrist,DJ Bravo,0,0,,,,,,,,,
548371,2012,2012-05-17,Himachal Pradesh Cricket Association Stadium,2,13.6,Kings XI Punjab,Chennai Super Kings,SD Chitnis,AC Gilchrist,DJ Bravo,4,0,,,,,,,,,
548371,2012,2012-05-17,Himachal Pradesh Cricket Association Stadium,2,14.1,Kings XI Punjab,Chennai Super Kings,AC Gilchrist,SD Chitnis,VY Mahesh,4,0,,,,,,,,,
548371,2012,2012-05-17,Himachal Pradesh Cricket Association Stadium,2,14.2,Kings XI Punjab,Chennai Super Kings,AC Gilchrist,SD Chitnis,VY Mahesh,6,0,,,,,,,,,
548371,2012,2012-05-17,Himachal Pradesh Cricket Association Stadium,2,14.3,Kings XI Punjab,Chennai Super Kings,AC Gilchrist,SD Chitnis,VY Mahesh,1,0,,,,,,,,,
548371,2012,2012-05-17,Himachal Pradesh Cricket Association Stadium,2,14.4,Kings XI Punjab,Chennai Super Kings,SD Chitnis,AC Gilchrist,VY Mahesh,1,0,,,,,,,,,
548371,2012,2012-05-17,Himachal Pradesh Cricket Association Stadium,2,14.5,Kings XI Punjab,Chennai Super Kings,AC Gilchrist,SD Chitnis,VY Mahesh,4,0,,,,,,,,,
548371,2012,2012-05-17,Himachal Pradesh Cricket Association Stadium,2,14.6,Kings XI Punjab,Chennai Super Kings,AC Gilchrist,SD Chitnis,VY Mahesh,6,0,,,,,,,,,
548371,2012,2012-05-17,Himachal Pradesh Cricket Association Stadium,2,15.1,Kings XI Punjab,Chennai Super Kings,SD Chitnis,AC Gilchrist,BW Hilfenhaus,0,0,,,,,,caught,SD Chitnis,,
548371,2012,2012-05-17,Himachal Pradesh Cricket Association Stadium,2,15.2,Kings XI Punjab,Chennai Super Kings,Azhar Mahmood,AC Gilchrist,BW Hilfenhaus,4,0,,,,,,,,,
548371,2012,2012-05-17,Himachal Pradesh Cricket Association Stadium,2,15.3,Kings XI Punjab,Chennai Super Kings,Azhar Mahmood,AC Gilchrist,BW Hilfenhaus,0,0,,,,,,,,,
548371,2012,2012-05-17,Himachal Pradesh Cricket Association Stadium,2,15.4,Kings XI Punjab,Chennai Super Kings,Azhar Mahmood,AC Gilchrist,BW Hilfenhaus,0,0,,,,,,,,,
548371,2012,2012-05-17,Himachal Pradesh Cricket Association Stadium,2,15.5,Kings XI Punjab,Chennai Super Kings,Azhar Mahmood,AC Gilchrist,BW Hilfenhaus,1,0,,,,,,,,,
548371,2012,2012-05-17,Himachal Pradesh Cricket Association Stadium,2,15.6,Kings XI Punjab,Chennai Super Kings,AC Gilchrist,Azhar Mahmood,BW Hilfenhaus,0,0,,,,,,,,,
548371,2012,2012-05-17,Himachal Pradesh Cricket Association Stadium,2,16.1,Kings XI Punjab,Chennai Super Kings,Azhar Mahmood,AC Gilchrist,JA Morkel,0,0,,,,,,,,,
548371,2012,2012-05-17,Himachal Pradesh Cricket Association Stadium,2,16.2,Kings XI Punjab,Chennai Super Kings,Azhar Mahmood,AC Gilchrist,JA Morkel,0,0,,,,,,,,,
548371,2012,2012-05-17,Himachal Pradesh Cricket Association Stadium,2,16.3,Kings XI Punjab,Chennai Super Kings,Azhar Mahmood,AC Gilchrist,JA Morkel,4,0,,,,,,,,,
