match_id,season,start_date,venue,innings,ball,batting_team,bowling_team,striker,non_striker,bowler,runs_off_bat,extras,wides,noballs,byes,legbyes,penalty,wicket_type,player_dismissed,other_wicket_type,other_player_dismissed
548377,2012,2012-05-20,Sawai Mansingh Stadium,1,0.1,Rajasthan Royals,Mumbai Indians,R Dravid,AM Rahane,RP Singh,1,0,,,,,,,,,
548377,2012,2012-05-20,Sawai Mansingh Stadium,1,0.2,Rajasthan Royals,Mumbai Indians,AM Rahane,R Dravid,RP Singh,0,0,,,,,,,,,
548377,2012,2012-05-20,Sawai Mansingh Stadium,1,0.3,Rajasthan Royals,Mumbai Indians,AM Rahane,R Dravid,RP Singh,0,0,,,,,,,,,
548377,2012,2012-05-20,Sawai Mansingh Stadium,1,0.4,Rajasthan Royals,Mumbai Indians,AM Rahane,R Dravid,RP Singh,1,0,,,,,,,,,
548377,2012,2012-05-20,Sawai Mansingh Stadium,1,0.5,Rajasthan Royals,Mumbai Indians,R Dravid,AM Rahane,RP Singh,0,1,1,,,,,,,,
548377,2012,2012-05-20,Sawai Mansingh Stadium,1,0.6,Rajasthan Royals,Mumbai Indians,R Dravid,AM Rahane,RP Singh,0,0,,,,,,,,,
548377,2012,2012-05-20,Sawai Mansingh Stadium,1,0.7,Rajasthan Royals,Mumbai Indians,R Dravid,AM Rahane,RP Singh,4,0,,,,,,,,,
548377,2012,2012-05-20,Sawai Mansingh Stadium,1,1.1,Rajasthan Royals,Mumbai Indians,AM Rahane,R Dravid,DS Kulkarni,0,0,,,,,,,,,
548377,2012,2012-05-20,Sawai Mansingh Stadium,1,1.2,Rajasthan Royals,Mumbai Indians,AM Rahane,R Dravid,DS Kulkarni,0,1,1,,,,,,,,
548377,2012,2012-05-20,Sawai Mansingh Stadium,1,1.3,Rajasthan Royals,Mumbai Indians,AM Rahane,R Dravid,DS Kulkarni,1,0,,,,,,,,,
548377,2012,2012-05-20,Sawai Mansingh Stadium,1,1.4,Rajasthan Royals,Mumbai Indians,R Dravid,AM Rahane,DS Kulkarni,0,0,,,,,,,,,
548377,2012,2012-05-20,Sawai Mansingh Stadium,1,1.5,Rajasthan Royals,Mumbai Indians,R Dravid,AM Rahane,DS Kulkarni,0,0,,,,,,caught,R Dravid,,
548377,2012,2012-05-20,Sawai Mansingh Stadium,1,1.6,Rajasthan Royals,Mumbai Indians,SR Watson,AM Rahane,DS Kulkarni,0,0,,,,,,,,,
548377,2012,2012-05-20,Sawai Mansingh Stadium,1,1.7,Rajasthan Royals,Mumbai Indians,SR Watson,AM Rahane,DS Kulkarni,0,0,,,,,,,,,
548377,2012,2012-05-20,Sawai Mansingh Stadium,1,2.1,Rajasthan Royals,Mumbai Indians,AM Rahane,SR Watson,RP Singh,0,0,,,,,,,,,
548377,2012,2012-05-20,Sawai Mansingh Stadium,1,2.2,Rajasthan Royals,Mumbai Indians,AM Rahane,SR Watson,RP Singh,4,0,,,,,,,,,
548377,2012,2012-05-20,Sawai Mansingh Stadium,1,2.3,Rajasthan Royals,Mumbai Indians,AM Rahane,SR Watson,RP Singh,0,1,1,,,,,,,,
548377,2012,2012-05-20,Sawai Mansingh Stadium,1,2.4,Rajasthan Royals,Mumbai Indians,AM Rahane,SR Watson,RP Singh,4,0,,,,,,,,,
548377,2012,2012-05-20,Sawai Mansingh Stadium,1,2.5,Rajasthan Royals,Mumbai Indians,AM Rahane,SR Watson,RP Singh,0,0,,,,,,,,,
548377,2012,2012-05-20,Sawai Mansingh Stadium,1,2.6,Rajasthan Royals,Mumbai Indians,AM Rahane,SR Watson,RP Singh,0,0,,,,,,,,,
548377,2012,2012-05-20,Sawai Mansingh Stadium,1,2.7,Rajasthan Royals,Mumbai Indians,AM Rahane,SR Watson,RP Singh,0,0,,,,,,,,,
548377,2012,2012-05-20,Sawai Mansingh Stadium,1,3.1,Rajasthan Royals,Mumbai Indians,SR Watson,AM Rahane,DS Kulkarni,0,0,,,,,,,,,
548377,2012,2012-05-20,Sawai Mansingh Stadium,1,3.2,Rajasthan Royals,Mumbai Indians,SR Watson,AM Rahane,DS Kulkarni,0,0,,,,,,,,,
548377,2012,2012-05-20,Sawai Mansingh Stadium,1,3.3,Rajasthan Royals,Mumbai Indians,SR Watson,AM Rahane,DS Kulkarni,1,0,,,,,,,,,
548377,2012,2012-05-20,Sawai Mansingh Stadium,1,3.4,Rajasthan Royals,Mumbai Indians,AM Rahane,SR Watson,DS Kulkarni,1,0,,,,,,,,,
548377,2012,2012-05-20,Sawai Mansingh Stadium,1,3.5,Rajasthan Royals,Mumbai Indians,SR Watson,AM Rahane,DS Kulkarni,2,0,,,,,,,,,
548377,2012,2012-05-20,Sawai Mansingh Stadium,1,3.6,Rajasthan Royals,Mumbai Indians,SR Watson,AM Rahane,DS Kulkarni,4,0,,,,,,,,,
548377,2012,2012-05-20,Sawai Mansingh Stadium,1,4.1,Rajasthan Royals,Mumbai Indians,AM Rahane,SR Watson,SL Malinga,0,0,,,,,,,,,
548377,2012,2012-05-20,Sawai Mansingh Stadium,1,4.2,Rajasthan Royals,Mumbai Indians,AM Rahane,SR Watson,SL Malinga,1,0,,,,,,,,,
548377,2012,2012-05-20,Sawai Mansingh Stadium,1,4.3,Rajasthan Royals,Mumbai Indians,SR Watson,AM Rahane,SL Malinga,0,0,,,,,,,,,
548377,2012,2012-05-20,Sawai Mansingh Stadium,1,4.4,Rajasthan Royals,Mumbai Indians,SR Watson,AM Rahane,SL Malinga,1,0,,,,,,,,,
548377,2012,2012-05-20,Sawai Mansingh Stadium,1,4.5,Rajasthan Royals,Mumbai Indians,AM Rahane,SR Watson,SL Malinga,1,0,,,,,,,,,
548377,2012,2012-05-20,Sawai Mansingh Stadium,1,4.6,Rajasthan Royals,Mumbai Indians,SR Watson,AM Rahane,SL Malinga,2,0,,,,,,,,,
548377,2012,2012-05-20,Sawai Mansingh Stadium,1,5.1,Rajasthan Royals,Mumbai Indians,AM Rahane,SR Watson,DS Kulkarni,0,0,,,,,,,,,
548377,2012,2012-05-20,Sawai Mansingh Stadium,1,5.2,Rajasthan Royals,Mumbai Indians,AM Rahane,SR Watson,DS Kulkarni,0,0,,,,,,caught,AM Rahane,,
548377,2012,2012-05-20,Sawai Mansingh Stadium,1,5.3,Rajasthan Royals,Mumbai Indians,STR Binny,SR Watson,DS Kulkarni,0,0,,,,,,,,,
548377,2012,2012-05-20,Sawai Mansingh Stadium,1,5.4,Rajasthan Royals,Mumbai Indians,STR Binny,SR Watson,DS Kulkarni,0,0,,,,,,,,,
548377,2012,2012-05-20,Sawai Mansingh Stadium,1,5.5,Rajasthan Royals,Mumbai Indians,STR Binny,SR Watson,DS Kulkarni,0,0,,,,,,,,,
548377,2012,2012-05-20,Sawai Mansingh Stadium,1,5.6,Rajasthan Royals,Mumbai Indians,STR Binny,SR Watson,DS Kulkarni,0,0,,,,,,,,,
548377,2012,2012-05-20,Sawai Mansingh Stadium,1,6.1,Rajasthan Royals,Mumbai Indians,SR Watson,STR Binny,SL Malinga,4,0,,,,,,,,,
548377,2012,2012-05-20,Sawai Mansingh Stadium,1,6.2,Rajasthan Royals,Mumbai Indians,SR Watson,STR Binny,SL Malinga,0,0,,,,,,,,,
548377,2012,2012-05-20,Sawai Mansingh Stadium,1,6.3,Rajasthan Royals,Mumbai Indians,SR Watson,STR Binny,SL Malinga,4,0,,,,,,,,,
548377,2012,2012-05-20,Sawai Mansingh Stadium,1,6.4,Rajasthan Royals,Mumbai Indians,SR Watson,STR Binny,SL Malinga,0,0,,,,,,,,,
548377,2012,2012-05-20,Sawai Mansingh Stadium,1,6.5,Rajasthan Royals,Mumbai Indians,SR Watson,STR Binny,SL Malinga,0,0,,,,,,,,,
548377,2012,2012-05-20,Sawai Mansingh Stadium,1,6.6,Rajasthan Royals,Mumbai Indians,SR Watson,STR Binny,SL Malinga,1,0,,,,,,,,,
548377,2012,2012-05-20,Sawai Mansingh Stadium,1,7.1,Rajasthan Royals,Mumbai Indians,SR Watson,STR Binny,Harbhajan Singh,0,0,,,,,,,,,
548377,2012,2012-05-20,Sawai Mansingh Stadium,1,7.2,Rajasthan Royals,Mumbai Indians,SR Watson,STR Binny,Harbhajan Singh,1,0,,,,,,,,,
548377,2012,2012-05-20,Sawai Mansingh Stadium,1,7.3,Rajasthan Royals,Mumbai Indians,STR Binny,SR Watson,Harbhajan Singh,0,0,,,,,,,,,
548377,2012,2012-05-20,Sawai Mansingh Stadium,1,7.4,Rajasthan Royals,Mumbai Indians,STR Binny,SR Watson,Harbhajan Singh,6,0,,,,,,,,,
548377,2012,2012-05-20,Sawai Mansingh Stadium,1,7.5,Rajasthan Royals,Mumbai Indians,STR Binny,SR Watson,Harbhajan Singh,0,0,,,,,,,,,
548377,2012,2012-05-20,Sawai Mansingh Stadium,1,7.6,Rajasthan Royals,Mumbai Indians,STR Binny,SR Watson,Harbhajan Singh,1,0,,,,,,,,,
548377,2012,2012-05-20,Sawai Mansingh Stadium,1,8.1,Rajasthan Royals,Mumbai Indians,STR Binny,SR Watson,DR Smith,2,0,,,,,,,,,
548377,2012,2012-05-20,Sawai Mansingh Stadium,1,8.2,Rajasthan Royals,Mumbai Indians,STR Binny,SR Watson,DR Smith,1,0,,,,,,,,,
548377,2012,2012-05-20,Sawai Mansingh Stadium,1,8.3,Rajasthan Royals,Mumbai Indians,SR Watson,STR Binny,DR Smith,0,0,,,,,,,,,
548377,2012,2012-05-20,Sawai Mansingh Stadium,1,8.4,Rajasthan Royals,Mumbai Indians,SR Watson,STR Binny,DR Smith,0,0,,,,,,,,,
548377,2012,2012-05-20,Sawai Mansingh Stadium,1,8.5,Rajasthan Royals,Mumbai Indians,SR Watson,STR Binny,DR Smith,0,0,,,,,,,,,
548377,2012,2012-05-20,Sawai Mansingh Stadium,1,8.6,Rajasthan Royals,Mumbai Indians,SR Watson,STR Binny,DR Smith,1,0,,,,,,,,,
548377,2012,2012-05-20,Sawai Mansingh Stadium,1,9.1,Rajasthan Royals,Mumbai Indians,SR Watson,STR Binny,Harbhajan Singh,1,0,,,,,,,,,
548377,2012,2012-05-20,Sawai Mansingh Stadium,1,9.2,Rajasthan Royals,Mumbai Indians,STR Binny,SR Watson,Harbhajan Singh,4,0,,,,,,,,,
548377,2012,2012-05-20,Sawai Mansingh Stadium,1,9.3,Rajasthan Royals,Mumbai Indians,STR Binny,SR Watson,Harbhajan Singh,4,0,,,,,,,,,
548377,2012,2012-05-20,Sawai Mansingh Stadium,1,9.4,Rajasthan Royals,Mumbai Indians,STR Binny,SR Watson,Harbhajan Singh,1,0,,,,,,,,,
548377,2012,2012-05-20,Sawai Mansingh Stadium,1,9.5,Rajasthan Royals,Mumbai Indians,SR Watson,STR Binny,Harbhajan Singh,0,2,2,,,,,,,,
548377,2012,2012-05-20,Sawai Mansingh Stadium,1,9.6,Rajasthan Royals,Mumbai Indians,STR Binny,SR Watson,Harbhajan Singh,6,0,,,,,,,,,
548377,2012,2012-05-20,Sawai Mansingh Stadium,1,9.7,Rajasthan Royals,Mumbai Indians,STR Binny,SR Watson,Harbhajan Singh,4,0,,,,,,,,,
548377,2012,2012-05-20,Sawai Mansingh Stadium,1,10.1,Rajasthan Royals,Mumbai Indians,SR Watson,STR Binny,DR Smith,0,0,,,,,,,,,
548377,2012,2012-05-20,Sawai Mansingh Stadium,1,10.2,Rajasthan Royals,Mumbai Indians,SR Watson,STR Binny,DR Smith,0,0,,,,,,,,,
548377,2012,2012-05-20,Sawai Mansingh Stadium,1,10.3,Rajasthan Royals,Mumbai Indians,SR Watson,STR Binny,DR Smith,6,0,,,,,,,,,
548377,2012,2012-05-20,Sawai Mansingh Stadium,1,10.4,Rajasthan Royals,Mumbai Indians,SR Watson,STR Binny,DR Smith,1,0,,,,,,,,,
548377,2012,2012-05-20,Sawai Mansingh Stadium,1,10.5,Rajasthan Royals,Mumbai Indians,STR Binny,SR Watson,DR Smith,1,0,,,,,,,,,
548377,2012,2012-05-20,Sawai Mansingh Stadium,1,10.6,Rajasthan Royals,Mumbai Indians,SR Watson,STR Binny,DR Smith,1,0,,,,,,,,,
548377,2012,2012-05-20,Sawai Mansingh Stadium,1,11.1,Rajasthan Royals,Mumbai Indians,SR Watson,STR Binny,KA Pollard,1,0,,,,,,,,,
548377,2012,2012-05-20,Sawai Mansingh Stadium,1,11.2,Rajasthan Royals,Mumbai Indians,STR Binny,SR Watson,KA Pollard,0,0,,,,,,run out,STR Binny,,
548377,2012,2012-05-20,Sawai Mansingh Stadium,1,11.3,Rajasthan Royals,Mumbai Indians,OA Shah,SR Watson,KA Pollard,0,0,,,,,,,,,
548377,2012,2012-05-20,Sawai Mansingh Stadium,1,11.4,Rajasthan Royals,Mumbai Indians,OA Shah,SR Watson,KA Pollard,0,0,,,,,,,,,
548377,2012,2012-05-20,Sawai Mansingh Stadium,1,11.5,Rajasthan Royals,Mumbai Indians,OA Shah,SR Watson,KA Pollard,0,0,,,,,,,,,
548377,2012,2012-05-20,Sawai Mansingh Stadium,1,11.6,Rajasthan Royals,Mumbai Indians,OA Shah,SR Watson,KA Pollard,1,0,,,,,,,,,
548377,2012,2012-05-20,Sawai Mansingh Stadium,1,12.1,Rajasthan Royals,Mumbai Indians,OA Shah,SR Watson,JEC Franklin,0,0,,,,,,,,,
548377,2012,2012-05-20,Sawai Mansingh Stadium,1,12.2,Rajasthan Royals,Mumbai Indians,OA Shah,SR Watson,JEC Franklin,1,0,,,,,,,,,
548377,2012,2012-05-20,Sawai Mansingh Stadium,1,12.3,Rajasthan Royals,Mumbai Indians,SR Watson,OA Shah,JEC Franklin,1,0,,,,,,,,,
548377,2012,2012-05-20,Sawai Mansingh Stadium,1,12.4,Rajasthan Royals,Mumbai Indians,OA Shah,SR Watson,JEC Franklin,1,0,,,,,,,,,
548377,2012,2012-05-20,Sawai Mansingh Stadium,1,12.5,Rajasthan Royals,Mumbai Indians,SR Watson,OA Shah,JEC Franklin,2,0,,,,,,,,,
548377,2012,2012-05-20,Sawai Mansingh Stadium,1,12.6,Rajasthan Royals,Mumbai Indians,SR Watson,OA Shah,JEC Franklin,1,0,,,,,,,,,
548377,2012,2012-05-20,Sawai Mansingh Stadium,1,13.1,Rajasthan Royals,Mumbai Indians,SR Watson,OA Shah,KA Pollard,6,0,,,,,,,,,
548377,2012,2012-05-20,Sawai Mansingh Stadium,1,13.2,Rajasthan Royals,Mumbai Indians,SR Watson,OA Shah,KA Pollard,0,1,1,,,,,,,,
548377,2012,2012-05-20,Sawai Mansingh Stadium,1,13.3,Rajasthan Royals,Mumbai Indians,SR Watson,OA Shah,KA Pollard,0,1,,,,1,,,,,
548377,2012,2012-05-20,Sawai Mansingh Stadium,1,13.4,Rajasthan Royals,Mumbai Indians,OA Shah,SR Watson,KA Pollard,0,0,,,,,,,,,
548377,2012,2012-05-20,Sawai Mansingh Stadium,1,13.5,Rajasthan Royals,Mumbai Indians,OA Shah,SR Watson,KA Pollard,0,1,1,,,,,,,,
548377,2012,2012-05-20,Sawai Mansingh Stadium,1,13.6,Rajasthan Royals,Mumbai Indians,OA Shah,SR Watson,KA Pollard,1,0,,,,,,,,,
548377,2012,2012-05-20,Sawai Mansingh Stadium,1,13.7,Rajasthan Royals,Mumbai Indians,SR Watson,OA Shah,KA Pollard,4,0,,,,,,,,,
548377,2012,2012-05-20,Sawai Mansingh Stadium,1,13.8,Rajasthan Royals,Mumbai Indians,SR Watson,OA Shah,KA Pollard,0,0,,,,,,caught,SR Watson,,
548377,2012,2012-05-20,Sawai Mansingh Stadium,1,14.1,Rajasthan Royals,Mumbai Indians,AL Menaria,OA Shah,Harbhajan Singh,0,0,,,,,,,,,
548377,2012,2012-05-20,Sawai Mansingh Stadium,1,14.2,Rajasthan Royals,Mumbai Indians,AL Menaria,OA Shah,Harbhajan Singh,0,0,,,,,,,,,
548377,2012,2012-05-20,Sawai Mansingh Stadium,1,14.3,Rajasthan Royals,Mumbai Indians,AL Menaria,OA Shah,Harbhajan Singh,0,0,,,,,,,,,
548377,2012,2012-05-20,Sawai Mansingh Stadium,1,14.4,Rajasthan Royals,Mumbai Indians,AL Menaria,OA Shah,Harbhajan Singh,0,0,,,,,,,,,
548377,2012,2012-05-20,Sawai Mansingh Stadium,1,14.5,Rajasthan Royals,Mumbai Indians,AL Menaria,OA Shah,Harbhajan Singh,1,0,,,,,,,,,
548377,2012,2012-05-20,Sawai Mansingh Stadium,1,14.6,Rajasthan Royals,Mumbai Indians,OA Shah,AL Menaria,Harbhajan Singh,0,0,,,,,,,,,
548377,2012,2012-05-20,Sawai Mansingh Stadium,1,15.1,Rajasthan Royals,Mumbai Indians,AL Menaria,OA Shah,KA Pollard,1,0,,,,,,,,,
548377,2012,2012-05-20,Sawai Mansingh Stadium,1,15.2,Rajasthan Royals,Mumbai Indians,OA Shah,AL Menaria,KA Pollard,0,1,1,,,,,,,,
548377,2012,2012-05-20,Sawai Mansingh Stadium,1,15.3,Rajasthan Royals,Mumbai Indians,OA Shah,AL Menaria,KA Pollard,1,0,,,,,,,,,
548377,2012,2012-05-20,Sawai Mansingh Stadium,1,15.4,Rajasthan Royals,Mumbai Indians,AL Menaria,OA Shah,KA Pollard,1,0,,,,,,,,,
548377,2012,2012-05-20,Sawai Mansingh Stadium,1,15.5,Rajasthan Royals,Mumbai Indians,OA Shah,AL Menaria,KA Pollard,0,0,,,,,,,,,
548377,2012,2012-05-20,Sawai Mansingh Stadium,1,15.6,Rajasthan Royals,Mumbai Indians,OA Shah,AL Menaria,KA Pollard,4,0,,,,,,,,,
548377,2012,2012-05-20,Sawai Mansingh Stadium,1,15.7,Rajasthan Royals,Mumbai Indians,OA Shah,AL Menaria,KA Pollard,6,0,,,,,,,,,
548377,2012,2012-05-20,Sawai Mansingh Stadium,1,16.1,Rajasthan Royals,Mumbai Indians,AL Menaria,OA Shah,RP Singh,0,0,,,,,,,,,
548377,2012,2012-05-20,Sawai Mansingh Stadium,1,16.2,Rajasthan Royals,Mumbai Indians,AL Menaria,OA Shah,RP Singh,0,1,1,,,,,,,,
548377,2012,2012-05-20,Sawai Mansingh Stadium,1,16.3,Rajasthan Royals,Mumbai Indians,AL Menaria,OA Shah,RP Singh,4,0,,,,,,,,,
548377,2012,2012-05-20,Sawai Mansingh Stadium,1,16.4,Rajasthan Royals,Mumbai Indians,AL Menaria,OA Shah,RP Singh,1,0,,,,,,,,,
548377,2012,2012-05-20,Sawai Mansingh Stadium,1,16.5,Rajasthan Royals,Mumbai Indians,OA Shah,AL Menaria,RP Singh,1,0,,,,,,,,,
548377,2012,2012-05-20,Sawai Mansingh Stadium,1,16.6,Rajasthan Royals,Mumbai Indians,AL Menaria,OA Shah,RP Singh,6,1,,1,,,,,,,
548377,2012,2012-05-20,Sawai Mansingh Stadium,1,16.7,Rajasthan Royals,Mumbai Indians,AL Menaria,OA Shah,RP Singh,1,0,,,,,,,,,
548377,2012,2012-05-20,Sawai Mansingh Stadium,1,16.8,Rajasthan Royals,Mumbai Indians,OA Shah,AL Menaria,RP Singh,1,0,,,,,,,,,
548377,2012,2012-05-20,Sawai Mansingh Stadium,1,17.1,Rajasthan Royals,Mumbai Indians,OA Shah,AL Menaria,SL Malinga,1,0,,,,,,,,,
548377,2012,2012-05-20,Sawai Mansingh Stadium,1,17.2,Rajasthan Royals,Mumbai Indians,AL Menaria,OA Shah,SL Malinga,1,0,,,,,,,,,
548377,2012,2012-05-20,Sawai Mansingh Stadium,1,17.3,Rajasthan Royals,Mumbai Indians,OA Shah,AL Menaria,SL Malinga,1,0,,,,,,,,,
548377,2012,2012-05-20,Sawai Mansingh Stadium,1,17.4,Rajasthan Royals,Mumbai Indians,AL Menaria,OA Shah,SL Malinga,0,1,,1,,,,,,,
548377,2012,2012-05-20,Sawai Mansingh Stadium,1,17.5,Rajasthan Royals,Mumbai Indians,AL Menaria,OA Shah,SL Malinga,1,0,,,,,,,,,
548377,2012,2012-05-20,Sawai Mansingh Stadium,1,17.6,Rajasthan Royals,Mumbai Indians,OA Shah,AL Menaria,SL Malinga,1,0,,,,,,,,,
548377,2012,2012-05-20,Sawai Mansingh Stadium,1,17.7,Rajasthan Royals,Mumbai Indians,AL Menaria,OA Shah,SL Malinga,1,0,,,,,,,,,
548377,2012,2012-05-20,Sawai Mansingh Stadium,1,18.1,Rajasthan Royals,Mumbai Indians,AL Menaria,OA Shah,DS Kulkarni,0,1,1,,,,,,,,
548377,2012,2012-05-20,Sawai Mansingh Stadium,1,18.2,Rajasthan Royals,Mumbai Indians,AL Menaria,OA Shah,DS Kulkarni,0,0,,,,,,,,,
548377,2012,2012-05-20,Sawai Mansingh Stadium,1,18.3,Rajasthan Royals,Mumbai Indians,AL Menaria,OA Shah,DS Kulkarni,1,0,,,,,,,,,
548377,2012,2012-05-20,Sawai Mansingh Stadium,1,18.4,Rajasthan Royals,Mumbai Indians,OA Shah,AL Menaria,DS Kulkarni,1,0,,,,,,,,,
548377,2012,2012-05-20,Sawai Mansingh Stadium,1,18.5,Rajasthan Royals,Mumbai Indians,AL Menaria,OA Shah,DS Kulkarni,2,0,,,,,,,,,
548377,2012,2012-05-20,Sawai Mansingh Stadium,1,18.6,Rajasthan Royals,Mumbai Indians,AL Menaria,OA Shah,DS Kulkarni,0,0,,,,,,caught and bowled,AL Menaria,,
548377,2012,2012-05-20,Sawai Mansingh Stadium,1,18.7,Rajasthan Royals,Mumbai Indians,DH Yagnik,OA Shah,DS Kulkarni,0,1,1,,,,,,,,
548377,2012,2012-05-20,Sawai Mansingh Stadium,1,18.8,Rajasthan Royals,Mumbai Indians,DH Yagnik,OA Shah,DS Kulkarni,2,0,,,,,,,,,
548377,2012,2012-05-20,Sawai Mansingh Stadium,1,19.1,Rajasthan Royals,Mumbai Indians,OA Shah,DH Yagnik,SL Malinga,2,0,,,,,,,,,
548377,2012,2012-05-20,Sawai Mansingh Stadium,1,19.2,Rajasthan Royals,Mumbai Indians,OA Shah,DH Yagnik,SL Malinga,2,0,,,,,,,,,
548377,2012,2012-05-20,Sawai Mansingh Stadium,1,19.3,Rajasthan Royals,Mumbai Indians,OA Shah,DH Yagnik,SL Malinga,1,0,,,,,,,,,
548377,2012,2012-05-20,Sawai Mansingh Stadium,1,19.4,Rajasthan Royals,Mumbai Indians,DH Yagnik,OA Shah,SL Malinga,4,0,,,,,,,,,
548377,2012,2012-05-20,Sawai Mansingh Stadium,1,19.5,Rajasthan Royals,Mumbai Indians,DH Yagnik,OA Shah,SL Malinga,0,0,,,,,,caught and bowled,DH Yagnik,,
548377,2012,2012-05-20,Sawai Mansingh Stadium,1,19.6,Rajasthan Royals,Mumbai Indians,OA Shah,GB Hogg,SL Malinga,2,0,,,,,,,,,
548377,2012,2012-05-20,Sawai Mansingh Stadium,2,0.1,Mumbai Indians,Rajasthan Royals,SR Tendulkar,DR Smith,A Chandila,0,0,,,,,,,,,
548377,2012,2012-05-20,Sawai Mansingh Stadium,2,0.2,Mumbai Indians,Rajasthan Royals,SR Tendulkar,DR Smith,A Chandila,0,0,,,,,,,,,
548377,2012,2012-05-20,Sawai Mansingh Stadium,2,0.3,Mumbai Indians,Rajasthan Royals,SR Tendulkar,DR Smith,A Chandila,1,0,,,,,,,,,
548377,2012,2012-05-20,Sawai Mansingh Stadium,2,0.4,Mumbai Indians,Rajasthan Royals,DR Smith,SR Tendulkar,A Chandila,0,0,,,,,,,,,
548377,2012,2012-05-20,Sawai Mansingh Stadium,2,0.5,Mumbai Indians,Rajasthan Royals,DR Smith,SR Tendulkar,A Chandila,6,0,,,,,,,,,
548377,2012,2012-05-20,Sawai Mansingh Stadium,2,0.6,Mumbai Indians,Rajasthan Royals,DR Smith,SR Tendulkar,A Chandila,1,0,,,,,,,,,
548377,2012,2012-05-20,Sawai Mansingh Stadium,2,1.1,Mumbai Indians,Rajasthan Royals,DR Smith,SR Tendulkar,SR Watson,0,0,,,,,,,,,
548377,2012,2012-05-20,Sawai Mansingh Stadium,2,1.2,Mumbai Indians,Rajasthan Royals,DR Smith,SR Tendulkar,SR Watson,0,0,,,,,,,,,
548377,2012,2012-05-20,Sawai Mansingh Stadium,2,1.3,Mumbai Indians,Rajasthan Royals,DR Smith,SR Tendulkar,SR Watson,0,0,,,,,,,,,
548377,2012,2012-05-20,Sawai Mansingh Stadium,2,1.4,Mumbai Indians,Rajasthan Royals,DR Smith,SR Tendulkar,SR Watson,0,0,,,,,,,,,
548377,2012,2012-05-20,Sawai Mansingh Stadium,2,1.5,Mumbai Indians,Rajasthan Royals,DR Smith,SR Tendulkar,SR Watson,4,0,,,,,,,,,
548377,2012,2012-05-20,Sawai Mansingh Stadium,2,1.6,Mumbai Indians,Rajasthan Royals,DR Smith,SR Tendulkar,SR Watson,0,0,,,,,,,,,
548377,2012,2012-05-20,Sawai Mansingh Stadium,2,2.1,Mumbai Indians,Rajasthan Royals,SR Tendulkar,DR Smith,SW Tait,1,0,,,,,,,,,
548377,2012,2012-05-20,Sawai Mansingh Stadium,2,2.2,Mumbai Indians,Rajasthan Royals,DR Smith,SR Tendulkar,SW Tait,1,0,,,,,,,,,
548377,2012,2012-05-20,Sawai Mansingh Stadium,2,2.3,Mumbai Indians,Rajasthan Royals,SR Tendulkar,DR Smith,SW Tait,0,1,1,,,,,,,,
548377,2012,2012-05-20,Sawai Mansingh Stadium,2,2.4,Mumbai Indians,Rajasthan Royals,SR Tendulkar,DR Smith,SW Tait,0,1,1,,,,,,,,
548377,2012,2012-05-20,Sawai Mansingh Stadium,2,2.5,Mumbai Indians,Rajasthan Royals,SR Tendulkar,DR Smith,SW Tait,0,1,1,,,,,,,,
548377,2012,2012-05-20,Sawai Mansingh Stadium,2,2.6,Mumbai Indians,Rajasthan Royals,SR Tendulkar,DR Smith,SW Tait,4,0,,,,,,,,,
548377,2012,2012-05-20,Sawai Mansingh Stadium,2,2.7,Mumbai Indians,Rajasthan Royals,SR Tendulkar,DR Smith,SW Tait,0,0,,,,,,,,,
548377,2012,2012-05-20,Sawai Mansingh Stadium,2,2.8,Mumbai Indians,Rajasthan Royals,SR Tendulkar,DR Smith,SW Tait,0,0,,,,,,,,,
548377,2012,2012-05-20,Sawai Mansingh Stadium,2,2.9,Mumbai Indians,Rajasthan Royals,SR Tendulkar,DR Smith,SW Tait,0,0,,,,,,,,,
548377,2012,2012-05-20,Sawai Mansingh Stadium,2,3.1,Mumbai Indians,Rajasthan Royals,DR Smith,SR Tendulkar,SR Watson,0,0,,,,,,,,,
548377,2012,2012-05-20,Sawai Mansingh Stadium,2,3.2,Mumbai Indians,Rajasthan Royals,DR Smith,SR Tendulkar,SR Watson,1,0,,,,,,,,,
548377,2012,2012-05-20,Sawai Mansingh Stadium,2,3.3,Mumbai Indians,Rajasthan Royals,SR Tendulkar,DR Smith,SR Watson,1,0,,,,,,,,,
548377,2012,2012-05-20,Sawai Mansingh Stadium,2,3.4,Mumbai Indians,Rajasthan Royals,DR Smith,SR Tendulkar,SR Watson,0,0,,,,,,,,,
548377,2012,2012-05-20,Sawai Mansingh Stadium,2,3.5,Mumbai Indians,Rajasthan Royals,DR Smith,SR Tendulkar,SR Watson,0,0,,,,,,,,,
548377,2012,2012-05-20,Sawai Mansingh Stadium,2,3.6,Mumbai Indians,Rajasthan Royals,DR Smith,SR Tendulkar,SR Watson,4,0,,,,,,,,,
548377,2012,2012-05-20,Sawai Mansingh Stadium,2,4.1,Mumbai Indians,Rajasthan Royals,SR Tendulkar,DR Smith,SW Tait,0,1,1,,,,,,,,
548377,2012,2012-05-20,Sawai Mansingh Stadium,2,4.2,Mumbai Indians,Rajasthan Royals,SR Tendulkar,DR Smith,SW Tait,1,0,,,,,,,,,
548377,2012,2012-05-20,Sawai Mansingh Stadium,2,4.3,Mumbai Indians,Rajasthan Royals,DR Smith,SR Tendulkar,SW Tait,0,0,,,,,,,,,
548377,2012,2012-05-20,Sawai Mansingh Stadium,2,4.4,Mumbai Indians,Rajasthan Royals,DR Smith,SR Tendulkar,SW Tait,2,0,,,,,,,,,
548377,2012,2012-05-20,Sawai Mansingh Stadium,2,4.5,Mumbai Indians,Rajasthan Royals,DR Smith,SR Tendulkar,SW Tait,0,0,,,,,,,,,
548377,2012,2012-05-20,Sawai Mansingh Stadium,2,4.6,Mumbai Indians,Rajasthan Royals,DR Smith,SR Tendulkar,SW Tait,4,0,,,,,,,,,
548377,2012,2012-05-20,Sawai Mansingh Stadium,2,4.7,Mumbai Indians,Rajasthan Royals,DR Smith,SR Tendulkar,SW Tait,4,0,,,,,,,,,
548377,2012,2012-05-20,Sawai Mansingh Stadium,2,5.1,Mumbai Indians,Rajasthan Royals,SR Tendulkar,DR Smith,GB Hogg,0,0,,,,,,,,,
548377,2012,2012-05-20,Sawai Mansingh Stadium,2,5.2,Mumbai Indians,Rajasthan Royals,SR Tendulkar,DR Smith,GB Hogg,4,0,,,,,,,,,
548377,2012,2012-05-20,Sawai Mansingh Stadium,2,5.3,Mumbai Indians,Rajasthan Royals,SR Tendulkar,DR Smith,GB Hogg,0,0,,,,,,,,,
548377,2012,2012-05-20,Sawai Mansingh Stadium,2,5.4,Mumbai Indians,Rajasthan Royals,SR Tendulkar,DR Smith,GB Hogg,1,0,,,,,,,,,
548377,2012,2012-05-20,Sawai Mansingh Stadium,2,5.5,Mumbai Indians,Rajasthan Royals,DR Smith,SR Tendulkar,GB Hogg,0,0,,,,,,,,,
548377,2012,2012-05-20,Sawai Mansingh Stadium,2,5.6,Mumbai Indians,Rajasthan Royals,DR Smith,SR Tendulkar,GB Hogg,0,0,,,,,,,,,
548377,2012,2012-05-20,Sawai Mansingh Stadium,2,6.1,Mumbai Indians,Rajasthan Royals,SR Tendulkar,DR Smith,SK Trivedi,1,0,,,,,,,,,
548377,2012,2012-05-20,Sawai Mansingh Stadium,2,6.2,Mumbai Indians,Rajasthan Royals,DR Smith,SR Tendulkar,SK Trivedi,0,3,3,,,,,,,,
548377,2012,2012-05-20,Sawai Mansingh Stadium,2,6.3,Mumbai Indians,Rajasthan Royals,DR Smith,SR Tendulkar,SK Trivedi,0,0,,,,,,,,,
548377,2012,2012-05-20,Sawai Mansingh Stadium,2,6.4,Mumbai Indians,Rajasthan Royals,DR Smith,SR Tendulkar,SK Trivedi,1,0,,,,,,,,,
548377,2012,2012-05-20,Sawai Mansingh Stadium,2,6.5,Mumbai Indians,Rajasthan Royals,SR Tendulkar,DR Smith,SK Trivedi,0,0,,,,,,,,,
548377,2012,2012-05-20,Sawai Mansingh Stadium,2,6.6,Mumbai Indians,Rajasthan Royals,SR Tendulkar,DR Smith,SK Trivedi,0,5,5,,,,,,,,
548377,2012,2012-05-20,Sawai Mansingh Stadium,2,6.7,Mumbai Indians,Rajasthan Royals,SR Tendulkar,DR Smith,SK Trivedi,2,0,,,,,,,,,
548377,2012,2012-05-20,Sawai Mansingh Stadium,2,6.8,Mumbai Indians,Rajasthan Royals,SR Tendulkar,DR Smith,SK Trivedi,1,0,,,,,,,,,
548377,2012,2012-05-20,Sawai Mansingh Stadium,2,7.1,Mumbai Indians,Rajasthan Royals,SR Tendulkar,DR Smith,GB Hogg,0,0,,,,,,,,,
548377,2012,2012-05-20,Sawai Mansingh Stadium,2,7.2,Mumbai Indians,Rajasthan Royals,SR Tendulkar,DR Smith,GB Hogg,1,0,,,,,,,,,
548377,2012,2012-05-20,Sawai Mansingh Stadium,2,7.3,Mumbai Indians,Rajasthan Royals,DR Smith,SR Tendulkar,GB Hogg,1,0,,,,,,,,,
548377,2012,2012-05-20,Sawai Mansingh Stadium,2,7.4,Mumbai Indians,Rajasthan Royals,SR Tendulkar,DR Smith,GB Hogg,2,0,,,,,,,,,
548377,2012,2012-05-20,Sawai Mansingh Stadium,2,7.5,Mumbai Indians,Rajasthan Royals,SR Tendulkar,DR Smith,GB Hogg,2,0,,,,,,,,,
548377,2012,2012-05-20,Sawai Mansingh Stadium,2,7.6,Mumbai Indians,Rajasthan Royals,SR Tendulkar,DR Smith,GB Hogg,3,0,,,,,,,,,
548377,2012,2012-05-20,Sawai Mansingh Stadium,2,8.1,Mumbai Indians,Rajasthan Royals,SR Tendulkar,DR Smith,SK Trivedi,0,0,,,,,,,,,
548377,2012,2012-05-20,Sawai Mansingh Stadium,2,8.2,Mumbai Indians,Rajasthan Royals,SR Tendulkar,DR Smith,SK Trivedi,1,0,,,,,,,,,
548377,2012,2012-05-20,Sawai Mansingh Stadium,2,8.3,Mumbai Indians,Rajasthan Royals,DR Smith,SR Tendulkar,SK Trivedi,4,0,,,,,,,,,
548377,2012,2012-05-20,Sawai Mansingh Stadium,2,8.4,Mumbai Indians,Rajasthan Royals,DR Smith,SR Tendulkar,SK Trivedi,0,0,,,,,,,,,
548377,2012,2012-05-20,Sawai Mansingh Stadium,2,8.5,Mumbai Indians,Rajasthan Royals,DR Smith,SR Tendulkar,SK Trivedi,1,0,,,,,,,,,
548377,2012,2012-05-20,Sawai Mansingh Stadium,2,8.6,Mumbai Indians,Rajasthan Royals,SR Tendulkar,DR Smith,SK Trivedi,0,0,,,,,,,,,
548377,2012,2012-05-20,Sawai Mansingh Stadium,2,9.1,Mumbai Indians,Rajasthan Royals,DR Smith,SR Tendulkar,GB Hogg,1,0,,,,,,,,,
548377,2012,2012-05-20,Sawai Mansingh Stadium,2,9.2,Mumbai Indians,Rajasthan Royals,SR Tendulkar,DR Smith,GB Hogg,4,0,,,,,,,,,
548377,2012,2012-05-20,Sawai Mansingh Stadium,2,9.3,Mumbai Indians,Rajasthan Royals,SR Tendulkar,DR Smith,GB Hogg,1,0,,,,,,,,,
548377,2012,2012-05-20,Sawai Mansingh Stadium,2,9.4,Mumbai Indians,Rajasthan Royals,DR Smith,SR Tendulkar,GB Hogg,1,0,,,,,,,,,
548377,2012,2012-05-20,Sawai Mansingh Stadium,2,9.5,Mumbai Indians,Rajasthan Royals,SR Tendulkar,DR Smith,GB Hogg,0,0,,,,,,,,,
548377,2012,2012-05-20,Sawai Mansingh Stadium,2,9.6,Mumbai Indians,Rajasthan Royals,SR Tendulkar,DR Smith,GB Hogg,0,0,,,,,,,,,
548377,2012,2012-05-20,Sawai Mansingh Stadium,2,10.1,Mumbai Indians,Rajasthan Royals,DR Smith,SR Tendulkar,A Chandila,6,0,,,,,,,,,
548377,2012,2012-05-20,Sawai Mansingh Stadium,2,10.2,Mumbai Indians,Rajasthan Royals,DR Smith,SR Tendulkar,A Chandila,6,0,,,,,,,,,
548377,2012,2012-05-20,Sawai Mansingh Stadium,2,10.3,Mumbai Indians,Rajasthan Royals,DR Smith,SR Tendulkar,A Chandila,1,0,,,,,,,,,
548377,2012,2012-05-20,Sawai Mansingh Stadium,2,10.4,Mumbai Indians,Rajasthan Royals,SR Tendulkar,DR Smith,A Chandila,1,0,,,,,,,,,
548377,2012,2012-05-20,Sawai Mansingh Stadium,2,10.5,Mumbai Indians,Rajasthan Royals,DR Smith,SR Tendulkar,A Chandila,1,0,,,,,,,,,
548377,2012,2012-05-20,Sawai Mansingh Stadium,2,10.6,Mumbai Indians,Rajasthan Royals,SR Tendulkar,DR Smith,A Chandila,1,0,,,,,,,,,
548377,2012,2012-05-20,Sawai Mansingh Stadium,2,11.1,Mumbai Indians,Rajasthan Royals,SR Tendulkar,DR Smith,SK Trivedi,1,0,,,,,,,,,
548377,2012,2012-05-20,Sawai Mansingh Stadium,2,11.2,Mumbai Indians,Rajasthan Royals,DR Smith,SR Tendulkar,SK Trivedi,1,1,,1,,,,,,,
548377,2012,2012-05-20,Sawai Mansingh Stadium,2,11.3,Mumbai Indians,Rajasthan Royals,SR Tendulkar,DR Smith,SK Trivedi,4,0,,,,,,,,,
548377,2012,2012-05-20,Sawai Mansingh Stadium,2,11.4,Mumbai Indians,Rajasthan Royals,SR Tendulkar,DR Smith,SK Trivedi,0,0,,,,,,,,,
548377,2012,2012-05-20,Sawai Mansingh Stadium,2,11.5,Mumbai Indians,Rajasthan Royals,SR Tendulkar,DR Smith,SK Trivedi,1,0,,,,,,,,,
548377,2012,2012-05-20,Sawai Mansingh Stadium,2,11.6,Mumbai Indians,Rajasthan Royals,DR Smith,SR Tendulkar,SK Trivedi,1,0,,,,,,,,,
548377,2012,2012-05-20,Sawai Mansingh Stadium,2,11.7,Mumbai Indians,Rajasthan Royals,SR Tendulkar,DR Smith,SK Trivedi,1,0,,,,,,,,,
548377,2012,2012-05-20,Sawai Mansingh Stadium,2,12.1,Mumbai Indians,Rajasthan Royals,SR Tendulkar,DR Smith,STR Binny,1,0,,,,,,,,,
548377,2012,2012-05-20,Sawai Mansingh Stadium,2,12.2,Mumbai Indians,Rajasthan Royals,DR Smith,SR Tendulkar,STR Binny,1,0,,,,,,,,,
548377,2012,2012-05-20,Sawai Mansingh Stadium,2,12.3,Mumbai Indians,Rajasthan Royals,SR Tendulkar,DR Smith,STR Binny,4,0,,,,,,,,,
548377,2012,2012-05-20,Sawai Mansingh Stadium,2,12.4,Mumbai Indians,Rajasthan Royals,SR Tendulkar,DR Smith,STR Binny,1,0,,,,,,,,,
548377,2012,2012-05-20,Sawai Mansingh Stadium,2,12.5,Mumbai Indians,Rajasthan Royals,DR Smith,SR Tendulkar,STR Binny,2,0,,,,,,,,,
548377,2012,2012-05-20,Sawai Mansingh Stadium,2,12.6,Mumbai Indians,Rajasthan Royals,DR Smith,SR Tendulkar,STR Binny,4,0,,,,,,,,,
548377,2012,2012-05-20,Sawai Mansingh Stadium,2,13.1,Mumbai Indians,Rajasthan Royals,SR Tendulkar,DR Smith,SW Tait,0,1,1,,,,,,,,
548377,2012,2012-05-20,Sawai Mansingh Stadium,2,13.2,Mumbai Indians,Rajasthan Royals,SR Tendulkar,DR Smith,SW Tait,0,1,1,,,,,,,,
548377,2012,2012-05-20,Sawai Mansingh Stadium,2,13.3,Mumbai Indians,Rajasthan Royals,SR Tendulkar,DR Smith,SW Tait,1,0,,,,,,,,,
548377,2012,2012-05-20,Sawai Mansingh Stadium,2,13.4,Mumbai Indians,Rajasthan Royals,DR Smith,SR Tendulkar,SW Tait,4,0,,,,,,,,,
548377,2012,2012-05-20,Sawai Mansingh Stadium,2,13.5,Mumbai Indians,Rajasthan Royals,DR Smith,SR Tendulkar,SW Tait,2,0,,,,,,,,,
548377,2012,2012-05-20,Sawai Mansingh Stadium,2,13.6,Mumbai Indians,Rajasthan Royals,DR Smith,SR Tendulkar,SW Tait,1,0,,,,,,,,,
548377,2012,2012-05-20,Sawai Mansingh Stadium,2,13.7,Mumbai Indians,Rajasthan Royals,SR Tendulkar,DR Smith,SW Tait,1,0,,,,,,,,,
548377,2012,2012-05-20,Sawai Mansingh Stadium,2,13.8,Mumbai Indians,Rajasthan Royals,DR Smith,SR Tendulkar,SW Tait,1,0,,,,,,,,,
548377,2012,2012-05-20,Sawai Mansingh Stadium,2,14.1,Mumbai Indians,Rajasthan Royals,DR Smith,SR Tendulkar,GB Hogg,4,0,,,,,,,,,
548377,2012,2012-05-20,Sawai Mansingh Stadium,2,14.2,Mumbai Indians,Rajasthan Royals,DR Smith,SR Tendulkar,GB Hogg,4,0,,,,,,,,,
548377,2012,2012-05-20,Sawai Mansingh Stadium,2,14.3,Mumbai Indians,Rajasthan Royals,DR Smith,SR Tendulkar,GB Hogg,0,0,,,,,,,,,
548377,2012,2012-05-20,Sawai Mansingh Stadium,2,14.4,Mumbai Indians,Rajasthan Royals,DR Smith,SR Tendulkar,GB Hogg,0,0,,,,,,,,,
548377,2012,2012-05-20,Sawai Mansingh Stadium,2,14.5,Mumbai Indians,Rajasthan Royals,DR Smith,SR Tendulkar,GB Hogg,0,1,,,,1,,,,,
548377,2012,2012-05-20,Sawai Mansingh Stadium,2,14.6,Mumbai Indians,Rajasthan Royals,SR Tendulkar,DR Smith,GB Hogg,1,0,,,,,,,,,
548377,2012,2012-05-20,Sawai Mansingh Stadium,2,15.1,Mumbai Indians,Rajasthan Royals,SR Tendulkar,DR Smith,SK Trivedi,1,0,,,,,,,,,
548377,2012,2012-05-20,Sawai Mansingh Stadium,2,15.2,Mumbai Indians,Rajasthan Royals,DR Smith,SR Tendulkar,SK Trivedi,0,1,,,,1,,,,,
548377,2012,2012-05-20,Sawai Mansingh Stadium,2,15.3,Mumbai Indians,Rajasthan Royals,SR Tendulkar,DR Smith,SK Trivedi,1,0,,,,,,,,,
548377,2012,2012-05-20,Sawai Mansingh Stadium,2,15.4,Mumbai Indians,Rajasthan Royals,DR Smith,SR Tendulkar,SK Trivedi,2,0,,,,,,,,,
548377,2012,2012-05-20,Sawai Mansingh Stadium,2,15.5,Mumbai Indians,Rajasthan Royals,DR Smith,SR Tendulkar,SK Trivedi,4,0,,,,,,,,,
548377,2012,2012-05-20,Sawai Mansingh Stadium,2,15.6,Mumbai Indians,Rajasthan Royals,DR Smith,SR Tendulkar,SK Trivedi,0,0,,,,,,,,,
548377,2012,2012-05-20,Sawai Mansingh Stadium,2,16.1,Mumbai Indians,Rajasthan Royals,SR Tendulkar,DR Smith,SR Watson,1,0,,,,,,,,,
548377,2012,2012-05-20,Sawai Mansingh Stadium,2,16.2,Mumbai Indians,Rajasthan Royals,DR Smith,SR Tendulkar,SR Watson,0,0,,,,,,,,,
548377,2012,2012-05-20,Sawai Mansingh Stadium,2,16.3,Mumbai Indians,Rajasthan Royals,DR Smith,SR Tendulkar,SR Watson,1,0,,,,,,,,,
548377,2012,2012-05-20,Sawai Mansingh Stadium,2,16.4,Mumbai Indians,Rajasthan Royals,SR Tendulkar,DR Smith,SR Watson,0,0,,,,,,,,,
548377,2012,2012-05-20,Sawai Mansingh Stadium,2,16.5,Mumbai Indians,Rajasthan Royals,SR Tendulkar,DR Smith,SR Watson,0,0,,,,,,,,,
548377,2012,2012-05-20,Sawai Mansingh Stadium,2,16.6,Mumbai Indians,Rajasthan Royals,SR Tendulkar,DR Smith,SR Watson,4,0,,,,,,,,,
548377,2012,2012-05-20,Sawai Mansingh Stadium,2,17.1,Mumbai Indians,Rajasthan Royals,DR Smith,SR Tendulkar,SW Tait,1,0,,,,,,,,,
548377,2012,2012-05-20,Sawai Mansingh Stadium,2,17.2,Mumbai Indians,Rajasthan Royals,SR Tendulkar,DR Smith,SW Tait,1,0,,,,,,,,,
548377,2012,2012-05-20,Sawai Mansingh Stadium,2,17.3,Mumbai Indians,Rajasthan Royals,DR Smith,SR Tendulkar,SW Tait,1,0,,,,,,,,,
548377,2012,2012-05-20,Sawai Mansingh Stadium,2,17.4,Mumbai Indians,Rajasthan Royals,SR Tendulkar,DR Smith,SW Tait,1,0,,,,,,,,,
548377,2012,2012-05-20,Sawai Mansingh Stadium,2,17.5,Mumbai Indians,Rajasthan Royals,DR Smith,SR Tendulkar,SW Tait,2,0,,,,,,,,,
548377,2012,2012-05-20,Sawai Mansingh Stadium,2,17.6,Mumbai Indians,Rajasthan Royals,DR Smith,SR Tendulkar,SW Tait,1,0,,,,,,,,,
548377,2012,2012-05-20,Sawai Mansingh Stadium,2,18.1,Mumbai Indians,Rajasthan Royals,DR Smith,SR Tendulkar,SR Watson,0,1,1,,,,,,,,
