match_id,season,start_date,venue,innings,ball,batting_team,bowling_team,striker,non_striker,bowler,runs_off_bat,extras,wides,noballs,byes,legbyes,penalty,wicket_type,player_dismissed,other_wicket_type,other_player_dismissed
598013,2013,2013-04-14,Eden Gardens,1,0.1,Kolkata Knight Riders,Sunrisers Hyderabad,MS Bisla,G Gambhir,DW Steyn,0,0,,,,,,,,,
598013,2013,2013-04-14,Eden Gardens,1,0.2,Kolkata Knight Riders,Sunrisers Hyderabad,MS Bisla,G Gambhir,DW Steyn,0,0,,,,,,,,,
598013,2013,2013-04-14,Eden Gardens,1,0.3,Kolkata Knight Riders,Sunrisers Hyderabad,MS Bisla,G Gambhir,DW Steyn,0,0,,,,,,,,,
598013,2013,2013-04-14,Eden Gardens,1,0.4,Kolkata Knight Riders,Sunrisers Hyderabad,MS Bisla,G Gambhir,DW Steyn,1,0,,,,,,,,,
598013,2013,2013-04-14,Eden Gardens,1,0.5,Kolkata Knight Riders,Sunrisers Hyderabad,G Gambhir,MS Bisla,DW Steyn,1,0,,,,,,,,,
598013,2013,2013-04-14,Eden Gardens,1,0.6,Kolkata Knight Riders,Sunrisers Hyderabad,MS Bisla,G Gambhir,DW Steyn,1,0,,,,,,,,,
598013,2013,2013-04-14,Eden Gardens,1,1.1,Kolkata Knight Riders,Sunrisers Hyderabad,MS Bisla,G Gambhir,GH Vihari,4,0,,,,,,,,,
598013,2013,2013-04-14,Eden Gardens,1,1.2,Kolkata Knight Riders,Sunrisers Hyderabad,MS Bisla,G Gambhir,GH Vihari,4,0,,,,,,,,,
598013,2013,2013-04-14,Eden Gardens,1,1.3,Kolkata Knight Riders,Sunrisers Hyderabad,MS Bisla,G Gambhir,GH Vihari,0,1,,,,1,,,,,
598013,2013,2013-04-14,Eden Gardens,1,1.4,Kolkata Knight Riders,Sunrisers Hyderabad,G Gambhir,MS Bisla,GH Vihari,2,0,,,,,,,,,
598013,2013,2013-04-14,Eden Gardens,1,1.5,Kolkata Knight Riders,Sunrisers Hyderabad,G Gambhir,MS Bisla,GH Vihari,0,0,,,,,,,,,
598013,2013,2013-04-14,Eden Gardens,1,1.6,Kolkata Knight Riders,Sunrisers Hyderabad,G Gambhir,MS Bisla,GH Vihari,4,0,,,,,,,,,
598013,2013,2013-04-14,Eden Gardens,1,2.1,Kolkata Knight Riders,Sunrisers Hyderabad,MS Bisla,G Gambhir,DW Steyn,0,0,,,,,,,,,
598013,2013,2013-04-14,Eden Gardens,1,2.2,Kolkata Knight Riders,Sunrisers Hyderabad,MS Bisla,G Gambhir,DW Steyn,1,0,,,,,,,,,
598013,2013,2013-04-14,Eden Gardens,1,2.3,Kolkata Knight Riders,Sunrisers Hyderabad,G Gambhir,MS Bisla,DW Steyn,3,0,,,,,,,,,
598013,2013,2013-04-14,Eden Gardens,1,2.4,Kolkata Knight Riders,Sunrisers Hyderabad,MS Bisla,G Gambhir,DW Steyn,1,0,,,,,,,,,
598013,2013,2013-04-14,Eden Gardens,1,2.5,Kolkata Knight Riders,Sunrisers Hyderabad,G Gambhir,MS Bisla,DW Steyn,0,0,,,,,,,,,
598013,2013,2013-04-14,Eden Gardens,1,2.6,Kolkata Knight Riders,Sunrisers Hyderabad,G Gambhir,MS Bisla,DW Steyn,1,0,,,,,,,,,
598013,2013,2013-04-14,Eden Gardens,1,3.1,Kolkata Knight Riders,Sunrisers Hyderabad,G Gambhir,MS Bisla,I Sharma,2,0,,,,,,,,,
598013,2013,2013-04-14,Eden Gardens,1,3.2,Kolkata Knight Riders,Sunrisers Hyderabad,G Gambhir,MS Bisla,I Sharma,0,0,,,,,,,,,
598013,2013,2013-04-14,Eden Gardens,1,3.3,Kolkata Knight Riders,Sunrisers Hyderabad,G Gambhir,MS Bisla,I Sharma,0,1,,,,1,,,,,
598013,2013,2013-04-14,Eden Gardens,1,3.4,Kolkata Knight Riders,Sunrisers Hyderabad,MS Bisla,G Gambhir,I Sharma,0,0,,,,,,,,,
598013,2013,2013-04-14,Eden Gardens,1,3.5,Kolkata Knight Riders,Sunrisers Hyderabad,MS Bisla,G Gambhir,I Sharma,4,0,,,,,,,,,
598013,2013,2013-04-14,Eden Gardens,1,3.6,Kolkata Knight Riders,Sunrisers Hyderabad,MS Bisla,G Gambhir,I Sharma,0,0,,,,,,,,,
598013,2013,2013-04-14,Eden Gardens,1,4.1,Kolkata Knight Riders,Sunrisers Hyderabad,G Gambhir,MS Bisla,NLTC Perera,0,1,,,,1,,,,,
598013,2013,2013-04-14,Eden Gardens,1,4.2,Kolkata Knight Riders,Sunrisers Hyderabad,MS Bisla,G Gambhir,NLTC Perera,4,0,,,,,,,,,
598013,2013,2013-04-14,Eden Gardens,1,4.3,Kolkata Knight Riders,Sunrisers Hyderabad,MS Bisla,G Gambhir,NLTC Perera,4,0,,,,,,,,,
598013,2013,2013-04-14,Eden Gardens,1,4.4,Kolkata Knight Riders,Sunrisers Hyderabad,MS Bisla,G Gambhir,NLTC Perera,0,0,,,,,,,,,
598013,2013,2013-04-14,Eden Gardens,1,4.5,Kolkata Knight Riders,Sunrisers Hyderabad,MS Bisla,G Gambhir,NLTC Perera,1,0,,,,,,,,,
598013,2013,2013-04-14,Eden Gardens,1,4.6,Kolkata Knight Riders,Sunrisers Hyderabad,G Gambhir,MS Bisla,NLTC Perera,1,0,,,,,,,,,
598013,2013,2013-04-14,Eden Gardens,1,5.1,Kolkata Knight Riders,Sunrisers Hyderabad,G Gambhir,MS Bisla,I Sharma,4,0,,,,,,,,,
598013,2013,2013-04-14,Eden Gardens,1,5.2,Kolkata Knight Riders,Sunrisers Hyderabad,G Gambhir,MS Bisla,I Sharma,1,0,,,,,,,,,
598013,2013,2013-04-14,Eden Gardens,1,5.3,Kolkata Knight Riders,Sunrisers Hyderabad,MS Bisla,G Gambhir,I Sharma,0,0,,,,,,,,,
598013,2013,2013-04-14,Eden Gardens,1,5.4,Kolkata Knight Riders,Sunrisers Hyderabad,MS Bisla,G Gambhir,I Sharma,0,0,,,,,,,,,
598013,2013,2013-04-14,Eden Gardens,1,5.5,Kolkata Knight Riders,Sunrisers Hyderabad,MS Bisla,G Gambhir,I Sharma,1,0,,,,,,,,,
598013,2013,2013-04-14,Eden Gardens,1,5.6,Kolkata Knight Riders,Sunrisers Hyderabad,G Gambhir,MS Bisla,I Sharma,0,0,,,,,,,,,
598013,2013,2013-04-14,Eden Gardens,1,6.1,Kolkata Knight Riders,Sunrisers Hyderabad,MS Bisla,G Gambhir,A Mishra,1,0,,,,,,,,,
598013,2013,2013-04-14,Eden Gardens,1,6.2,Kolkata Knight Riders,Sunrisers Hyderabad,G Gambhir,MS Bisla,A Mishra,0,0,,,,,,,,,
598013,2013,2013-04-14,Eden Gardens,1,6.3,Kolkata Knight Riders,Sunrisers Hyderabad,G Gambhir,MS Bisla,A Mishra,0,0,,,,,,,,,
598013,2013,2013-04-14,Eden Gardens,1,6.4,Kolkata Knight Riders,Sunrisers Hyderabad,G Gambhir,MS Bisla,A Mishra,4,0,,,,,,,,,
598013,2013,2013-04-14,Eden Gardens,1,6.5,Kolkata Knight Riders,Sunrisers Hyderabad,G Gambhir,MS Bisla,A Mishra,4,0,,,,,,,,,
598013,2013,2013-04-14,Eden Gardens,1,6.6,Kolkata Knight Riders,Sunrisers Hyderabad,G Gambhir,MS Bisla,A Mishra,0,0,,,,,,,,,
598013,2013,2013-04-14,Eden Gardens,1,7.1,Kolkata Knight Riders,Sunrisers Hyderabad,MS Bisla,G Gambhir,KV Sharma,1,0,,,,,,,,,
598013,2013,2013-04-14,Eden Gardens,1,7.2,Kolkata Knight Riders,Sunrisers Hyderabad,G Gambhir,MS Bisla,KV Sharma,0,0,,,,,,,,,
598013,2013,2013-04-14,Eden Gardens,1,7.3,Kolkata Knight Riders,Sunrisers Hyderabad,G Gambhir,MS Bisla,KV Sharma,1,0,,,,,,,,,
598013,2013,2013-04-14,Eden Gardens,1,7.4,Kolkata Knight Riders,Sunrisers Hyderabad,MS Bisla,G Gambhir,KV Sharma,0,0,,,,,,caught,MS Bisla,,
598013,2013,2013-04-14,Eden Gardens,1,7.5,Kolkata Knight Riders,Sunrisers Hyderabad,G Gambhir,JH Kallis,KV Sharma,2,0,,,,,,,,,
598013,2013,2013-04-14,Eden Gardens,1,7.6,Kolkata Knight Riders,Sunrisers Hyderabad,G Gambhir,JH Kallis,KV Sharma,1,0,,,,,,,,,
598013,2013,2013-04-14,Eden Gardens,1,8.1,Kolkata Knight Riders,Sunrisers Hyderabad,G Gambhir,JH Kallis,A Mishra,1,0,,,,,,,,,
598013,2013,2013-04-14,Eden Gardens,1,8.2,Kolkata Knight Riders,Sunrisers Hyderabad,JH Kallis,G Gambhir,A Mishra,1,0,,,,,,,,,
598013,2013,2013-04-14,Eden Gardens,1,8.3,Kolkata Knight Riders,Sunrisers Hyderabad,G Gambhir,JH Kallis,A Mishra,0,0,,,,,,,,,
598013,2013,2013-04-14,Eden Gardens,1,8.4,Kolkata Knight Riders,Sunrisers Hyderabad,G Gambhir,JH Kallis,A Mishra,0,0,,,,,,,,,
598013,2013,2013-04-14,Eden Gardens,1,8.5,Kolkata Knight Riders,Sunrisers Hyderabad,G Gambhir,JH Kallis,A Mishra,0,0,,,,,,,,,
598013,2013,2013-04-14,Eden Gardens,1,8.6,Kolkata Knight Riders,Sunrisers Hyderabad,G Gambhir,JH Kallis,A Mishra,4,0,,,,,,,,,
598013,2013,2013-04-14,Eden Gardens,1,9.1,Kolkata Knight Riders,Sunrisers Hyderabad,JH Kallis,G Gambhir,KV Sharma,1,0,,,,,,,,,
598013,2013,2013-04-14,Eden Gardens,1,9.2,Kolkata Knight Riders,Sunrisers Hyderabad,G Gambhir,JH Kallis,KV Sharma,0,0,,,,,,,,,
598013,2013,2013-04-14,Eden Gardens,1,9.3,Kolkata Knight Riders,Sunrisers Hyderabad,G Gambhir,JH Kallis,KV Sharma,0,0,,,,,,,,,
598013,2013,2013-04-14,Eden Gardens,1,9.4,Kolkata Knight Riders,Sunrisers Hyderabad,G Gambhir,JH Kallis,KV Sharma,6,0,,,,,,,,,
598013,2013,2013-04-14,Eden Gardens,1,9.5,Kolkata Knight Riders,Sunrisers Hyderabad,G Gambhir,JH Kallis,KV Sharma,1,0,,,,,,,,,
598013,2013,2013-04-14,Eden Gardens,1,9.6,Kolkata Knight Riders,Sunrisers Hyderabad,JH Kallis,G Gambhir,KV Sharma,0,0,,,,,,,,,
598013,2013,2013-04-14,Eden Gardens,1,10.1,Kolkata Knight Riders,Sunrisers Hyderabad,G Gambhir,JH Kallis,NLTC Perera,0,0,,,,,,,,,
598013,2013,2013-04-14,Eden Gardens,1,10.2,Kolkata Knight Riders,Sunrisers Hyderabad,G Gambhir,JH Kallis,NLTC Perera,1,0,,,,,,,,,
598013,2013,2013-04-14,Eden Gardens,1,10.3,Kolkata Knight Riders,Sunrisers Hyderabad,JH Kallis,G Gambhir,NLTC Perera,1,0,,,,,,,,,
598013,2013,2013-04-14,Eden Gardens,1,10.4,Kolkata Knight Riders,Sunrisers Hyderabad,G Gambhir,JH Kallis,NLTC Perera,0,1,1,,,,,,,,
598013,2013,2013-04-14,Eden Gardens,1,10.5,Kolkata Knight Riders,Sunrisers Hyderabad,G Gambhir,JH Kallis,NLTC Perera,0,0,,,,,,,,,
598013,2013,2013-04-14,Eden Gardens,1,10.6,Kolkata Knight Riders,Sunrisers Hyderabad,G Gambhir,JH Kallis,NLTC Perera,1,0,,,,,,,,,
598013,2013,2013-04-14,Eden Gardens,1,10.7,Kolkata Knight Riders,Sunrisers Hyderabad,JH Kallis,G Gambhir,NLTC Perera,1,0,,,,,,,,,
598013,2013,2013-04-14,Eden Gardens,1,11.1,Kolkata Knight Riders,Sunrisers Hyderabad,JH Kallis,G Gambhir,A Ashish Reddy,0,0,,,,,,,,,
598013,2013,2013-04-14,Eden Gardens,1,11.2,Kolkata Knight Riders,Sunrisers Hyderabad,JH Kallis,G Gambhir,A Ashish Reddy,1,0,,,,,,,,,
598013,2013,2013-04-14,Eden Gardens,1,11.3,Kolkata Knight Riders,Sunrisers Hyderabad,G Gambhir,JH Kallis,A Ashish Reddy,1,0,,,,,,,,,
598013,2013,2013-04-14,Eden Gardens,1,11.4,Kolkata Knight Riders,Sunrisers Hyderabad,JH Kallis,G Gambhir,A Ashish Reddy,1,0,,,,,,,,,
598013,2013,2013-04-14,Eden Gardens,1,11.5,Kolkata Knight Riders,Sunrisers Hyderabad,G Gambhir,JH Kallis,A Ashish Reddy,4,0,,,,,,,,,
598013,2013,2013-04-14,Eden Gardens,1,11.6,Kolkata Knight Riders,Sunrisers Hyderabad,G Gambhir,JH Kallis,A Ashish Reddy,0,0,,,,,,,,,
598013,2013,2013-04-14,Eden Gardens,1,12.1,Kolkata Knight Riders,Sunrisers Hyderabad,JH Kallis,G Gambhir,NLTC Perera,1,0,,,,,,,,,
598013,2013,2013-04-14,Eden Gardens,1,12.2,Kolkata Knight Riders,Sunrisers Hyderabad,G Gambhir,JH Kallis,NLTC Perera,1,0,,,,,,,,,
598013,2013,2013-04-14,Eden Gardens,1,12.3,Kolkata Knight Riders,Sunrisers Hyderabad,JH Kallis,G Gambhir,NLTC Perera,1,0,,,,,,,,,
598013,2013,2013-04-14,Eden Gardens,1,12.4,Kolkata Knight Riders,Sunrisers Hyderabad,G Gambhir,JH Kallis,NLTC Perera,0,0,,,,,,,,,
598013,2013,2013-04-14,Eden Gardens,1,12.5,Kolkata Knight Riders,Sunrisers Hyderabad,G Gambhir,JH Kallis,NLTC Perera,1,0,,,,,,,,,
598013,2013,2013-04-14,Eden Gardens,1,12.6,Kolkata Knight Riders,Sunrisers Hyderabad,JH Kallis,G Gambhir,NLTC Perera,4,0,,,,,,,,,
598013,2013,2013-04-14,Eden Gardens,1,13.1,Kolkata Knight Riders,Sunrisers Hyderabad,G Gambhir,JH Kallis,A Ashish Reddy,1,0,,,,,,,,,
598013,2013,2013-04-14,Eden Gardens,1,13.2,Kolkata Knight Riders,Sunrisers Hyderabad,JH Kallis,G Gambhir,A Ashish Reddy,4,0,,,,,,,,,
598013,2013,2013-04-14,Eden Gardens,1,13.3,Kolkata Knight Riders,Sunrisers Hyderabad,JH Kallis,G Gambhir,A Ashish Reddy,1,0,,,,,,,,,
598013,2013,2013-04-14,Eden Gardens,1,13.4,Kolkata Knight Riders,Sunrisers Hyderabad,G Gambhir,JH Kallis,A Ashish Reddy,0,0,,,,,,bowled,G Gambhir,,
598013,2013,2013-04-14,Eden Gardens,1,13.5,Kolkata Knight Riders,Sunrisers Hyderabad,EJG Morgan,JH Kallis,A Ashish Reddy,2,0,,,,,,,,,
598013,2013,2013-04-14,Eden Gardens,1,13.6,Kolkata Knight Riders,Sunrisers Hyderabad,EJG Morgan,JH Kallis,A Ashish Reddy,0,0,,,,,,,,,
598013,2013,2013-04-14,Eden Gardens,1,14.1,Kolkata Knight Riders,Sunrisers Hyderabad,JH Kallis,EJG Morgan,DW Steyn,1,0,,,,,,,,,
598013,2013,2013-04-14,Eden Gardens,1,14.2,Kolkata Knight Riders,Sunrisers Hyderabad,EJG Morgan,JH Kallis,DW Steyn,0,0,,,,,,,,,
598013,2013,2013-04-14,Eden Gardens,1,14.3,Kolkata Knight Riders,Sunrisers Hyderabad,EJG Morgan,JH Kallis,DW Steyn,0,0,,,,,,,,,
598013,2013,2013-04-14,Eden Gardens,1,14.4,Kolkata Knight Riders,Sunrisers Hyderabad,EJG Morgan,JH Kallis,DW Steyn,0,0,,,,,,,,,
598013,2013,2013-04-14,Eden Gardens,1,14.5,Kolkata Knight Riders,Sunrisers Hyderabad,EJG Morgan,JH Kallis,DW Steyn,0,0,,,,,,,,,
598013,2013,2013-04-14,Eden Gardens,1,14.6,Kolkata Knight Riders,Sunrisers Hyderabad,EJG Morgan,JH Kallis,DW Steyn,4,0,,,,,,,,,
598013,2013,2013-04-14,Eden Gardens,1,15.1,Kolkata Knight Riders,Sunrisers Hyderabad,JH Kallis,EJG Morgan,A Mishra,1,0,,,,,,,,,
598013,2013,2013-04-14,Eden Gardens,1,15.2,Kolkata Knight Riders,Sunrisers Hyderabad,EJG Morgan,JH Kallis,A Mishra,0,0,,,,,,,,,
598013,2013,2013-04-14,Eden Gardens,1,15.3,Kolkata Knight Riders,Sunrisers Hyderabad,EJG Morgan,JH Kallis,A Mishra,6,0,,,,,,,,,
598013,2013,2013-04-14,Eden Gardens,1,15.4,Kolkata Knight Riders,Sunrisers Hyderabad,EJG Morgan,JH Kallis,A Mishra,4,0,,,,,,,,,
598013,2013,2013-04-14,Eden Gardens,1,15.5,Kolkata Knight Riders,Sunrisers Hyderabad,EJG Morgan,JH Kallis,A Mishra,1,0,,,,,,,,,
598013,2013,2013-04-14,Eden Gardens,1,15.6,Kolkata Knight Riders,Sunrisers Hyderabad,JH Kallis,EJG Morgan,A Mishra,1,0,,,,,,,,,
598013,2013,2013-04-14,Eden Gardens,1,16.1,Kolkata Knight Riders,Sunrisers Hyderabad,JH Kallis,EJG Morgan,I Sharma,0,0,,,,,,,,,
598013,2013,2013-04-14,Eden Gardens,1,16.2,Kolkata Knight Riders,Sunrisers Hyderabad,JH Kallis,EJG Morgan,I Sharma,1,0,,,,,,,,,
598013,2013,2013-04-14,Eden Gardens,1,16.3,Kolkata Knight Riders,Sunrisers Hyderabad,EJG Morgan,JH Kallis,I Sharma,0,1,1,,,,,,,,
598013,2013,2013-04-14,Eden Gardens,1,16.4,Kolkata Knight Riders,Sunrisers Hyderabad,EJG Morgan,JH Kallis,I Sharma,2,0,,,,,,,,,
598013,2013,2013-04-14,Eden Gardens,1,16.5,Kolkata Knight Riders,Sunrisers Hyderabad,EJG Morgan,JH Kallis,I Sharma,1,0,,,,,,,,,
598013,2013,2013-04-14,Eden Gardens,1,16.6,Kolkata Knight Riders,Sunrisers Hyderabad,JH Kallis,EJG Morgan,I Sharma,4,0,,,,,,,,,
598013,2013,2013-04-14,Eden Gardens,1,16.7,Kolkata Knight Riders,Sunrisers Hyderabad,JH Kallis,EJG Morgan,I Sharma,4,0,,,,,,,,,
598013,2013,2013-04-14,Eden Gardens,1,17.1,Kolkata Knight Riders,Sunrisers Hyderabad,EJG Morgan,JH Kallis,NLTC Perera,2,0,,,,,,,,,
598013,2013,2013-04-14,Eden Gardens,1,17.2,Kolkata Knight Riders,Sunrisers Hyderabad,EJG Morgan,JH Kallis,NLTC Perera,4,0,,,,,,,,,
598013,2013,2013-04-14,Eden Gardens,1,17.3,Kolkata Knight Riders,Sunrisers Hyderabad,EJG Morgan,JH Kallis,NLTC Perera,6,0,,,,,,,,,
598013,2013,2013-04-14,Eden Gardens,1,17.4,Kolkata Knight Riders,Sunrisers Hyderabad,EJG Morgan,JH Kallis,NLTC Perera,4,0,,,,,,,,,
598013,2013,2013-04-14,Eden Gardens,1,17.5,Kolkata Knight Riders,Sunrisers Hyderabad,EJG Morgan,JH Kallis,NLTC Perera,0,1,1,,,,,,,,
598013,2013,2013-04-14,Eden Gardens,1,17.6,Kolkata Knight Riders,Sunrisers Hyderabad,EJG Morgan,JH Kallis,NLTC Perera,4,0,,,,,,,,,
598013,2013,2013-04-14,Eden Gardens,1,17.7,Kolkata Knight Riders,Sunrisers Hyderabad,EJG Morgan,JH Kallis,NLTC Perera,0,1,,,,1,,,,,
598013,2013,2013-04-14,Eden Gardens,1,18.1,Kolkata Knight Riders,Sunrisers Hyderabad,EJG Morgan,JH Kallis,DW Steyn,0,1,1,,,,,,,,
598013,2013,2013-04-14,Eden Gardens,1,18.2,Kolkata Knight Riders,Sunrisers Hyderabad,EJG Morgan,JH Kallis,DW Steyn,6,0,,,,,,,,,
598013,2013,2013-04-14,Eden Gardens,1,18.3,Kolkata Knight Riders,Sunrisers Hyderabad,EJG Morgan,JH Kallis,DW Steyn,1,0,,,,,,,,,
598013,2013,2013-04-14,Eden Gardens,1,18.4,Kolkata Knight Riders,Sunrisers Hyderabad,JH Kallis,EJG Morgan,DW Steyn,4,0,,,,,,,,,
598013,2013,2013-04-14,Eden Gardens,1,18.5,Kolkata Knight Riders,Sunrisers Hyderabad,JH Kallis,EJG Morgan,DW Steyn,0,0,,,,,,run out,EJG Morgan,,
598013,2013,2013-04-14,Eden Gardens,1,18.6,Kolkata Knight Riders,Sunrisers Hyderabad,YK Pathan,JH Kallis,DW Steyn,1,0,,,,,,,,,
598013,2013,2013-04-14,Eden Gardens,1,18.7,Kolkata Knight Riders,Sunrisers Hyderabad,JH Kallis,YK Pathan,DW Steyn,2,0,,,,,,,,,
598013,2013,2013-04-14,Eden Gardens,1,19.1,Kolkata Knight Riders,Sunrisers Hyderabad,YK Pathan,JH Kallis,I Sharma,1,0,,,,,,,,,
598013,2013,2013-04-14,Eden Gardens,1,19.2,Kolkata Knight Riders,Sunrisers Hyderabad,JH Kallis,YK Pathan,I Sharma,4,0,,,,,,,,,
598013,2013,2013-04-14,Eden Gardens,1,19.3,Kolkata Knight Riders,Sunrisers Hyderabad,JH Kallis,YK Pathan,I Sharma,1,0,,,,,,,,,
598013,2013,2013-04-14,Eden Gardens,1,19.4,Kolkata Knight Riders,Sunrisers Hyderabad,YK Pathan,JH Kallis,I Sharma,1,0,,,,,,,,,
598013,2013,2013-04-14,Eden Gardens,1,19.5,Kolkata Knight Riders,Sunrisers Hyderabad,JH Kallis,YK Pathan,I Sharma,0,0,,,,,,,,,
598013,2013,2013-04-14,Eden Gardens,1,19.6,Kolkata Knight Riders,Sunrisers Hyderabad,JH Kallis,YK Pathan,I Sharma,1,0,,,,,,run out,JH Kallis,,
598013,2013,2013-04-14,Eden Gardens,2,0.1,Sunrisers Hyderabad,Kolkata Knight Riders,PA Patel,CL White,L Balaji,1,0,,,,,,,,,
598013,2013,2013-04-14,Eden Gardens,2,0.2,Sunrisers Hyderabad,Kolkata Knight Riders,CL White,PA Patel,L Balaji,0,0,,,,,,,,,
598013,2013,2013-04-14,Eden Gardens,2,0.3,Sunrisers Hyderabad,Kolkata Knight Riders,CL White,PA Patel,L Balaji,0,1,,,,1,,,,,
598013,2013,2013-04-14,Eden Gardens,2,0.4,Sunrisers Hyderabad,Kolkata Knight Riders,PA Patel,CL White,L Balaji,0,0,,,,,,,,,
598013,2013,2013-04-14,Eden Gardens,2,0.5,Sunrisers Hyderabad,Kolkata Knight Riders,PA Patel,CL White,L Balaji,0,1,,,1,,,,,,
598013,2013,2013-04-14,Eden Gardens,2,0.6,Sunrisers Hyderabad,Kolkata Knight Riders,CL White,PA Patel,L Balaji,4,0,,,,,,,,,
598013,2013,2013-04-14,Eden Gardens,2,1.1,Sunrisers Hyderabad,Kolkata Knight Riders,PA Patel,CL White,SMSM Senanayake,0,0,,,,,,,,,
598013,2013,2013-04-14,Eden Gardens,2,1.2,Sunrisers Hyderabad,Kolkata Knight Riders,PA Patel,CL White,SMSM Senanayake,1,0,,,,,,,,,
598013,2013,2013-04-14,Eden Gardens,2,1.3,Sunrisers Hyderabad,Kolkata Knight Riders,CL White,PA Patel,SMSM Senanayake,1,0,,,,,,,,,
598013,2013,2013-04-14,Eden Gardens,2,1.4,Sunrisers Hyderabad,Kolkata Knight Riders,PA Patel,CL White,SMSM Senanayake,1,0,,,,,,,,,
598013,2013,2013-04-14,Eden Gardens,2,1.5,Sunrisers Hyderabad,Kolkata Knight Riders,CL White,PA Patel,SMSM Senanayake,1,0,,,,,,,,,
598013,2013,2013-04-14,Eden Gardens,2,1.6,Sunrisers Hyderabad,Kolkata Knight Riders,PA Patel,CL White,SMSM Senanayake,0,0,,,,,,,,,
598013,2013,2013-04-14,Eden Gardens,2,2.1,Sunrisers Hyderabad,Kolkata Knight Riders,CL White,PA Patel,L Balaji,1,0,,,,,,,,,
598013,2013,2013-04-14,Eden Gardens,2,2.2,Sunrisers Hyderabad,Kolkata Knight Riders,PA Patel,CL White,L Balaji,1,0,,,,,,,,,
598013,2013,2013-04-14,Eden Gardens,2,2.3,Sunrisers Hyderabad,Kolkata Knight Riders,CL White,PA Patel,L Balaji,0,0,,,,,,,,,
598013,2013,2013-04-14,Eden Gardens,2,2.4,Sunrisers Hyderabad,Kolkata Knight Riders,CL White,PA Patel,L Balaji,1,0,,,,,,,,,
598013,2013,2013-04-14,Eden Gardens,2,2.5,Sunrisers Hyderabad,Kolkata Knight Riders,PA Patel,CL White,L Balaji,6,0,,,,,,,,,
598013,2013,2013-04-14,Eden Gardens,2,2.6,Sunrisers Hyderabad,Kolkata Knight Riders,PA Patel,CL White,L Balaji,4,0,,,,,,,,,
598013,2013,2013-04-14,Eden Gardens,2,3.1,Sunrisers Hyderabad,Kolkata Knight Riders,CL White,PA Patel,SMSM Senanayake,1,0,,,,,,,,,
598013,2013,2013-04-14,Eden Gardens,2,3.2,Sunrisers Hyderabad,Kolkata Knight Riders,PA Patel,CL White,SMSM Senanayake,0,1,,,,1,,,,,
598013,2013,2013-04-14,Eden Gardens,2,3.3,Sunrisers Hyderabad,Kolkata Knight Riders,CL White,PA Patel,SMSM Senanayake,1,0,,,,,,,,,
598013,2013,2013-04-14,Eden Gardens,2,3.4,Sunrisers Hyderabad,Kolkata Knight Riders,PA Patel,CL White,SMSM Senanayake,0,0,,,,,,,,,
598013,2013,2013-04-14,Eden Gardens,2,3.5,Sunrisers Hyderabad,Kolkata Knight Riders,PA Patel,CL White,SMSM Senanayake,1,0,,,,,,,,,
598013,2013,2013-04-14,Eden Gardens,2,3.6,Sunrisers Hyderabad,Kolkata Knight Riders,CL White,PA Patel,SMSM Senanayake,1,0,,,,,,,,,
598013,2013,2013-04-14,Eden Gardens,2,4.1,Sunrisers Hyderabad,Kolkata Knight Riders,CL White,PA Patel,SP Narine,1,0,,,,,,,,,
598013,2013,2013-04-14,Eden Gardens,2,4.2,Sunrisers Hyderabad,Kolkata Knight Riders,PA Patel,CL White,SP Narine,0,0,,,,,,,,,
598013,2013,2013-04-14,Eden Gardens,2,4.3,Sunrisers Hyderabad,Kolkata Knight Riders,PA Patel,CL White,SP Narine,1,0,,,,,,,,,
598013,2013,2013-04-14,Eden Gardens,2,4.4,Sunrisers Hyderabad,Kolkata Knight Riders,CL White,PA Patel,SP Narine,0,0,,,,,,,,,
598013,2013,2013-04-14,Eden Gardens,2,4.5,Sunrisers Hyderabad,Kolkata Knight Riders,CL White,PA Patel,SP Narine,1,0,,,,,,,,,
598013,2013,2013-04-14,Eden Gardens,2,4.6,Sunrisers Hyderabad,Kolkata Knight Riders,PA Patel,CL White,SP Narine,1,0,,,,,,,,,
598013,2013,2013-04-14,Eden Gardens,2,5.1,Sunrisers Hyderabad,Kolkata Knight Riders,PA Patel,CL White,SMSM Senanayake,0,1,1,,,,,,,,
598013,2013,2013-04-14,Eden Gardens,2,5.2,Sunrisers Hyderabad,Kolkata Knight Riders,PA Patel,CL White,SMSM Senanayake,1,0,,,,,,,,,
598013,2013,2013-04-14,Eden Gardens,2,5.3,Sunrisers Hyderabad,Kolkata Knight Riders,CL White,PA Patel,SMSM Senanayake,0,0,,,,,,,,,
598013,2013,2013-04-14,Eden Gardens,2,5.4,Sunrisers Hyderabad,Kolkata Knight Riders,CL White,PA Patel,SMSM Senanayake,1,0,,,,,,,,,
598013,2013,2013-04-14,Eden Gardens,2,5.5,Sunrisers Hyderabad,Kolkata Knight Riders,PA Patel,CL White,SMSM Senanayake,1,0,,,,,,,,,
598013,2013,2013-04-14,Eden Gardens,2,5.6,Sunrisers Hyderabad,Kolkata Knight Riders,CL White,PA Patel,SMSM Senanayake,1,0,,,,,,,,,
598013,2013,2013-04-14,Eden Gardens,2,5.7,Sunrisers Hyderabad,Kolkata Knight Riders,PA Patel,CL White,SMSM Senanayake,1,0,,,,,,,,,
598013,2013,2013-04-14,Eden Gardens,2,6.1,Sunrisers Hyderabad,Kolkata Knight Riders,PA Patel,CL White,JH Kallis,0,1,,,,1,,,,,
598013,2013,2013-04-14,Eden Gardens,2,6.2,Sunrisers Hyderabad,Kolkata Knight Riders,CL White,PA Patel,JH Kallis,0,0,,,,,,,,,
598013,2013,2013-04-14,Eden Gardens,2,6.3,Sunrisers Hyderabad,Kolkata Knight Riders,CL White,PA Patel,JH Kallis,0,1,,,,1,,,,,
598013,2013,2013-04-14,Eden Gardens,2,6.4,Sunrisers Hyderabad,Kolkata Knight Riders,PA Patel,CL White,JH Kallis,0,0,,,,,,,,,
598013,2013,2013-04-14,Eden Gardens,2,6.5,Sunrisers Hyderabad,Kolkata Knight Riders,PA Patel,CL White,JH Kallis,4,0,,,,,,,,,
598013,2013,2013-04-14,Eden Gardens,2,6.6,Sunrisers Hyderabad,Kolkata Knight Riders,PA Patel,CL White,JH Kallis,0,0,,,,,,,,,
598013,2013,2013-04-14,Eden Gardens,2,7.1,Sunrisers Hyderabad,Kolkata Knight Riders,CL White,PA Patel,R Bhatia,6,0,,,,,,,,,
598013,2013,2013-04-14,Eden Gardens,2,7.2,Sunrisers Hyderabad,Kolkata Knight Riders,CL White,PA Patel,R Bhatia,1,0,,,,,,,,,
598013,2013,2013-04-14,Eden Gardens,2,7.3,Sunrisers Hyderabad,Kolkata Knight Riders,PA Patel,CL White,R Bhatia,1,0,,,,,,,,,
598013,2013,2013-04-14,Eden Gardens,2,7.4,Sunrisers Hyderabad,Kolkata Knight Riders,CL White,PA Patel,R Bhatia,1,0,,,,,,,,,
598013,2013,2013-04-14,Eden Gardens,2,7.5,Sunrisers Hyderabad,Kolkata Knight Riders,PA Patel,CL White,R Bhatia,0,0,,,,,,,,,
598013,2013,2013-04-14,Eden Gardens,2,7.6,Sunrisers Hyderabad,Kolkata Knight Riders,PA Patel,CL White,R Bhatia,1,0,,,,,,,,,
598013,2013,2013-04-14,Eden Gardens,2,8.1,Sunrisers Hyderabad,Kolkata Knight Riders,PA Patel,CL White,JH Kallis,0,0,,,,,,,,,
598013,2013,2013-04-14,Eden Gardens,2,8.2,Sunrisers Hyderabad,Kolkata Knight Riders,PA Patel,CL White,JH Kallis,0,0,,,,,,,,,
598013,2013,2013-04-14,Eden Gardens,2,8.3,Sunrisers Hyderabad,Kolkata Knight Riders,PA Patel,CL White,JH Kallis,1,0,,,,,,,,,
598013,2013,2013-04-14,Eden Gardens,2,8.4,Sunrisers Hyderabad,Kolkata Knight Riders,CL White,PA Patel,JH Kallis,1,0,,,,,,,,,
598013,2013,2013-04-14,Eden Gardens,2,8.5,Sunrisers Hyderabad,Kolkata Knight Riders,PA Patel,CL White,JH Kallis,0,0,,,,,,,,,
598013,2013,2013-04-14,Eden Gardens,2,8.6,Sunrisers Hyderabad,Kolkata Knight Riders,PA Patel,CL White,JH Kallis,0,0,,,,,,bowled,PA Patel,,
598013,2013,2013-04-14,Eden Gardens,2,9.1,Sunrisers Hyderabad,Kolkata Knight Riders,CL White,KC Sangakkara,R Bhatia,0,0,,,,,,,,,
598013,2013,2013-04-14,Eden Gardens,2,9.2,Sunrisers Hyderabad,Kolkata Knight Riders,CL White,KC Sangakkara,R Bhatia,4,0,,,,,,,,,
598013,2013,2013-04-14,Eden Gardens,2,9.3,Sunrisers Hyderabad,Kolkata Knight Riders,CL White,KC Sangakkara,R Bhatia,4,0,,,,,,,,,
598013,2013,2013-04-14,Eden Gardens,2,9.4,Sunrisers Hyderabad,Kolkata Knight Riders,CL White,KC Sangakkara,R Bhatia,1,0,,,,,,,,,
598013,2013,2013-04-14,Eden Gardens,2,9.5,Sunrisers Hyderabad,Kolkata Knight Riders,KC Sangakkara,CL White,R Bhatia,1,0,,,,,,,,,
598013,2013,2013-04-14,Eden Gardens,2,9.6,Sunrisers Hyderabad,Kolkata Knight Riders,CL White,KC Sangakkara,R Bhatia,1,0,,,,,,,,,
598013,2013,2013-04-14,Eden Gardens,2,10.1,Sunrisers Hyderabad,Kolkata Knight Riders,CL White,KC Sangakkara,JH Kallis,0,0,,,,,,,,,
598013,2013,2013-04-14,Eden Gardens,2,10.2,Sunrisers Hyderabad,Kolkata Knight Riders,CL White,KC Sangakkara,JH Kallis,0,0,,,,,,,,,
598013,2013,2013-04-14,Eden Gardens,2,10.3,Sunrisers Hyderabad,Kolkata Knight Riders,CL White,KC Sangakkara,JH Kallis,0,0,,,,,,caught,CL White,,
598013,2013,2013-04-14,Eden Gardens,2,10.4,Sunrisers Hyderabad,Kolkata Knight Riders,DB Ravi Teja,KC Sangakkara,JH Kallis,0,0,,,,,,,,,
598013,2013,2013-04-14,Eden Gardens,2,10.5,Sunrisers Hyderabad,Kolkata Knight Riders,DB Ravi Teja,KC Sangakkara,JH Kallis,0,1,1,,,,,,,,
598013,2013,2013-04-14,Eden Gardens,2,10.6,Sunrisers Hyderabad,Kolkata Knight Riders,DB Ravi Teja,KC Sangakkara,JH Kallis,1,0,,,,,,,,,
598013,2013,2013-04-14,Eden Gardens,2,10.7,Sunrisers Hyderabad,Kolkata Knight Riders,KC Sangakkara,DB Ravi Teja,JH Kallis,1,0,,,,,,,,,
598013,2013,2013-04-14,Eden Gardens,2,11.1,Sunrisers Hyderabad,Kolkata Knight Riders,KC Sangakkara,DB Ravi Teja,R Bhatia,0,0,,,,,,caught,KC Sangakkara,,
598013,2013,2013-04-14,Eden Gardens,2,11.2,Sunrisers Hyderabad,Kolkata Knight Riders,DB Ravi Teja,NLTC Perera,R Bhatia,1,0,,,,,,,,,
598013,2013,2013-04-14,Eden Gardens,2,11.3,Sunrisers Hyderabad,Kolkata Knight Riders,NLTC Perera,DB Ravi Teja,R Bhatia,1,0,,,,,,,,,
598013,2013,2013-04-14,Eden Gardens,2,11.4,Sunrisers Hyderabad,Kolkata Knight Riders,DB Ravi Teja,NLTC Perera,R Bhatia,1,0,,,,,,,,,
598013,2013,2013-04-14,Eden Gardens,2,11.5,Sunrisers Hyderabad,Kolkata Knight Riders,NLTC Perera,DB Ravi Teja,R Bhatia,1,0,,,,,,,,,
598013,2013,2013-04-14,Eden Gardens,2,11.6,Sunrisers Hyderabad,Kolkata Knight Riders,DB Ravi Teja,NLTC Perera,R Bhatia,2,0,,,,,,,,,
598013,2013,2013-04-14,Eden Gardens,2,12.1,Sunrisers Hyderabad,Kolkata Knight Riders,NLTC Perera,DB Ravi Teja,L Balaji,1,0,,,,,,,,,
598013,2013,2013-04-14,Eden Gardens,2,12.2,Sunrisers Hyderabad,Kolkata Knight Riders,DB Ravi Teja,NLTC Perera,L Balaji,0,1,,,,1,,,,,
598013,2013,2013-04-14,Eden Gardens,2,12.3,Sunrisers Hyderabad,Kolkata Knight Riders,NLTC Perera,DB Ravi Teja,L Balaji,3,0,,,,,,,,,
598013,2013,2013-04-14,Eden Gardens,2,12.4,Sunrisers Hyderabad,Kolkata Knight Riders,DB Ravi Teja,NLTC Perera,L Balaji,1,0,,,,,,,,,
598013,2013,2013-04-14,Eden Gardens,2,12.5,Sunrisers Hyderabad,Kolkata Knight Riders,NLTC Perera,DB Ravi Teja,L Balaji,1,0,,,,,,,,,
598013,2013,2013-04-14,Eden Gardens,2,12.6,Sunrisers Hyderabad,Kolkata Knight Riders,DB Ravi Teja,NLTC Perera,L Balaji,1,0,,,,,,,,,
598013,2013,2013-04-14,Eden Gardens,2,13.1,Sunrisers Hyderabad,Kolkata Knight Riders,DB Ravi Teja,NLTC Perera,SP Narine,1,0,,,,,,,,,
598013,2013,2013-04-14,Eden Gardens,2,13.2,Sunrisers Hyderabad,Kolkata Knight Riders,NLTC Perera,DB Ravi Teja,SP Narine,6,0,,,,,,,,,
598013,2013,2013-04-14,Eden Gardens,2,13.3,Sunrisers Hyderabad,Kolkata Knight Riders,NLTC Perera,DB Ravi Teja,SP Narine,4,0,,,,,,,,,
598013,2013,2013-04-14,Eden Gardens,2,13.4,Sunrisers Hyderabad,Kolkata Knight Riders,NLTC Perera,DB Ravi Teja,SP Narine,2,0,,,,,,,,,
598013,2013,2013-04-14,Eden Gardens,2,13.5,Sunrisers Hyderabad,Kolkata Knight Riders,NLTC Perera,DB Ravi Teja,SP Narine,1,0,,,,,,,,,
598013,2013,2013-04-14,Eden Gardens,2,13.6,Sunrisers Hyderabad,Kolkata Knight Riders,DB Ravi Teja,NLTC Perera,SP Narine,0,0,,,,,,,,,
598013,2013,2013-04-14,Eden Gardens,2,14.1,Sunrisers Hyderabad,Kolkata Knight Riders,NLTC Perera,DB Ravi Teja,L Balaji,0,0,,,,,,,,,
598013,2013,2013-04-14,Eden Gardens,2,14.2,Sunrisers Hyderabad,Kolkata Knight Riders,NLTC Perera,DB Ravi Teja,L Balaji,1,0,,,,,,,,,
598013,2013,2013-04-14,Eden Gardens,2,14.3,Sunrisers Hyderabad,Kolkata Knight Riders,DB Ravi Teja,NLTC Perera,L Balaji,1,0,,,,,,,,,
598013,2013,2013-04-14,Eden Gardens,2,14.4,Sunrisers Hyderabad,Kolkata Knight Riders,NLTC Perera,DB Ravi Teja,L Balaji,1,0,,,,,,,,,
598013,2013,2013-04-14,Eden Gardens,2,14.5,Sunrisers Hyderabad,Kolkata Knight Riders,DB Ravi Teja,NLTC Perera,L Balaji,1,0,,,,,,,,,
598013,2013,2013-04-14,Eden Gardens,2,14.6,Sunrisers Hyderabad,Kolkata Knight Riders,NLTC Perera,DB Ravi Teja,L Balaji,1,0,,,,,,,,,
598013,2013,2013-04-14,Eden Gardens,2,15.1,Sunrisers Hyderabad,Kolkata Knight Riders,NLTC Perera,DB Ravi Teja,SP Narine,2,0,,,,,,,,,
598013,2013,2013-04-14,Eden Gardens,2,15.2,Sunrisers Hyderabad,Kolkata Knight Riders,NLTC Perera,DB Ravi Teja,SP Narine,1,0,,,,,,,,,
598013,2013,2013-04-14,Eden Gardens,2,15.3,Sunrisers Hyderabad,Kolkata Knight Riders,DB Ravi Teja,NLTC Perera,SP Narine,0,0,,,,,,caught,DB Ravi Teja,,
598013,2013,2013-04-14,Eden Gardens,2,15.4,Sunrisers Hyderabad,Kolkata Knight Riders,NLTC Perera,A Ashish Reddy,SP Narine,1,0,,,,,,,,,
598013,2013,2013-04-14,Eden Gardens,2,15.5,Sunrisers Hyderabad,Kolkata Knight Riders,A Ashish Reddy,NLTC Perera,SP Narine,1,0,,,,,,,,,
598013,2013,2013-04-14,Eden Gardens,2,15.6,Sunrisers Hyderabad,Kolkata Knight Riders,NLTC Perera,A Ashish Reddy,SP Narine,1,0,,,,,,,,,
598013,2013,2013-04-14,Eden Gardens,2,16.1,Sunrisers Hyderabad,Kolkata Knight Riders,NLTC Perera,A Ashish Reddy,SMSM Senanayake,0,1,,,,1,,,,,
598013,2013,2013-04-14,Eden Gardens,2,16.2,Sunrisers Hyderabad,Kolkata Knight Riders,A Ashish Reddy,NLTC Perera,SMSM Senanayake,0,0,,,,,,,,,
598013,2013,2013-04-14,Eden Gardens,2,16.3,Sunrisers Hyderabad,Kolkata Knight Riders,A Ashish Reddy,NLTC Perera,SMSM Senanayake,1,0,,,,,,,,,
598013,2013,2013-04-14,Eden Gardens,2,16.4,Sunrisers Hyderabad,Kolkata Knight Riders,NLTC Perera,A Ashish Reddy,SMSM Senanayake,1,0,,,,,,,,,
598013,2013,2013-04-14,Eden Gardens,2,16.5,Sunrisers Hyderabad,Kolkata Knight Riders,A Ashish Reddy,NLTC Perera,SMSM Senanayake,2,0,,,,,,,,,
598013,2013,2013-04-14,Eden Gardens,2,16.6,Sunrisers Hyderabad,Kolkata Knight Riders,A Ashish Reddy,NLTC Perera,SMSM Senanayake,0,0,,,,,,bowled,A Ashish Reddy,,
598013,2013,2013-04-14,Eden Gardens,2,17.1,Sunrisers Hyderabad,Kolkata Knight Riders,NLTC Perera,KV Sharma,SP Narine,0,0,,,,,,,,,
598013,2013,2013-04-14,Eden Gardens,2,17.2,Sunrisers Hyderabad,Kolkata Knight Riders,NLTC Perera,KV Sharma,SP Narine,4,0,,,,,,,,,
598013,2013,2013-04-14,Eden Gardens,2,17.3,Sunrisers Hyderabad,Kolkata Knight Riders,NLTC Perera,KV Sharma,SP Narine,1,0,,,,,,,,,
598013,2013,2013-04-14,Eden Gardens,2,17.4,Sunrisers Hyderabad,Kolkata Knight Riders,KV Sharma,NLTC Perera,SP Narine,1,0,,,,,,,,,
598013,2013,2013-04-14,Eden Gardens,2,17.5,Sunrisers Hyderabad,Kolkata Knight Riders,NLTC Perera,KV Sharma,SP Narine,1,0,,,,,,,,,
598013,2013,2013-04-14,Eden Gardens,2,17.6,Sunrisers Hyderabad,Kolkata Knight Riders,KV Sharma,NLTC Perera,SP Narine,0,0,,,,,,,,,
598013,2013,2013-04-14,Eden Gardens,2,18.1,Sunrisers Hyderabad,Kolkata Knight Riders,NLTC Perera,KV Sharma,JH Kallis,1,0,,,,,,,,,
598013,2013,2013-04-14,Eden Gardens,2,18.2,Sunrisers Hyderabad,Kolkata Knight Riders,KV Sharma,NLTC Perera,JH Kallis,0,0,,,,,,,,,
598013,2013,2013-04-14,Eden Gardens,2,18.3,Sunrisers Hyderabad,Kolkata Knight Riders,KV Sharma,NLTC Perera,JH Kallis,1,0,,,,,,,,,
598013,2013,2013-04-14,Eden Gardens,2,18.4,Sunrisers Hyderabad,Kolkata Knight Riders,NLTC Perera,KV Sharma,JH Kallis,0,0,,,,,,bowled,NLTC Perera,,
598013,2013,2013-04-14,Eden Gardens,2,18.5,Sunrisers Hyderabad,Kolkata Knight Riders,GH Vihari,KV Sharma,JH Kallis,1,0,,,,,,,,,
598013,2013,2013-04-14,Eden Gardens,2,18.6,Sunrisers Hyderabad,Kolkata Knight Riders,KV Sharma,GH Vihari,JH Kallis,1,0,,,,,,,,,
598013,2013,2013-04-14,Eden Gardens,2,19.1,Sunrisers Hyderabad,Kolkata Knight Riders,KV Sharma,GH Vihari,R Bhatia,0,0,,,,,,,,,
598013,2013,2013-04-14,Eden Gardens,2,19.2,Sunrisers Hyderabad,Kolkata Knight Riders,KV Sharma,GH Vihari,R Bhatia,1,0,,,,,,,,,
598013,2013,2013-04-14,Eden Gardens,2,19.3,Sunrisers Hyderabad,Kolkata Knight Riders,GH Vihari,KV Sharma,R Bhatia,0,0,,,,,,caught,GH Vihari,,
598013,2013,2013-04-14,Eden Gardens,2,19.4,Sunrisers Hyderabad,Kolkata Knight Riders,KV Sharma,A Mishra,R Bhatia,0,3,3,,,,,,,,
598013,2013,2013-04-14,Eden Gardens,2,19.5,Sunrisers Hyderabad,Kolkata Knight Riders,KV Sharma,A Mishra,R Bhatia,1,0,,,,,,,,,
598013,2013,2013-04-14,Eden Gardens,2,19.6,Sunrisers Hyderabad,Kolkata Knight Riders,A Mishra,KV Sharma,R Bhatia,1,0,,,,,,,,,
598013,2013,2013-04-14,Eden Gardens,2,19.7,Sunrisers Hyderabad,Kolkata Knight Riders,KV Sharma,A Mishra,R Bhatia,0,0,,,,,,,,,
