match_id,season,start_date,venue,innings,ball,batting_team,bowling_team,striker,non_striker,bowler,runs_off_bat,extras,wides,noballs,byes,legbyes,penalty,wicket_type,player_dismissed,other_wicket_type,other_player_dismissed
598063,2013,2013-05-15,Wankhede Stadium,1,0.1,Mumbai Indians,Rajasthan Royals,GJ Maxwell,AP Tare,AA Chavan,0,0,,,,,,,,,
598063,2013,2013-05-15,Wankhede Stadium,1,0.2,Mumbai Indians,Rajasthan Royals,GJ Maxwell,AP Tare,AA Chavan,0,0,,,,,,,,,
598063,2013,2013-05-15,Wankhede Stadium,1,0.3,Mumbai Indians,Rajasthan Royals,GJ Maxwell,AP Tare,AA Chavan,0,0,,,,,,,,,
598063,2013,2013-05-15,Wankhede Stadium,1,0.4,Mumbai Indians,Rajasthan Royals,GJ Maxwell,AP Tare,AA Chavan,1,0,,,,,,,,,
598063,2013,2013-05-15,Wankhede Stadium,1,0.5,Mumbai Indians,Rajasthan Royals,AP Tare,GJ Maxwell,AA Chavan,1,0,,,,,,,,,
598063,2013,2013-05-15,Wankhede Stadium,1,0.6,Mumbai Indians,Rajasthan Royals,GJ Maxwell,AP Tare,AA Chavan,0,0,,,,,,,,,
598063,2013,2013-05-15,Wankhede Stadium,1,1.1,Mumbai Indians,Rajasthan Royals,AP Tare,GJ Maxwell,JP Faulkner,1,0,,,,,,,,,
598063,2013,2013-05-15,Wankhede Stadium,1,1.2,Mumbai Indians,Rajasthan Royals,GJ Maxwell,AP Tare,JP Faulkner,0,0,,,,,,,,,
598063,2013,2013-05-15,Wankhede Stadium,1,1.3,Mumbai Indians,Rajasthan Royals,GJ Maxwell,AP Tare,JP Faulkner,0,0,,,,,,,,,
598063,2013,2013-05-15,Wankhede Stadium,1,1.4,Mumbai Indians,Rajasthan Royals,GJ Maxwell,AP Tare,JP Faulkner,6,0,,,,,,,,,
598063,2013,2013-05-15,Wankhede Stadium,1,1.5,Mumbai Indians,Rajasthan Royals,GJ Maxwell,AP Tare,JP Faulkner,0,0,,,,,,,,,
598063,2013,2013-05-15,Wankhede Stadium,1,1.6,Mumbai Indians,Rajasthan Royals,GJ Maxwell,AP Tare,JP Faulkner,1,0,,,,,,,,,
598063,2013,2013-05-15,Wankhede Stadium,1,2.1,Mumbai Indians,Rajasthan Royals,GJ Maxwell,AP Tare,AA Chavan,6,0,,,,,,,,,
598063,2013,2013-05-15,Wankhede Stadium,1,2.2,Mumbai Indians,Rajasthan Royals,GJ Maxwell,AP Tare,AA Chavan,2,0,,,,,,,,,
598063,2013,2013-05-15,Wankhede Stadium,1,2.3,Mumbai Indians,Rajasthan Royals,GJ Maxwell,AP Tare,AA Chavan,6,0,,,,,,,,,
598063,2013,2013-05-15,Wankhede Stadium,1,2.4,Mumbai Indians,Rajasthan Royals,GJ Maxwell,AP Tare,AA Chavan,0,0,,,,,,,,,
598063,2013,2013-05-15,Wankhede Stadium,1,2.5,Mumbai Indians,Rajasthan Royals,GJ Maxwell,AP Tare,AA Chavan,1,0,,,,,,,,,
598063,2013,2013-05-15,Wankhede Stadium,1,2.6,Mumbai Indians,Rajasthan Royals,AP Tare,GJ Maxwell,AA Chavan,0,0,,,,,,,,,
598063,2013,2013-05-15,Wankhede Stadium,1,3.1,Mumbai Indians,Rajasthan Royals,GJ Maxwell,AP Tare,SR Watson,0,0,,,,,,,,,
598063,2013,2013-05-15,Wankhede Stadium,1,3.2,Mumbai Indians,Rajasthan Royals,GJ Maxwell,AP Tare,SR Watson,0,0,,,,,,lbw,GJ Maxwell,,
598063,2013,2013-05-15,Wankhede Stadium,1,3.3,Mumbai Indians,Rajasthan Royals,KD Karthik,AP Tare,SR Watson,0,1,,,,1,,,,,
598063,2013,2013-05-15,Wankhede Stadium,1,3.4,Mumbai Indians,Rajasthan Royals,AP Tare,KD Karthik,SR Watson,1,0,,,,,,,,,
598063,2013,2013-05-15,Wankhede Stadium,1,3.5,Mumbai Indians,Rajasthan Royals,KD Karthik,AP Tare,SR Watson,0,0,,,,,,,,,
598063,2013,2013-05-15,Wankhede Stadium,1,3.6,Mumbai Indians,Rajasthan Royals,KD Karthik,AP Tare,SR Watson,0,0,,,,,,,,,
598063,2013,2013-05-15,Wankhede Stadium,1,4.1,Mumbai Indians,Rajasthan Royals,AP Tare,KD Karthik,AA Chavan,0,0,,,,,,,,,
598063,2013,2013-05-15,Wankhede Stadium,1,4.2,Mumbai Indians,Rajasthan Royals,AP Tare,KD Karthik,AA Chavan,0,0,,,,,,,,,
598063,2013,2013-05-15,Wankhede Stadium,1,4.3,Mumbai Indians,Rajasthan Royals,AP Tare,KD Karthik,AA Chavan,4,0,,,,,,,,,
598063,2013,2013-05-15,Wankhede Stadium,1,4.4,Mumbai Indians,Rajasthan Royals,AP Tare,KD Karthik,AA Chavan,4,0,,,,,,,,,
598063,2013,2013-05-15,Wankhede Stadium,1,4.5,Mumbai Indians,Rajasthan Royals,AP Tare,KD Karthik,AA Chavan,0,0,,,,,,,,,
598063,2013,2013-05-15,Wankhede Stadium,1,4.6,Mumbai Indians,Rajasthan Royals,AP Tare,KD Karthik,AA Chavan,0,0,,,,,,,,,
598063,2013,2013-05-15,Wankhede Stadium,1,5.1,Mumbai Indians,Rajasthan Royals,KD Karthik,AP Tare,SR Watson,0,1,1,,,,,,,,
598063,2013,2013-05-15,Wankhede Stadium,1,5.2,Mumbai Indians,Rajasthan Royals,KD Karthik,AP Tare,SR Watson,0,0,,,,,,,,,
598063,2013,2013-05-15,Wankhede Stadium,1,5.3,Mumbai Indians,Rajasthan Royals,KD Karthik,AP Tare,SR Watson,4,0,,,,,,,,,
598063,2013,2013-05-15,Wankhede Stadium,1,5.4,Mumbai Indians,Rajasthan Royals,KD Karthik,AP Tare,SR Watson,0,1,,,,1,,,,,
598063,2013,2013-05-15,Wankhede Stadium,1,5.5,Mumbai Indians,Rajasthan Royals,AP Tare,KD Karthik,SR Watson,0,0,,,,,,,,,
598063,2013,2013-05-15,Wankhede Stadium,1,5.6,Mumbai Indians,Rajasthan Royals,AP Tare,KD Karthik,SR Watson,2,0,,,,,,,,,
598063,2013,2013-05-15,Wankhede Stadium,1,5.7,Mumbai Indians,Rajasthan Royals,AP Tare,KD Karthik,SR Watson,6,0,,,,,,,,,
598063,2013,2013-05-15,Wankhede Stadium,1,6.1,Mumbai Indians,Rajasthan Royals,KD Karthik,AP Tare,STR Binny,1,0,,,,,,,,,
598063,2013,2013-05-15,Wankhede Stadium,1,6.2,Mumbai Indians,Rajasthan Royals,AP Tare,KD Karthik,STR Binny,4,0,,,,,,,,,
598063,2013,2013-05-15,Wankhede Stadium,1,6.3,Mumbai Indians,Rajasthan Royals,AP Tare,KD Karthik,STR Binny,1,0,,,,,,,,,
598063,2013,2013-05-15,Wankhede Stadium,1,6.4,Mumbai Indians,Rajasthan Royals,KD Karthik,AP Tare,STR Binny,1,0,,,,,,,,,
598063,2013,2013-05-15,Wankhede Stadium,1,6.5,Mumbai Indians,Rajasthan Royals,AP Tare,KD Karthik,STR Binny,0,0,,,,,,,,,
598063,2013,2013-05-15,Wankhede Stadium,1,6.6,Mumbai Indians,Rajasthan Royals,AP Tare,KD Karthik,STR Binny,4,0,,,,,,,,,
598063,2013,2013-05-15,Wankhede Stadium,1,7.1,Mumbai Indians,Rajasthan Royals,KD Karthik,AP Tare,PV Tambe,0,1,1,,,,,,,,
598063,2013,2013-05-15,Wankhede Stadium,1,7.2,Mumbai Indians,Rajasthan Royals,KD Karthik,AP Tare,PV Tambe,1,0,,,,,,,,,
598063,2013,2013-05-15,Wankhede Stadium,1,7.3,Mumbai Indians,Rajasthan Royals,AP Tare,KD Karthik,PV Tambe,2,0,,,,,,,,,
598063,2013,2013-05-15,Wankhede Stadium,1,7.4,Mumbai Indians,Rajasthan Royals,AP Tare,KD Karthik,PV Tambe,1,0,,,,,,,,,
598063,2013,2013-05-15,Wankhede Stadium,1,7.5,Mumbai Indians,Rajasthan Royals,KD Karthik,AP Tare,PV Tambe,0,0,,,,,,,,,
598063,2013,2013-05-15,Wankhede Stadium,1,7.6,Mumbai Indians,Rajasthan Royals,KD Karthik,AP Tare,PV Tambe,0,0,,,,,,,,,
598063,2013,2013-05-15,Wankhede Stadium,1,7.7,Mumbai Indians,Rajasthan Royals,KD Karthik,AP Tare,PV Tambe,1,0,,,,,,,,,
598063,2013,2013-05-15,Wankhede Stadium,1,8.1,Mumbai Indians,Rajasthan Royals,KD Karthik,AP Tare,KK Cooper,1,0,,,,,,,,,
598063,2013,2013-05-15,Wankhede Stadium,1,8.2,Mumbai Indians,Rajasthan Royals,AP Tare,KD Karthik,KK Cooper,4,0,,,,,,,,,
598063,2013,2013-05-15,Wankhede Stadium,1,8.3,Mumbai Indians,Rajasthan Royals,AP Tare,KD Karthik,KK Cooper,1,0,,,,,,,,,
598063,2013,2013-05-15,Wankhede Stadium,1,8.4,Mumbai Indians,Rajasthan Royals,KD Karthik,AP Tare,KK Cooper,1,0,,,,,,,,,
598063,2013,2013-05-15,Wankhede Stadium,1,8.5,Mumbai Indians,Rajasthan Royals,AP Tare,KD Karthik,KK Cooper,0,0,,,,,,,,,
598063,2013,2013-05-15,Wankhede Stadium,1,8.6,Mumbai Indians,Rajasthan Royals,AP Tare,KD Karthik,KK Cooper,0,0,,,,,,,,,
598063,2013,2013-05-15,Wankhede Stadium,1,9.1,Mumbai Indians,Rajasthan Royals,KD Karthik,AP Tare,PV Tambe,1,0,,,,,,,,,
598063,2013,2013-05-15,Wankhede Stadium,1,9.2,Mumbai Indians,Rajasthan Royals,AP Tare,KD Karthik,PV Tambe,0,0,,,,,,,,,
598063,2013,2013-05-15,Wankhede Stadium,1,9.3,Mumbai Indians,Rajasthan Royals,AP Tare,KD Karthik,PV Tambe,2,0,,,,,,,,,
598063,2013,2013-05-15,Wankhede Stadium,1,9.4,Mumbai Indians,Rajasthan Royals,AP Tare,KD Karthik,PV Tambe,1,0,,,,,,,,,
598063,2013,2013-05-15,Wankhede Stadium,1,9.5,Mumbai Indians,Rajasthan Royals,KD Karthik,AP Tare,PV Tambe,4,0,,,,,,,,,
598063,2013,2013-05-15,Wankhede Stadium,1,9.6,Mumbai Indians,Rajasthan Royals,KD Karthik,AP Tare,PV Tambe,0,0,,,,,,,,,
598063,2013,2013-05-15,Wankhede Stadium,1,10.1,Mumbai Indians,Rajasthan Royals,AP Tare,KD Karthik,JP Faulkner,4,0,,,,,,,,,
598063,2013,2013-05-15,Wankhede Stadium,1,10.2,Mumbai Indians,Rajasthan Royals,AP Tare,KD Karthik,JP Faulkner,4,0,,,,,,,,,
598063,2013,2013-05-15,Wankhede Stadium,1,10.3,Mumbai Indians,Rajasthan Royals,AP Tare,KD Karthik,JP Faulkner,1,0,,,,,,,,,
598063,2013,2013-05-15,Wankhede Stadium,1,10.4,Mumbai Indians,Rajasthan Royals,KD Karthik,AP Tare,JP Faulkner,1,0,,,,,,,,,
598063,2013,2013-05-15,Wankhede Stadium,1,10.5,Mumbai Indians,Rajasthan Royals,AP Tare,KD Karthik,JP Faulkner,2,0,,,,,,,,,
598063,2013,2013-05-15,Wankhede Stadium,1,10.6,Mumbai Indians,Rajasthan Royals,AP Tare,KD Karthik,JP Faulkner,1,0,,,,,,,,,
598063,2013,2013-05-15,Wankhede Stadium,1,11.1,Mumbai Indians,Rajasthan Royals,AP Tare,KD Karthik,PV Tambe,1,0,,,,,,,,,
598063,2013,2013-05-15,Wankhede Stadium,1,11.2,Mumbai Indians,Rajasthan Royals,KD Karthik,AP Tare,PV Tambe,1,0,,,,,,,,,
598063,2013,2013-05-15,Wankhede Stadium,1,11.3,Mumbai Indians,Rajasthan Royals,AP Tare,KD Karthik,PV Tambe,1,0,,,,,,,,,
598063,2013,2013-05-15,Wankhede Stadium,1,11.4,Mumbai Indians,Rajasthan Royals,KD Karthik,AP Tare,PV Tambe,4,0,,,,,,,,,
598063,2013,2013-05-15,Wankhede Stadium,1,11.5,Mumbai Indians,Rajasthan Royals,KD Karthik,AP Tare,PV Tambe,0,0,,,,,,caught,KD Karthik,,
598063,2013,2013-05-15,Wankhede Stadium,1,11.6,Mumbai Indians,Rajasthan Royals,AP Tare,RG Sharma,PV Tambe,4,0,,,,,,,,,
598063,2013,2013-05-15,Wankhede Stadium,1,12.1,Mumbai Indians,Rajasthan Royals,RG Sharma,AP Tare,KK Cooper,1,0,,,,,,,,,
598063,2013,2013-05-15,Wankhede Stadium,1,12.2,Mumbai Indians,Rajasthan Royals,AP Tare,RG Sharma,KK Cooper,2,0,,,,,,,,,
598063,2013,2013-05-15,Wankhede Stadium,1,12.3,Mumbai Indians,Rajasthan Royals,AP Tare,RG Sharma,KK Cooper,0,0,,,,,,,,,
598063,2013,2013-05-15,Wankhede Stadium,1,12.4,Mumbai Indians,Rajasthan Royals,AP Tare,RG Sharma,KK Cooper,0,0,,,,,,caught,AP Tare,,
598063,2013,2013-05-15,Wankhede Stadium,1,12.5,Mumbai Indians,Rajasthan Royals,RG Sharma,KA Pollard,KK Cooper,2,0,,,,,,,,,
598063,2013,2013-05-15,Wankhede Stadium,1,12.6,Mumbai Indians,Rajasthan Royals,RG Sharma,KA Pollard,KK Cooper,0,0,,,,,,,,,
598063,2013,2013-05-15,Wankhede Stadium,1,13.1,Mumbai Indians,Rajasthan Royals,KA Pollard,RG Sharma,PV Tambe,0,0,,,,,,,,,
598063,2013,2013-05-15,Wankhede Stadium,1,13.2,Mumbai Indians,Rajasthan Royals,KA Pollard,RG Sharma,PV Tambe,1,0,,,,,,,,,
598063,2013,2013-05-15,Wankhede Stadium,1,13.3,Mumbai Indians,Rajasthan Royals,RG Sharma,KA Pollard,PV Tambe,4,0,,,,,,,,,
598063,2013,2013-05-15,Wankhede Stadium,1,13.4,Mumbai Indians,Rajasthan Royals,RG Sharma,KA Pollard,PV Tambe,1,0,,,,,,,,,
598063,2013,2013-05-15,Wankhede Stadium,1,13.5,Mumbai Indians,Rajasthan Royals,KA Pollard,RG Sharma,PV Tambe,6,0,,,,,,,,,
598063,2013,2013-05-15,Wankhede Stadium,1,13.6,Mumbai Indians,Rajasthan Royals,KA Pollard,RG Sharma,PV Tambe,1,0,,,,,,,,,
598063,2013,2013-05-15,Wankhede Stadium,1,14.1,Mumbai Indians,Rajasthan Royals,KA Pollard,RG Sharma,SR Watson,1,0,,,,,,,,,
598063,2013,2013-05-15,Wankhede Stadium,1,14.2,Mumbai Indians,Rajasthan Royals,RG Sharma,KA Pollard,SR Watson,1,0,,,,,,,,,
598063,2013,2013-05-15,Wankhede Stadium,1,14.3,Mumbai Indians,Rajasthan Royals,KA Pollard,RG Sharma,SR Watson,1,0,,,,,,,,,
598063,2013,2013-05-15,Wankhede Stadium,1,14.4,Mumbai Indians,Rajasthan Royals,RG Sharma,KA Pollard,SR Watson,1,0,,,,,,,,,
598063,2013,2013-05-15,Wankhede Stadium,1,14.5,Mumbai Indians,Rajasthan Royals,KA Pollard,RG Sharma,SR Watson,4,0,,,,,,,,,
598063,2013,2013-05-15,Wankhede Stadium,1,14.6,Mumbai Indians,Rajasthan Royals,KA Pollard,RG Sharma,SR Watson,0,1,,,,1,,,,,
598063,2013,2013-05-15,Wankhede Stadium,1,15.1,Mumbai Indians,Rajasthan Royals,KA Pollard,RG Sharma,JP Faulkner,0,0,,,,,,,,,
598063,2013,2013-05-15,Wankhede Stadium,1,15.2,Mumbai Indians,Rajasthan Royals,KA Pollard,RG Sharma,JP Faulkner,0,1,1,,,,,,,,
598063,2013,2013-05-15,Wankhede Stadium,1,15.3,Mumbai Indians,Rajasthan Royals,KA Pollard,RG Sharma,JP Faulkner,0,0,,,,,,,,,
598063,2013,2013-05-15,Wankhede Stadium,1,15.4,Mumbai Indians,Rajasthan Royals,KA Pollard,RG Sharma,JP Faulkner,1,0,,,,,,,,,
598063,2013,2013-05-15,Wankhede Stadium,1,15.5,Mumbai Indians,Rajasthan Royals,RG Sharma,KA Pollard,JP Faulkner,4,0,,,,,,,,,
598063,2013,2013-05-15,Wankhede Stadium,1,15.6,Mumbai Indians,Rajasthan Royals,RG Sharma,KA Pollard,JP Faulkner,0,0,,,,,,caught,RG Sharma,,
598063,2013,2013-05-15,Wankhede Stadium,1,15.7,Mumbai Indians,Rajasthan Royals,KA Pollard,AT Rayudu,JP Faulkner,1,0,,,,,,,,,
598063,2013,2013-05-15,Wankhede Stadium,1,16.1,Mumbai Indians,Rajasthan Royals,KA Pollard,AT Rayudu,KK Cooper,1,0,,,,,,,,,
598063,2013,2013-05-15,Wankhede Stadium,1,16.2,Mumbai Indians,Rajasthan Royals,AT Rayudu,KA Pollard,KK Cooper,2,0,,,,,,,,,
598063,2013,2013-05-15,Wankhede Stadium,1,16.3,Mumbai Indians,Rajasthan Royals,AT Rayudu,KA Pollard,KK Cooper,1,0,,,,,,,,,
598063,2013,2013-05-15,Wankhede Stadium,1,16.4,Mumbai Indians,Rajasthan Royals,KA Pollard,AT Rayudu,KK Cooper,0,1,1,,,,,,,,
598063,2013,2013-05-15,Wankhede Stadium,1,16.5,Mumbai Indians,Rajasthan Royals,KA Pollard,AT Rayudu,KK Cooper,0,0,,,,,,run out,KA Pollard,,
598063,2013,2013-05-15,Wankhede Stadium,1,16.6,Mumbai Indians,Rajasthan Royals,AT Rayudu,Harbhajan Singh,KK Cooper,1,0,,,,,,,,,
598063,2013,2013-05-15,Wankhede Stadium,1,16.7,Mumbai Indians,Rajasthan Royals,Harbhajan Singh,AT Rayudu,KK Cooper,2,0,,,,,,,,,
598063,2013,2013-05-15,Wankhede Stadium,1,17.1,Mumbai Indians,Rajasthan Royals,AT Rayudu,Harbhajan Singh,SR Watson,2,0,,,,,,,,,
598063,2013,2013-05-15,Wankhede Stadium,1,17.2,Mumbai Indians,Rajasthan Royals,AT Rayudu,Harbhajan Singh,SR Watson,0,0,,,,,,,,,
598063,2013,2013-05-15,Wankhede Stadium,1,17.3,Mumbai Indians,Rajasthan Royals,AT Rayudu,Harbhajan Singh,SR Watson,1,0,,,,,,,,,
598063,2013,2013-05-15,Wankhede Stadium,1,17.4,Mumbai Indians,Rajasthan Royals,Harbhajan Singh,AT Rayudu,SR Watson,1,0,,,,,,,,,
598063,2013,2013-05-15,Wankhede Stadium,1,17.5,Mumbai Indians,Rajasthan Royals,AT Rayudu,Harbhajan Singh,SR Watson,0,0,,,,,,caught,AT Rayudu,,
598063,2013,2013-05-15,Wankhede Stadium,1,17.6,Mumbai Indians,Rajasthan Royals,Harbhajan Singh,MG Johnson,SR Watson,4,0,,,,,,,,,
598063,2013,2013-05-15,Wankhede Stadium,1,18.1,Mumbai Indians,Rajasthan Royals,MG Johnson,Harbhajan Singh,KK Cooper,0,0,,,,,,,,,
598063,2013,2013-05-15,Wankhede Stadium,1,18.2,Mumbai Indians,Rajasthan Royals,MG Johnson,Harbhajan Singh,KK Cooper,0,0,,,,,,,,,
598063,2013,2013-05-15,Wankhede Stadium,1,18.3,Mumbai Indians,Rajasthan Royals,MG Johnson,Harbhajan Singh,KK Cooper,0,0,,,,,,,,,
598063,2013,2013-05-15,Wankhede Stadium,1,18.4,Mumbai Indians,Rajasthan Royals,MG Johnson,Harbhajan Singh,KK Cooper,0,0,,,,,,,,,
598063,2013,2013-05-15,Wankhede Stadium,1,18.5,Mumbai Indians,Rajasthan Royals,MG Johnson,Harbhajan Singh,KK Cooper,1,0,,,,,,,,,
598063,2013,2013-05-15,Wankhede Stadium,1,18.6,Mumbai Indians,Rajasthan Royals,Harbhajan Singh,MG Johnson,KK Cooper,6,0,,,,,,,,,
598063,2013,2013-05-15,Wankhede Stadium,1,19.1,Mumbai Indians,Rajasthan Royals,MG Johnson,Harbhajan Singh,JP Faulkner,1,0,,,,,,,,,
598063,2013,2013-05-15,Wankhede Stadium,1,19.2,Mumbai Indians,Rajasthan Royals,Harbhajan Singh,MG Johnson,JP Faulkner,1,0,,,,,,,,,
598063,2013,2013-05-15,Wankhede Stadium,1,19.3,Mumbai Indians,Rajasthan Royals,MG Johnson,Harbhajan Singh,JP Faulkner,0,0,,,,,,caught,MG Johnson,,
598063,2013,2013-05-15,Wankhede Stadium,1,19.4,Mumbai Indians,Rajasthan Royals,SL Malinga,Harbhajan Singh,JP Faulkner,1,0,,,,,,,,,
598063,2013,2013-05-15,Wankhede Stadium,1,19.5,Mumbai Indians,Rajasthan Royals,Harbhajan Singh,SL Malinga,JP Faulkner,0,0,,,,,,,,,
598063,2013,2013-05-15,Wankhede Stadium,1,19.6,Mumbai Indians,Rajasthan Royals,Harbhajan Singh,SL Malinga,JP Faulkner,1,0,,,,,,run out,SL Malinga,,
598063,2013,2013-05-15,Wankhede Stadium,2,0.1,Rajasthan Royals,Mumbai Indians,R Dravid,AM Rahane,MG Johnson,0,1,1,,,,,,,,
598063,2013,2013-05-15,Wankhede Stadium,2,0.2,Rajasthan Royals,Mumbai Indians,R Dravid,AM Rahane,MG Johnson,0,0,,,,,,,,,
598063,2013,2013-05-15,Wankhede Stadium,2,0.3,Rajasthan Royals,Mumbai Indians,R Dravid,AM Rahane,MG Johnson,0,0,,,,,,,,,
598063,2013,2013-05-15,Wankhede Stadium,2,0.4,Rajasthan Royals,Mumbai Indians,R Dravid,AM Rahane,MG Johnson,4,0,,,,,,,,,
598063,2013,2013-05-15,Wankhede Stadium,2,0.5,Rajasthan Royals,Mumbai Indians,R Dravid,AM Rahane,MG Johnson,0,0,,,,,,,,,
598063,2013,2013-05-15,Wankhede Stadium,2,0.6,Rajasthan Royals,Mumbai Indians,R Dravid,AM Rahane,MG Johnson,0,0,,,,,,caught,R Dravid,,
598063,2013,2013-05-15,Wankhede Stadium,2,0.7,Rajasthan Royals,Mumbai Indians,JP Faulkner,AM Rahane,MG Johnson,0,0,,,,,,,,,
598063,2013,2013-05-15,Wankhede Stadium,2,1.1,Rajasthan Royals,Mumbai Indians,AM Rahane,JP Faulkner,DS Kulkarni,0,1,,,,1,,,,,
598063,2013,2013-05-15,Wankhede Stadium,2,1.2,Rajasthan Royals,Mumbai Indians,JP Faulkner,AM Rahane,DS Kulkarni,4,0,,,,,,,,,
598063,2013,2013-05-15,Wankhede Stadium,2,1.3,Rajasthan Royals,Mumbai Indians,JP Faulkner,AM Rahane,DS Kulkarni,0,0,,,,,,,,,
598063,2013,2013-05-15,Wankhede Stadium,2,1.4,Rajasthan Royals,Mumbai Indians,JP Faulkner,AM Rahane,DS Kulkarni,0,0,,,,,,,,,
598063,2013,2013-05-15,Wankhede Stadium,2,1.5,Rajasthan Royals,Mumbai Indians,JP Faulkner,AM Rahane,DS Kulkarni,0,0,,,,,,,,,
598063,2013,2013-05-15,Wankhede Stadium,2,1.6,Rajasthan Royals,Mumbai Indians,JP Faulkner,AM Rahane,DS Kulkarni,1,0,,,,,,,,,
598063,2013,2013-05-15,Wankhede Stadium,2,2.1,Rajasthan Royals,Mumbai Indians,JP Faulkner,AM Rahane,MG Johnson,0,0,,,,,,,,,
598063,2013,2013-05-15,Wankhede Stadium,2,2.2,Rajasthan Royals,Mumbai Indians,JP Faulkner,AM Rahane,MG Johnson,4,0,,,,,,,,,
598063,2013,2013-05-15,Wankhede Stadium,2,2.3,Rajasthan Royals,Mumbai Indians,JP Faulkner,AM Rahane,MG Johnson,1,0,,,,,,,,,
598063,2013,2013-05-15,Wankhede Stadium,2,2.4,Rajasthan Royals,Mumbai Indians,AM Rahane,JP Faulkner,MG Johnson,1,0,,,,,,,,,
598063,2013,2013-05-15,Wankhede Stadium,2,2.5,Rajasthan Royals,Mumbai Indians,JP Faulkner,AM Rahane,MG Johnson,0,0,,,,,,,,,
598063,2013,2013-05-15,Wankhede Stadium,2,2.6,Rajasthan Royals,Mumbai Indians,JP Faulkner,AM Rahane,MG Johnson,1,0,,,,,,,,,
598063,2013,2013-05-15,Wankhede Stadium,2,3.1,Rajasthan Royals,Mumbai Indians,JP Faulkner,AM Rahane,DS Kulkarni,1,0,,,,,,,,,
598063,2013,2013-05-15,Wankhede Stadium,2,3.2,Rajasthan Royals,Mumbai Indians,AM Rahane,JP Faulkner,DS Kulkarni,0,0,,,,,,,,,
598063,2013,2013-05-15,Wankhede Stadium,2,3.3,Rajasthan Royals,Mumbai Indians,AM Rahane,JP Faulkner,DS Kulkarni,3,0,,,,,,,,,
598063,2013,2013-05-15,Wankhede Stadium,2,3.4,Rajasthan Royals,Mumbai Indians,JP Faulkner,AM Rahane,DS Kulkarni,0,0,,,,,,caught,JP Faulkner,,
598063,2013,2013-05-15,Wankhede Stadium,2,3.5,Rajasthan Royals,Mumbai Indians,AM Rahane,SV Samson,DS Kulkarni,0,0,,,,,,,,,
598063,2013,2013-05-15,Wankhede Stadium,2,3.6,Rajasthan Royals,Mumbai Indians,AM Rahane,SV Samson,DS Kulkarni,0,0,,,,,,,,,
598063,2013,2013-05-15,Wankhede Stadium,2,4.1,Rajasthan Royals,Mumbai Indians,SV Samson,AM Rahane,MG Johnson,4,0,,,,,,,,,
598063,2013,2013-05-15,Wankhede Stadium,2,4.2,Rajasthan Royals,Mumbai Indians,SV Samson,AM Rahane,MG Johnson,0,0,,,,,,,,,
598063,2013,2013-05-15,Wankhede Stadium,2,4.3,Rajasthan Royals,Mumbai Indians,SV Samson,AM Rahane,MG Johnson,0,0,,,,,,,,,
598063,2013,2013-05-15,Wankhede Stadium,2,4.4,Rajasthan Royals,Mumbai Indians,SV Samson,AM Rahane,MG Johnson,0,0,,,,,,caught,SV Samson,,
598063,2013,2013-05-15,Wankhede Stadium,2,4.5,Rajasthan Royals,Mumbai Indians,SR Watson,AM Rahane,MG Johnson,0,0,,,,,,,,,
598063,2013,2013-05-15,Wankhede Stadium,2,4.6,Rajasthan Royals,Mumbai Indians,SR Watson,AM Rahane,MG Johnson,1,0,,,,,,,,,
598063,2013,2013-05-15,Wankhede Stadium,2,5.1,Rajasthan Royals,Mumbai Indians,SR Watson,AM Rahane,DS Kulkarni,0,0,,,,,,,,,
598063,2013,2013-05-15,Wankhede Stadium,2,5.2,Rajasthan Royals,Mumbai Indians,SR Watson,AM Rahane,DS Kulkarni,1,0,,,,,,,,,
598063,2013,2013-05-15,Wankhede Stadium,2,5.3,Rajasthan Royals,Mumbai Indians,AM Rahane,SR Watson,DS Kulkarni,0,0,,,,,,,,,
598063,2013,2013-05-15,Wankhede Stadium,2,5.4,Rajasthan Royals,Mumbai Indians,AM Rahane,SR Watson,DS Kulkarni,0,0,,,,,,caught,AM Rahane,,
598063,2013,2013-05-15,Wankhede Stadium,2,5.5,Rajasthan Royals,Mumbai Indians,SR Watson,STR Binny,DS Kulkarni,0,0,,,,,,,,,
598063,2013,2013-05-15,Wankhede Stadium,2,5.6,Rajasthan Royals,Mumbai Indians,SR Watson,STR Binny,DS Kulkarni,1,0,,,,,,,,,
598063,2013,2013-05-15,Wankhede Stadium,2,6.1,Rajasthan Royals,Mumbai Indians,SR Watson,STR Binny,Harbhajan Singh,0,0,,,,,,,,,
598063,2013,2013-05-15,Wankhede Stadium,2,6.2,Rajasthan Royals,Mumbai Indians,SR Watson,STR Binny,Harbhajan Singh,1,0,,,,,,,,,
598063,2013,2013-05-15,Wankhede Stadium,2,6.3,Rajasthan Royals,Mumbai Indians,STR Binny,SR Watson,Harbhajan Singh,0,0,,,,,,,,,
598063,2013,2013-05-15,Wankhede Stadium,2,6.4,Rajasthan Royals,Mumbai Indians,STR Binny,SR Watson,Harbhajan Singh,0,0,,,,,,,,,
598063,2013,2013-05-15,Wankhede Stadium,2,6.5,Rajasthan Royals,Mumbai Indians,STR Binny,SR Watson,Harbhajan Singh,1,0,,,,,,,,,
598063,2013,2013-05-15,Wankhede Stadium,2,6.6,Rajasthan Royals,Mumbai Indians,SR Watson,STR Binny,Harbhajan Singh,0,1,1,,,,,,,,
598063,2013,2013-05-15,Wankhede Stadium,2,6.7,Rajasthan Royals,Mumbai Indians,SR Watson,STR Binny,Harbhajan Singh,0,0,,,,,,,,,
598063,2013,2013-05-15,Wankhede Stadium,2,7.1,Rajasthan Royals,Mumbai Indians,STR Binny,SR Watson,SL Malinga,0,0,,,,,,,,,
598063,2013,2013-05-15,Wankhede Stadium,2,7.2,Rajasthan Royals,Mumbai Indians,STR Binny,SR Watson,SL Malinga,1,0,,,,,,,,,
598063,2013,2013-05-15,Wankhede Stadium,2,7.3,Rajasthan Royals,Mumbai Indians,SR Watson,STR Binny,SL Malinga,1,0,,,,,,,,,
598063,2013,2013-05-15,Wankhede Stadium,2,7.4,Rajasthan Royals,Mumbai Indians,STR Binny,SR Watson,SL Malinga,1,0,,,,,,,,,
598063,2013,2013-05-15,Wankhede Stadium,2,7.5,Rajasthan Royals,Mumbai Indians,SR Watson,STR Binny,SL Malinga,6,0,,,,,,,,,
598063,2013,2013-05-15,Wankhede Stadium,2,7.6,Rajasthan Royals,Mumbai Indians,SR Watson,STR Binny,SL Malinga,6,0,,,,,,,,,
598063,2013,2013-05-15,Wankhede Stadium,2,8.1,Rajasthan Royals,Mumbai Indians,STR Binny,SR Watson,Harbhajan Singh,0,5,5,,,,,,,,
598063,2013,2013-05-15,Wankhede Stadium,2,8.2,Rajasthan Royals,Mumbai Indians,STR Binny,SR Watson,Harbhajan Singh,2,0,,,,,,,,,
598063,2013,2013-05-15,Wankhede Stadium,2,8.3,Rajasthan Royals,Mumbai Indians,STR Binny,SR Watson,Harbhajan Singh,1,0,,,,,,,,,
598063,2013,2013-05-15,Wankhede Stadium,2,8.4,Rajasthan Royals,Mumbai Indians,SR Watson,STR Binny,Harbhajan Singh,0,0,,,,,,,,,
598063,2013,2013-05-15,Wankhede Stadium,2,8.5,Rajasthan Royals,Mumbai Indians,SR Watson,STR Binny,Harbhajan Singh,1,0,,,,,,,,,
598063,2013,2013-05-15,Wankhede Stadium,2,8.6,Rajasthan Royals,Mumbai Indians,STR Binny,SR Watson,Harbhajan Singh,1,0,,,,,,,,,
598063,2013,2013-05-15,Wankhede Stadium,2,8.7,Rajasthan Royals,Mumbai Indians,SR Watson,STR Binny,Harbhajan Singh,1,0,,,,,,,,,
598063,2013,2013-05-15,Wankhede Stadium,2,9.1,Rajasthan Royals,Mumbai Indians,SR Watson,STR Binny,PP Ojha,0,0,,,,,,caught,SR Watson,,
598063,2013,2013-05-15,Wankhede Stadium,2,9.2,Rajasthan Royals,Mumbai Indians,STR Binny,DH Yagnik,PP Ojha,0,0,,,,,,,,,
598063,2013,2013-05-15,Wankhede Stadium,2,9.3,Rajasthan Royals,Mumbai Indians,STR Binny,DH Yagnik,PP Ojha,1,0,,,,,,,,,
598063,2013,2013-05-15,Wankhede Stadium,2,9.4,Rajasthan Royals,Mumbai Indians,DH Yagnik,STR Binny,PP Ojha,0,0,,,,,,,,,
598063,2013,2013-05-15,Wankhede Stadium,2,9.5,Rajasthan Royals,Mumbai Indians,DH Yagnik,STR Binny,PP Ojha,0,0,,,,,,,,,
598063,2013,2013-05-15,Wankhede Stadium,2,9.6,Rajasthan Royals,Mumbai Indians,DH Yagnik,STR Binny,PP Ojha,1,0,,,,,,,,,
598063,2013,2013-05-15,Wankhede Stadium,2,10.1,Rajasthan Royals,Mumbai Indians,DH Yagnik,STR Binny,Harbhajan Singh,1,0,,,,,,,,,
598063,2013,2013-05-15,Wankhede Stadium,2,10.2,Rajasthan Royals,Mumbai Indians,STR Binny,DH Yagnik,Harbhajan Singh,3,0,,,,,,,,,
598063,2013,2013-05-15,Wankhede Stadium,2,10.3,Rajasthan Royals,Mumbai Indians,DH Yagnik,STR Binny,Harbhajan Singh,0,0,,,,,,,,,
598063,2013,2013-05-15,Wankhede Stadium,2,10.4,Rajasthan Royals,Mumbai Indians,DH Yagnik,STR Binny,Harbhajan Singh,0,0,,,,,,,,,
598063,2013,2013-05-15,Wankhede Stadium,2,10.5,Rajasthan Royals,Mumbai Indians,DH Yagnik,STR Binny,Harbhajan Singh,1,0,,,,,,,,,
598063,2013,2013-05-15,Wankhede Stadium,2,10.6,Rajasthan Royals,Mumbai Indians,STR Binny,DH Yagnik,Harbhajan Singh,4,0,,,,,,,,,
598063,2013,2013-05-15,Wankhede Stadium,2,11.1,Rajasthan Royals,Mumbai Indians,DH Yagnik,STR Binny,PP Ojha,0,1,,,,1,,,,,
598063,2013,2013-05-15,Wankhede Stadium,2,11.2,Rajasthan Royals,Mumbai Indians,STR Binny,DH Yagnik,PP Ojha,6,0,,,,,,,,,
598063,2013,2013-05-15,Wankhede Stadium,2,11.3,Rajasthan Royals,Mumbai Indians,STR Binny,DH Yagnik,PP Ojha,4,0,,,,,,,,,
598063,2013,2013-05-15,Wankhede Stadium,2,11.4,Rajasthan Royals,Mumbai Indians,STR Binny,DH Yagnik,PP Ojha,0,0,,,,,,,,,
598063,2013,2013-05-15,Wankhede Stadium,2,11.5,Rajasthan Royals,Mumbai Indians,STR Binny,DH Yagnik,PP Ojha,1,0,,,,,,,,,
598063,2013,2013-05-15,Wankhede Stadium,2,11.6,Rajasthan Royals,Mumbai Indians,DH Yagnik,STR Binny,PP Ojha,1,0,,,,,,,,,
598063,2013,2013-05-15,Wankhede Stadium,2,12.1,Rajasthan Royals,Mumbai Indians,DH Yagnik,STR Binny,Harbhajan Singh,4,0,,,,,,,,,
598063,2013,2013-05-15,Wankhede Stadium,2,12.2,Rajasthan Royals,Mumbai Indians,DH Yagnik,STR Binny,Harbhajan Singh,0,0,,,,,,,,,
598063,2013,2013-05-15,Wankhede Stadium,2,12.3,Rajasthan Royals,Mumbai Indians,DH Yagnik,STR Binny,Harbhajan Singh,0,0,,,,,,,,,
598063,2013,2013-05-15,Wankhede Stadium,2,12.4,Rajasthan Royals,Mumbai Indians,DH Yagnik,STR Binny,Harbhajan Singh,2,0,,,,,,,,,
598063,2013,2013-05-15,Wankhede Stadium,2,12.5,Rajasthan Royals,Mumbai Indians,DH Yagnik,STR Binny,Harbhajan Singh,0,0,,,,,,bowled,DH Yagnik,,
598063,2013,2013-05-15,Wankhede Stadium,2,12.6,Rajasthan Royals,Mumbai Indians,BJ Hodge,STR Binny,Harbhajan Singh,0,4,,,4,,,,,,
598063,2013,2013-05-15,Wankhede Stadium,2,13.1,Rajasthan Royals,Mumbai Indians,STR Binny,BJ Hodge,PP Ojha,1,0,,,,,,,,,
598063,2013,2013-05-15,Wankhede Stadium,2,13.2,Rajasthan Royals,Mumbai Indians,BJ Hodge,STR Binny,PP Ojha,0,0,,,,,,,,,
598063,2013,2013-05-15,Wankhede Stadium,2,13.3,Rajasthan Royals,Mumbai Indians,BJ Hodge,STR Binny,PP Ojha,0,0,,,,,,,,,
598063,2013,2013-05-15,Wankhede Stadium,2,13.4,Rajasthan Royals,Mumbai Indians,BJ Hodge,STR Binny,PP Ojha,0,0,,,,,,,,,
598063,2013,2013-05-15,Wankhede Stadium,2,13.5,Rajasthan Royals,Mumbai Indians,BJ Hodge,STR Binny,PP Ojha,1,0,,,,,,,,,
598063,2013,2013-05-15,Wankhede Stadium,2,13.6,Rajasthan Royals,Mumbai Indians,STR Binny,BJ Hodge,PP Ojha,4,0,,,,,,,,,
598063,2013,2013-05-15,Wankhede Stadium,2,14.1,Rajasthan Royals,Mumbai Indians,BJ Hodge,STR Binny,SL Malinga,4,0,,,,,,,,,
598063,2013,2013-05-15,Wankhede Stadium,2,14.2,Rajasthan Royals,Mumbai Indians,BJ Hodge,STR Binny,SL Malinga,0,0,,,,,,,,,
598063,2013,2013-05-15,Wankhede Stadium,2,14.3,Rajasthan Royals,Mumbai Indians,BJ Hodge,STR Binny,SL Malinga,0,0,,,,,,,,,
598063,2013,2013-05-15,Wankhede Stadium,2,14.4,Rajasthan Royals,Mumbai Indians,BJ Hodge,STR Binny,SL Malinga,0,1,1,,,,,,,,
598063,2013,2013-05-15,Wankhede Stadium,2,14.5,Rajasthan Royals,Mumbai Indians,BJ Hodge,STR Binny,SL Malinga,1,0,,,,,,,,,
598063,2013,2013-05-15,Wankhede Stadium,2,14.6,Rajasthan Royals,Mumbai Indians,STR Binny,BJ Hodge,SL Malinga,1,0,,,,,,,,,
598063,2013,2013-05-15,Wankhede Stadium,2,14.7,Rajasthan Royals,Mumbai Indians,BJ Hodge,STR Binny,SL Malinga,1,0,,,,,,,,,
598063,2013,2013-05-15,Wankhede Stadium,2,15.1,Rajasthan Royals,Mumbai Indians,BJ Hodge,STR Binny,PP Ojha,4,0,,,,,,,,,
598063,2013,2013-05-15,Wankhede Stadium,2,15.2,Rajasthan Royals,Mumbai Indians,BJ Hodge,STR Binny,PP Ojha,4,0,,,,,,,,,
598063,2013,2013-05-15,Wankhede Stadium,2,15.3,Rajasthan Royals,Mumbai Indians,BJ Hodge,STR Binny,PP Ojha,0,0,,,,,,,,,
598063,2013,2013-05-15,Wankhede Stadium,2,15.4,Rajasthan Royals,Mumbai Indians,BJ Hodge,STR Binny,PP Ojha,4,0,,,,,,,,,
598063,2013,2013-05-15,Wankhede Stadium,2,15.5,Rajasthan Royals,Mumbai Indians,BJ Hodge,STR Binny,PP Ojha,4,0,,,,,,,,,
598063,2013,2013-05-15,Wankhede Stadium,2,15.6,Rajasthan Royals,Mumbai Indians,BJ Hodge,STR Binny,PP Ojha,0,0,,,,,,,,,
598063,2013,2013-05-15,Wankhede Stadium,2,16.1,Rajasthan Royals,Mumbai Indians,STR Binny,BJ Hodge,MG Johnson,0,0,,,,,,,,,
598063,2013,2013-05-15,Wankhede Stadium,2,16.2,Rajasthan Royals,Mumbai Indians,STR Binny,BJ Hodge,MG Johnson,2,0,,,,,,,,,
598063,2013,2013-05-15,Wankhede Stadium,2,16.3,Rajasthan Royals,Mumbai Indians,STR Binny,BJ Hodge,MG Johnson,0,0,,,,,,,,,
598063,2013,2013-05-15,Wankhede Stadium,2,16.4,Rajasthan Royals,Mumbai Indians,STR Binny,BJ Hodge,MG Johnson,0,1,,,,1,,,,,
598063,2013,2013-05-15,Wankhede Stadium,2,16.5,Rajasthan Royals,Mumbai Indians,BJ Hodge,STR Binny,MG Johnson,4,0,,,,,,,,,
598063,2013,2013-05-15,Wankhede Stadium,2,16.6,Rajasthan Royals,Mumbai Indians,BJ Hodge,STR Binny,MG Johnson,0,0,,,,,,,,,
598063,2013,2013-05-15,Wankhede Stadium,2,17.1,Rajasthan Royals,Mumbai Indians,STR Binny,BJ Hodge,SL Malinga,0,0,,,,,,,,,
598063,2013,2013-05-15,Wankhede Stadium,2,17.2,Rajasthan Royals,Mumbai Indians,STR Binny,BJ Hodge,SL Malinga,1,0,,,,,,,,,
598063,2013,2013-05-15,Wankhede Stadium,2,17.3,Rajasthan Royals,Mumbai Indians,BJ Hodge,STR Binny,SL Malinga,2,0,,,,,,,,,
598063,2013,2013-05-15,Wankhede Stadium,2,17.4,Rajasthan Royals,Mumbai Indians,BJ Hodge,STR Binny,SL Malinga,1,0,,,,,,,,,
598063,2013,2013-05-15,Wankhede Stadium,2,17.5,Rajasthan Royals,Mumbai Indians,STR Binny,BJ Hodge,SL Malinga,1,0,,,,,,,,,
598063,2013,2013-05-15,Wankhede Stadium,2,17.6,Rajasthan Royals,Mumbai Indians,BJ Hodge,STR Binny,SL Malinga,0,0,,,,,,,,,
598063,2013,2013-05-15,Wankhede Stadium,2,18.1,Rajasthan Royals,Mumbai Indians,STR Binny,BJ Hodge,DS Kulkarni,1,0,,,,,,,,,
598063,2013,2013-05-15,Wankhede Stadium,2,18.2,Rajasthan Royals,Mumbai Indians,BJ Hodge,STR Binny,DS Kulkarni,0,0,,,,,,,,,
598063,2013,2013-05-15,Wankhede Stadium,2,18.3,Rajasthan Royals,Mumbai Indians,BJ Hodge,STR Binny,DS Kulkarni,2,0,,,,,,,,,
598063,2013,2013-05-15,Wankhede Stadium,2,18.4,Rajasthan Royals,Mumbai Indians,BJ Hodge,STR Binny,DS Kulkarni,4,0,,,,,,,,,
598063,2013,2013-05-15,Wankhede Stadium,2,18.5,Rajasthan Royals,Mumbai Indians,BJ Hodge,STR Binny,DS Kulkarni,2,0,,,,,,,,,
598063,2013,2013-05-15,Wankhede Stadium,2,18.6,Rajasthan Royals,Mumbai Indians,BJ Hodge,STR Binny,DS Kulkarni,1,0,,,,,,,,,
598063,2013,2013-05-15,Wankhede Stadium,2,19.1,Rajasthan Royals,Mumbai Indians,BJ Hodge,STR Binny,SL Malinga,0,0,,,,,,lbw,BJ Hodge,,
598063,2013,2013-05-15,Wankhede Stadium,2,19.2,Rajasthan Royals,Mumbai Indians,KK Cooper,STR Binny,SL Malinga,0,0,,,,,,,,,
598063,2013,2013-05-15,Wankhede Stadium,2,19.3,Rajasthan Royals,Mumbai Indians,KK Cooper,STR Binny,SL Malinga,6,0,,,,,,,,,
598063,2013,2013-05-15,Wankhede Stadium,2,19.4,Rajasthan Royals,Mumbai Indians,KK Cooper,STR Binny,SL Malinga,1,0,,,,,,,,,
598063,2013,2013-05-15,Wankhede Stadium,2,19.5,Rajasthan Royals,Mumbai Indians,STR Binny,KK Cooper,SL Malinga,0,1,,,,1,,,,,
598063,2013,2013-05-15,Wankhede Stadium,2,19.6,Rajasthan Royals,Mumbai Indians,KK Cooper,STR Binny,SL Malinga,0,0,,,,,,,,,
