match_id,season,start_date,venue,innings,ball,batting_team,bowling_team,striker,non_striker,bowler,runs_off_bat,extras,wides,noballs,byes,legbyes,penalty,wicket_type,player_dismissed,other_wicket_type,other_player_dismissed
598050,2013,2013-05-07,Wankhede Stadium,1,0.1,Mumbai Indians,Kolkata Knight Riders,DR Smith,SR Tendulkar,L Balaji,0,0,,,,,,,,,
598050,2013,2013-05-07,Wankhede Stadium,1,0.2,Mumbai Indians,Kolkata Knight Riders,DR Smith,SR Tendulkar,L Balaji,0,0,,,,,,,,,
598050,2013,2013-05-07,Wankhede Stadium,1,0.3,Mumbai Indians,Kolkata Knight Riders,DR Smith,SR Tendulkar,L Balaji,0,0,,,,,,,,,
598050,2013,2013-05-07,Wankhede Stadium,1,0.4,Mumbai Indians,Kolkata Knight Riders,DR Smith,SR Tendulkar,L Balaji,0,0,,,,,,,,,
598050,2013,2013-05-07,Wankhede Stadium,1,0.5,Mumbai Indians,Kolkata Knight Riders,DR Smith,SR Tendulkar,L Balaji,0,0,,,,,,,,,
598050,2013,2013-05-07,Wankhede Stadium,1,0.6,Mumbai Indians,Kolkata Knight Riders,DR Smith,SR Tendulkar,L Balaji,0,0,,,,,,,,,
598050,2013,2013-05-07,Wankhede Stadium,1,1.1,Mumbai Indians,Kolkata Knight Riders,SR Tendulkar,DR Smith,R McLaren,1,0,,,,,,,,,
598050,2013,2013-05-07,Wankhede Stadium,1,1.2,Mumbai Indians,Kolkata Knight Riders,DR Smith,SR Tendulkar,R McLaren,0,0,,,,,,,,,
598050,2013,2013-05-07,Wankhede Stadium,1,1.3,Mumbai Indians,Kolkata Knight Riders,DR Smith,SR Tendulkar,R McLaren,0,1,1,,,,,,,,
598050,2013,2013-05-07,Wankhede Stadium,1,1.4,Mumbai Indians,Kolkata Knight Riders,DR Smith,SR Tendulkar,R McLaren,4,0,,,,,,,,,
598050,2013,2013-05-07,Wankhede Stadium,1,1.5,Mumbai Indians,Kolkata Knight Riders,DR Smith,SR Tendulkar,R McLaren,4,0,,,,,,,,,
598050,2013,2013-05-07,Wankhede Stadium,1,1.6,Mumbai Indians,Kolkata Knight Riders,DR Smith,SR Tendulkar,R McLaren,0,0,,,,,,,,,
598050,2013,2013-05-07,Wankhede Stadium,1,1.7,Mumbai Indians,Kolkata Knight Riders,DR Smith,SR Tendulkar,R McLaren,1,0,,,,,,,,,
598050,2013,2013-05-07,Wankhede Stadium,1,2.1,Mumbai Indians,Kolkata Knight Riders,DR Smith,SR Tendulkar,L Balaji,1,0,,,,,,,,,
598050,2013,2013-05-07,Wankhede Stadium,1,2.2,Mumbai Indians,Kolkata Knight Riders,SR Tendulkar,DR Smith,L Balaji,0,0,,,,,,,,,
598050,2013,2013-05-07,Wankhede Stadium,1,2.3,Mumbai Indians,Kolkata Knight Riders,SR Tendulkar,DR Smith,L Balaji,1,0,,,,,,,,,
598050,2013,2013-05-07,Wankhede Stadium,1,2.4,Mumbai Indians,Kolkata Knight Riders,DR Smith,SR Tendulkar,L Balaji,0,0,,,,,,,,,
598050,2013,2013-05-07,Wankhede Stadium,1,2.5,Mumbai Indians,Kolkata Knight Riders,DR Smith,SR Tendulkar,L Balaji,0,0,,,,,,,,,
598050,2013,2013-05-07,Wankhede Stadium,1,2.6,Mumbai Indians,Kolkata Knight Riders,DR Smith,SR Tendulkar,L Balaji,0,0,,,,,,,,,
598050,2013,2013-05-07,Wankhede Stadium,1,3.1,Mumbai Indians,Kolkata Knight Riders,SR Tendulkar,DR Smith,R McLaren,0,0,,,,,,,,,
598050,2013,2013-05-07,Wankhede Stadium,1,3.2,Mumbai Indians,Kolkata Knight Riders,SR Tendulkar,DR Smith,R McLaren,4,0,,,,,,,,,
598050,2013,2013-05-07,Wankhede Stadium,1,3.3,Mumbai Indians,Kolkata Knight Riders,SR Tendulkar,DR Smith,R McLaren,4,0,,,,,,,,,
598050,2013,2013-05-07,Wankhede Stadium,1,3.4,Mumbai Indians,Kolkata Knight Riders,SR Tendulkar,DR Smith,R McLaren,4,0,,,,,,,,,
598050,2013,2013-05-07,Wankhede Stadium,1,3.5,Mumbai Indians,Kolkata Knight Riders,SR Tendulkar,DR Smith,R McLaren,4,0,,,,,,,,,
598050,2013,2013-05-07,Wankhede Stadium,1,3.6,Mumbai Indians,Kolkata Knight Riders,SR Tendulkar,DR Smith,R McLaren,4,0,,,,,,,,,
598050,2013,2013-05-07,Wankhede Stadium,1,4.1,Mumbai Indians,Kolkata Knight Riders,DR Smith,SR Tendulkar,L Balaji,1,0,,,,,,,,,
598050,2013,2013-05-07,Wankhede Stadium,1,4.2,Mumbai Indians,Kolkata Knight Riders,SR Tendulkar,DR Smith,L Balaji,0,0,,,,,,,,,
598050,2013,2013-05-07,Wankhede Stadium,1,4.3,Mumbai Indians,Kolkata Knight Riders,SR Tendulkar,DR Smith,L Balaji,0,0,,,,,,,,,
598050,2013,2013-05-07,Wankhede Stadium,1,4.4,Mumbai Indians,Kolkata Knight Riders,SR Tendulkar,DR Smith,L Balaji,0,1,1,,,,,,,,
598050,2013,2013-05-07,Wankhede Stadium,1,4.5,Mumbai Indians,Kolkata Knight Riders,SR Tendulkar,DR Smith,L Balaji,1,0,,,,,,,,,
598050,2013,2013-05-07,Wankhede Stadium,1,4.6,Mumbai Indians,Kolkata Knight Riders,DR Smith,SR Tendulkar,L Balaji,0,0,,,,,,,,,
598050,2013,2013-05-07,Wankhede Stadium,1,4.7,Mumbai Indians,Kolkata Knight Riders,DR Smith,SR Tendulkar,L Balaji,0,1,1,,,,,,,,
598050,2013,2013-05-07,Wankhede Stadium,1,4.8,Mumbai Indians,Kolkata Knight Riders,DR Smith,SR Tendulkar,L Balaji,1,0,,,,,,,,,
598050,2013,2013-05-07,Wankhede Stadium,1,5.1,Mumbai Indians,Kolkata Knight Riders,DR Smith,SR Tendulkar,SP Narine,0,0,,,,,,,,,
598050,2013,2013-05-07,Wankhede Stadium,1,5.2,Mumbai Indians,Kolkata Knight Riders,DR Smith,SR Tendulkar,SP Narine,0,0,,,,,,,,,
598050,2013,2013-05-07,Wankhede Stadium,1,5.3,Mumbai Indians,Kolkata Knight Riders,DR Smith,SR Tendulkar,SP Narine,0,0,,,,,,,,,
598050,2013,2013-05-07,Wankhede Stadium,1,5.4,Mumbai Indians,Kolkata Knight Riders,DR Smith,SR Tendulkar,SP Narine,0,0,,,,,,,,,
598050,2013,2013-05-07,Wankhede Stadium,1,5.5,Mumbai Indians,Kolkata Knight Riders,DR Smith,SR Tendulkar,SP Narine,2,0,,,,,,,,,
598050,2013,2013-05-07,Wankhede Stadium,1,5.6,Mumbai Indians,Kolkata Knight Riders,DR Smith,SR Tendulkar,SP Narine,1,0,,,,,,,,,
598050,2013,2013-05-07,Wankhede Stadium,1,6.1,Mumbai Indians,Kolkata Knight Riders,DR Smith,SR Tendulkar,JH Kallis,0,0,,,,,,,,,
598050,2013,2013-05-07,Wankhede Stadium,1,6.2,Mumbai Indians,Kolkata Knight Riders,DR Smith,SR Tendulkar,JH Kallis,0,0,,,,,,,,,
598050,2013,2013-05-07,Wankhede Stadium,1,6.3,Mumbai Indians,Kolkata Knight Riders,DR Smith,SR Tendulkar,JH Kallis,0,1,1,,,,,,,,
598050,2013,2013-05-07,Wankhede Stadium,1,6.4,Mumbai Indians,Kolkata Knight Riders,DR Smith,SR Tendulkar,JH Kallis,4,0,,,,,,,,,
598050,2013,2013-05-07,Wankhede Stadium,1,6.5,Mumbai Indians,Kolkata Knight Riders,DR Smith,SR Tendulkar,JH Kallis,1,0,,,,,,,,,
598050,2013,2013-05-07,Wankhede Stadium,1,6.6,Mumbai Indians,Kolkata Knight Riders,SR Tendulkar,DR Smith,JH Kallis,2,0,,,,,,,,,
598050,2013,2013-05-07,Wankhede Stadium,1,6.7,Mumbai Indians,Kolkata Knight Riders,SR Tendulkar,DR Smith,JH Kallis,1,0,,,,,,,,,
598050,2013,2013-05-07,Wankhede Stadium,1,7.1,Mumbai Indians,Kolkata Knight Riders,SR Tendulkar,DR Smith,Iqbal Abdulla,1,0,,,,,,,,,
598050,2013,2013-05-07,Wankhede Stadium,1,7.2,Mumbai Indians,Kolkata Knight Riders,DR Smith,SR Tendulkar,Iqbal Abdulla,0,0,,,,,,,,,
598050,2013,2013-05-07,Wankhede Stadium,1,7.3,Mumbai Indians,Kolkata Knight Riders,DR Smith,SR Tendulkar,Iqbal Abdulla,4,0,,,,,,,,,
598050,2013,2013-05-07,Wankhede Stadium,1,7.4,Mumbai Indians,Kolkata Knight Riders,DR Smith,SR Tendulkar,Iqbal Abdulla,4,0,,,,,,,,,
598050,2013,2013-05-07,Wankhede Stadium,1,7.5,Mumbai Indians,Kolkata Knight Riders,DR Smith,SR Tendulkar,Iqbal Abdulla,0,0,,,,,,,,,
598050,2013,2013-05-07,Wankhede Stadium,1,7.6,Mumbai Indians,Kolkata Knight Riders,DR Smith,SR Tendulkar,Iqbal Abdulla,0,0,,,,,,,,,
598050,2013,2013-05-07,Wankhede Stadium,1,8.1,Mumbai Indians,Kolkata Knight Riders,SR Tendulkar,DR Smith,JH Kallis,1,0,,,,,,,,,
598050,2013,2013-05-07,Wankhede Stadium,1,8.2,Mumbai Indians,Kolkata Knight Riders,DR Smith,SR Tendulkar,JH Kallis,1,0,,,,,,,,,
598050,2013,2013-05-07,Wankhede Stadium,1,8.3,Mumbai Indians,Kolkata Knight Riders,SR Tendulkar,DR Smith,JH Kallis,1,0,,,,,,,,,
598050,2013,2013-05-07,Wankhede Stadium,1,8.4,Mumbai Indians,Kolkata Knight Riders,DR Smith,SR Tendulkar,JH Kallis,0,0,,,,,,,,,
598050,2013,2013-05-07,Wankhede Stadium,1,8.5,Mumbai Indians,Kolkata Knight Riders,DR Smith,SR Tendulkar,JH Kallis,0,0,,,,,,,,,
598050,2013,2013-05-07,Wankhede Stadium,1,8.6,Mumbai Indians,Kolkata Knight Riders,DR Smith,SR Tendulkar,JH Kallis,1,0,,,,,,,,,
598050,2013,2013-05-07,Wankhede Stadium,1,9.1,Mumbai Indians,Kolkata Knight Riders,DR Smith,SR Tendulkar,Iqbal Abdulla,0,0,,,,,,,,,
598050,2013,2013-05-07,Wankhede Stadium,1,9.2,Mumbai Indians,Kolkata Knight Riders,DR Smith,SR Tendulkar,Iqbal Abdulla,1,0,,,,,,,,,
598050,2013,2013-05-07,Wankhede Stadium,1,9.3,Mumbai Indians,Kolkata Knight Riders,SR Tendulkar,DR Smith,Iqbal Abdulla,1,0,,,,,,,,,
598050,2013,2013-05-07,Wankhede Stadium,1,9.4,Mumbai Indians,Kolkata Knight Riders,DR Smith,SR Tendulkar,Iqbal Abdulla,0,0,,,,,,,,,
598050,2013,2013-05-07,Wankhede Stadium,1,9.5,Mumbai Indians,Kolkata Knight Riders,DR Smith,SR Tendulkar,Iqbal Abdulla,4,0,,,,,,,,,
598050,2013,2013-05-07,Wankhede Stadium,1,9.6,Mumbai Indians,Kolkata Knight Riders,DR Smith,SR Tendulkar,Iqbal Abdulla,0,0,,,,,,,,,
598050,2013,2013-05-07,Wankhede Stadium,1,10.1,Mumbai Indians,Kolkata Knight Riders,SR Tendulkar,DR Smith,JH Kallis,1,0,,,,,,,,,
598050,2013,2013-05-07,Wankhede Stadium,1,10.2,Mumbai Indians,Kolkata Knight Riders,DR Smith,SR Tendulkar,JH Kallis,1,0,,,,,,,,,
598050,2013,2013-05-07,Wankhede Stadium,1,10.3,Mumbai Indians,Kolkata Knight Riders,SR Tendulkar,DR Smith,JH Kallis,1,0,,,,,,,,,
598050,2013,2013-05-07,Wankhede Stadium,1,10.4,Mumbai Indians,Kolkata Knight Riders,DR Smith,SR Tendulkar,JH Kallis,0,0,,,,,,,,,
598050,2013,2013-05-07,Wankhede Stadium,1,10.5,Mumbai Indians,Kolkata Knight Riders,DR Smith,SR Tendulkar,JH Kallis,1,0,,,,,,,,,
598050,2013,2013-05-07,Wankhede Stadium,1,10.6,Mumbai Indians,Kolkata Knight Riders,SR Tendulkar,DR Smith,JH Kallis,4,0,,,,,,,,,
598050,2013,2013-05-07,Wankhede Stadium,1,11.1,Mumbai Indians,Kolkata Knight Riders,DR Smith,SR Tendulkar,Iqbal Abdulla,1,0,,,,,,,,,
598050,2013,2013-05-07,Wankhede Stadium,1,11.2,Mumbai Indians,Kolkata Knight Riders,SR Tendulkar,DR Smith,Iqbal Abdulla,1,0,,,,,,,,,
598050,2013,2013-05-07,Wankhede Stadium,1,11.3,Mumbai Indians,Kolkata Knight Riders,DR Smith,SR Tendulkar,Iqbal Abdulla,0,0,,,,,,,,,
598050,2013,2013-05-07,Wankhede Stadium,1,11.4,Mumbai Indians,Kolkata Knight Riders,DR Smith,SR Tendulkar,Iqbal Abdulla,1,0,,,,,,,,,
598050,2013,2013-05-07,Wankhede Stadium,1,11.5,Mumbai Indians,Kolkata Knight Riders,SR Tendulkar,DR Smith,Iqbal Abdulla,4,0,,,,,,,,,
598050,2013,2013-05-07,Wankhede Stadium,1,11.6,Mumbai Indians,Kolkata Knight Riders,SR Tendulkar,DR Smith,Iqbal Abdulla,0,0,,,,,,,,,
598050,2013,2013-05-07,Wankhede Stadium,1,12.1,Mumbai Indians,Kolkata Knight Riders,DR Smith,SR Tendulkar,R Bhatia,1,0,,,,,,,,,
598050,2013,2013-05-07,Wankhede Stadium,1,12.2,Mumbai Indians,Kolkata Knight Riders,SR Tendulkar,DR Smith,R Bhatia,4,0,,,,,,,,,
598050,2013,2013-05-07,Wankhede Stadium,1,12.3,Mumbai Indians,Kolkata Knight Riders,SR Tendulkar,DR Smith,R Bhatia,2,0,,,,,,,,,
598050,2013,2013-05-07,Wankhede Stadium,1,12.4,Mumbai Indians,Kolkata Knight Riders,SR Tendulkar,DR Smith,R Bhatia,1,0,,,,,,,,,
598050,2013,2013-05-07,Wankhede Stadium,1,12.5,Mumbai Indians,Kolkata Knight Riders,DR Smith,SR Tendulkar,R Bhatia,1,0,,,,,,,,,
598050,2013,2013-05-07,Wankhede Stadium,1,12.6,Mumbai Indians,Kolkata Knight Riders,SR Tendulkar,DR Smith,R Bhatia,0,0,,,,,,bowled,SR Tendulkar,,
598050,2013,2013-05-07,Wankhede Stadium,1,13.1,Mumbai Indians,Kolkata Knight Riders,DR Smith,KD Karthik,Iqbal Abdulla,4,0,,,,,,,,,
598050,2013,2013-05-07,Wankhede Stadium,1,13.2,Mumbai Indians,Kolkata Knight Riders,DR Smith,KD Karthik,Iqbal Abdulla,2,0,,,,,,,,,
598050,2013,2013-05-07,Wankhede Stadium,1,13.3,Mumbai Indians,Kolkata Knight Riders,DR Smith,KD Karthik,Iqbal Abdulla,0,0,,,,,,caught,DR Smith,,
598050,2013,2013-05-07,Wankhede Stadium,1,13.4,Mumbai Indians,Kolkata Knight Riders,RG Sharma,KD Karthik,Iqbal Abdulla,1,0,,,,,,,,,
598050,2013,2013-05-07,Wankhede Stadium,1,13.5,Mumbai Indians,Kolkata Knight Riders,KD Karthik,RG Sharma,Iqbal Abdulla,1,0,,,,,,,,,
598050,2013,2013-05-07,Wankhede Stadium,1,13.6,Mumbai Indians,Kolkata Knight Riders,RG Sharma,KD Karthik,Iqbal Abdulla,0,0,,,,,,,,,
598050,2013,2013-05-07,Wankhede Stadium,1,14.1,Mumbai Indians,Kolkata Knight Riders,KD Karthik,RG Sharma,SP Narine,0,0,,,,,,,,,
598050,2013,2013-05-07,Wankhede Stadium,1,14.2,Mumbai Indians,Kolkata Knight Riders,KD Karthik,RG Sharma,SP Narine,1,0,,,,,,,,,
598050,2013,2013-05-07,Wankhede Stadium,1,14.3,Mumbai Indians,Kolkata Knight Riders,RG Sharma,KD Karthik,SP Narine,1,0,,,,,,,,,
598050,2013,2013-05-07,Wankhede Stadium,1,14.4,Mumbai Indians,Kolkata Knight Riders,KD Karthik,RG Sharma,SP Narine,2,0,,,,,,,,,
598050,2013,2013-05-07,Wankhede Stadium,1,14.5,Mumbai Indians,Kolkata Knight Riders,KD Karthik,RG Sharma,SP Narine,0,0,,,,,,,,,
598050,2013,2013-05-07,Wankhede Stadium,1,14.6,Mumbai Indians,Kolkata Knight Riders,KD Karthik,RG Sharma,SP Narine,1,0,,,,,,,,,
598050,2013,2013-05-07,Wankhede Stadium,1,15.1,Mumbai Indians,Kolkata Knight Riders,KD Karthik,RG Sharma,R Bhatia,1,0,,,,,,,,,
598050,2013,2013-05-07,Wankhede Stadium,1,15.2,Mumbai Indians,Kolkata Knight Riders,RG Sharma,KD Karthik,R Bhatia,1,0,,,,,,,,,
598050,2013,2013-05-07,Wankhede Stadium,1,15.3,Mumbai Indians,Kolkata Knight Riders,KD Karthik,RG Sharma,R Bhatia,1,0,,,,,,,,,
598050,2013,2013-05-07,Wankhede Stadium,1,15.4,Mumbai Indians,Kolkata Knight Riders,RG Sharma,KD Karthik,R Bhatia,4,0,,,,,,,,,
598050,2013,2013-05-07,Wankhede Stadium,1,15.5,Mumbai Indians,Kolkata Knight Riders,RG Sharma,KD Karthik,R Bhatia,0,0,,,,,,,,,
598050,2013,2013-05-07,Wankhede Stadium,1,15.6,Mumbai Indians,Kolkata Knight Riders,RG Sharma,KD Karthik,R Bhatia,6,0,,,,,,,,,
598050,2013,2013-05-07,Wankhede Stadium,1,16.1,Mumbai Indians,Kolkata Knight Riders,KD Karthik,RG Sharma,SP Narine,1,0,,,,,,,,,
598050,2013,2013-05-07,Wankhede Stadium,1,16.2,Mumbai Indians,Kolkata Knight Riders,KD Karthik,RG Sharma,SP Narine,1,0,,,,,,,,,
598050,2013,2013-05-07,Wankhede Stadium,1,16.3,Mumbai Indians,Kolkata Knight Riders,RG Sharma,KD Karthik,SP Narine,2,0,,,,,,,,,
598050,2013,2013-05-07,Wankhede Stadium,1,16.4,Mumbai Indians,Kolkata Knight Riders,RG Sharma,KD Karthik,SP Narine,0,0,,,,,,,,,
598050,2013,2013-05-07,Wankhede Stadium,1,16.5,Mumbai Indians,Kolkata Knight Riders,RG Sharma,KD Karthik,SP Narine,1,0,,,,,,,,,
598050,2013,2013-05-07,Wankhede Stadium,1,16.6,Mumbai Indians,Kolkata Knight Riders,KD Karthik,RG Sharma,SP Narine,6,0,,,,,,,,,
598050,2013,2013-05-07,Wankhede Stadium,1,17.1,Mumbai Indians,Kolkata Knight Riders,RG Sharma,KD Karthik,R McLaren,0,0,,,,,,caught,RG Sharma,,
598050,2013,2013-05-07,Wankhede Stadium,1,17.2,Mumbai Indians,Kolkata Knight Riders,KA Pollard,KD Karthik,R McLaren,0,0,,,,,,,,,
598050,2013,2013-05-07,Wankhede Stadium,1,17.3,Mumbai Indians,Kolkata Knight Riders,KA Pollard,KD Karthik,R McLaren,0,0,,,,,,,,,
598050,2013,2013-05-07,Wankhede Stadium,1,17.4,Mumbai Indians,Kolkata Knight Riders,KA Pollard,KD Karthik,R McLaren,4,0,,,,,,,,,
598050,2013,2013-05-07,Wankhede Stadium,1,17.5,Mumbai Indians,Kolkata Knight Riders,KA Pollard,KD Karthik,R McLaren,0,0,,,,,,caught,KA Pollard,,
598050,2013,2013-05-07,Wankhede Stadium,1,17.6,Mumbai Indians,Kolkata Knight Riders,KD Karthik,AT Rayudu,R McLaren,1,0,,,,,,run out,AT Rayudu,,
598050,2013,2013-05-07,Wankhede Stadium,1,18.1,Mumbai Indians,Kolkata Knight Riders,KD Karthik,Harbhajan Singh,SP Narine,4,0,,,,,,,,,
598050,2013,2013-05-07,Wankhede Stadium,1,18.2,Mumbai Indians,Kolkata Knight Riders,KD Karthik,Harbhajan Singh,SP Narine,0,1,1,,,,,,,,
598050,2013,2013-05-07,Wankhede Stadium,1,18.3,Mumbai Indians,Kolkata Knight Riders,KD Karthik,Harbhajan Singh,SP Narine,4,0,,,,,,,,,
598050,2013,2013-05-07,Wankhede Stadium,1,18.4,Mumbai Indians,Kolkata Knight Riders,KD Karthik,Harbhajan Singh,SP Narine,0,0,,,,,,run out,Harbhajan Singh,,
598050,2013,2013-05-07,Wankhede Stadium,1,18.5,Mumbai Indians,Kolkata Knight Riders,MG Johnson,KD Karthik,SP Narine,0,0,,,,,,,,,
598050,2013,2013-05-07,Wankhede Stadium,1,18.6,Mumbai Indians,Kolkata Knight Riders,MG Johnson,KD Karthik,SP Narine,0,0,,,,,,,,,
598050,2013,2013-05-07,Wankhede Stadium,1,18.7,Mumbai Indians,Kolkata Knight Riders,MG Johnson,KD Karthik,SP Narine,1,0,,,,,,,,,
598050,2013,2013-05-07,Wankhede Stadium,1,19.1,Mumbai Indians,Kolkata Knight Riders,MG Johnson,KD Karthik,R McLaren,1,0,,,,,,,,,
598050,2013,2013-05-07,Wankhede Stadium,1,19.2,Mumbai Indians,Kolkata Knight Riders,KD Karthik,MG Johnson,R McLaren,4,0,,,,,,,,,
598050,2013,2013-05-07,Wankhede Stadium,1,19.3,Mumbai Indians,Kolkata Knight Riders,KD Karthik,MG Johnson,R McLaren,6,0,,,,,,,,,
598050,2013,2013-05-07,Wankhede Stadium,1,19.4,Mumbai Indians,Kolkata Knight Riders,KD Karthik,MG Johnson,R McLaren,0,1,,,,1,,,,,
598050,2013,2013-05-07,Wankhede Stadium,1,19.5,Mumbai Indians,Kolkata Knight Riders,MG Johnson,KD Karthik,R McLaren,2,0,,,,,,,,,
598050,2013,2013-05-07,Wankhede Stadium,1,19.6,Mumbai Indians,Kolkata Knight Riders,MG Johnson,KD Karthik,R McLaren,0,5,5,,,,,,,,
598050,2013,2013-05-07,Wankhede Stadium,1,19.7,Mumbai Indians,Kolkata Knight Riders,MG Johnson,KD Karthik,R McLaren,6,0,,,,,,,,,
598050,2013,2013-05-07,Wankhede Stadium,2,0.1,Kolkata Knight Riders,Mumbai Indians,MS Bisla,G Gambhir,MG Johnson,0,0,,,,,,,,,
598050,2013,2013-05-07,Wankhede Stadium,2,0.2,Kolkata Knight Riders,Mumbai Indians,MS Bisla,G Gambhir,MG Johnson,0,1,,,,1,,,,,
598050,2013,2013-05-07,Wankhede Stadium,2,0.3,Kolkata Knight Riders,Mumbai Indians,G Gambhir,MS Bisla,MG Johnson,0,0,,,,,,,,,
598050,2013,2013-05-07,Wankhede Stadium,2,0.4,Kolkata Knight Riders,Mumbai Indians,G Gambhir,MS Bisla,MG Johnson,0,0,,,,,,bowled,G Gambhir,,
598050,2013,2013-05-07,Wankhede Stadium,2,0.5,Kolkata Knight Riders,Mumbai Indians,JH Kallis,MS Bisla,MG Johnson,1,0,,,,,,,,,
598050,2013,2013-05-07,Wankhede Stadium,2,0.6,Kolkata Knight Riders,Mumbai Indians,MS Bisla,JH Kallis,MG Johnson,0,0,,,,,,,,,
598050,2013,2013-05-07,Wankhede Stadium,2,1.1,Kolkata Knight Riders,Mumbai Indians,JH Kallis,MS Bisla,AN Ahmed,0,0,,,,,,,,,
598050,2013,2013-05-07,Wankhede Stadium,2,1.2,Kolkata Knight Riders,Mumbai Indians,JH Kallis,MS Bisla,AN Ahmed,0,0,,,,,,,,,
598050,2013,2013-05-07,Wankhede Stadium,2,1.3,Kolkata Knight Riders,Mumbai Indians,JH Kallis,MS Bisla,AN Ahmed,0,0,,,,,,,,,
598050,2013,2013-05-07,Wankhede Stadium,2,1.4,Kolkata Knight Riders,Mumbai Indians,JH Kallis,MS Bisla,AN Ahmed,0,0,,,,,,,,,
598050,2013,2013-05-07,Wankhede Stadium,2,1.5,Kolkata Knight Riders,Mumbai Indians,JH Kallis,MS Bisla,AN Ahmed,4,0,,,,,,,,,
598050,2013,2013-05-07,Wankhede Stadium,2,1.6,Kolkata Knight Riders,Mumbai Indians,JH Kallis,MS Bisla,AN Ahmed,6,0,,,,,,,,,
598050,2013,2013-05-07,Wankhede Stadium,2,2.1,Kolkata Knight Riders,Mumbai Indians,MS Bisla,JH Kallis,MG Johnson,0,0,,,,,,,,,
598050,2013,2013-05-07,Wankhede Stadium,2,2.2,Kolkata Knight Riders,Mumbai Indians,MS Bisla,JH Kallis,MG Johnson,1,0,,,,,,,,,
598050,2013,2013-05-07,Wankhede Stadium,2,2.3,Kolkata Knight Riders,Mumbai Indians,JH Kallis,MS Bisla,MG Johnson,4,0,,,,,,,,,
598050,2013,2013-05-07,Wankhede Stadium,2,2.4,Kolkata Knight Riders,Mumbai Indians,JH Kallis,MS Bisla,MG Johnson,1,0,,,,,,,,,
598050,2013,2013-05-07,Wankhede Stadium,2,2.5,Kolkata Knight Riders,Mumbai Indians,MS Bisla,JH Kallis,MG Johnson,0,0,,,,,,,,,
598050,2013,2013-05-07,Wankhede Stadium,2,2.6,Kolkata Knight Riders,Mumbai Indians,MS Bisla,JH Kallis,MG Johnson,4,0,,,,,,,,,
598050,2013,2013-05-07,Wankhede Stadium,2,3.1,Kolkata Knight Riders,Mumbai Indians,JH Kallis,MS Bisla,PP Ojha,0,0,,,,,,,,,
598050,2013,2013-05-07,Wankhede Stadium,2,3.2,Kolkata Knight Riders,Mumbai Indians,JH Kallis,MS Bisla,PP Ojha,1,0,,,,,,,,,
598050,2013,2013-05-07,Wankhede Stadium,2,3.3,Kolkata Knight Riders,Mumbai Indians,MS Bisla,JH Kallis,PP Ojha,0,0,,,,,,,,,
598050,2013,2013-05-07,Wankhede Stadium,2,3.4,Kolkata Knight Riders,Mumbai Indians,MS Bisla,JH Kallis,PP Ojha,1,0,,,,,,,,,
598050,2013,2013-05-07,Wankhede Stadium,2,3.5,Kolkata Knight Riders,Mumbai Indians,JH Kallis,MS Bisla,PP Ojha,1,0,,,,,,,,,
598050,2013,2013-05-07,Wankhede Stadium,2,3.6,Kolkata Knight Riders,Mumbai Indians,MS Bisla,JH Kallis,PP Ojha,4,0,,,,,,,,,
598050,2013,2013-05-07,Wankhede Stadium,2,4.1,Kolkata Knight Riders,Mumbai Indians,JH Kallis,MS Bisla,MG Johnson,0,0,,,,,,,,,
598050,2013,2013-05-07,Wankhede Stadium,2,4.2,Kolkata Knight Riders,Mumbai Indians,JH Kallis,MS Bisla,MG Johnson,0,0,,,,,,,,,
598050,2013,2013-05-07,Wankhede Stadium,2,4.3,Kolkata Knight Riders,Mumbai Indians,JH Kallis,MS Bisla,MG Johnson,1,0,,,,,,,,,
598050,2013,2013-05-07,Wankhede Stadium,2,4.4,Kolkata Knight Riders,Mumbai Indians,MS Bisla,JH Kallis,MG Johnson,0,0,,,,,,,,,
598050,2013,2013-05-07,Wankhede Stadium,2,4.5,Kolkata Knight Riders,Mumbai Indians,MS Bisla,JH Kallis,MG Johnson,0,0,,,,,,,,,
598050,2013,2013-05-07,Wankhede Stadium,2,4.6,Kolkata Knight Riders,Mumbai Indians,MS Bisla,JH Kallis,MG Johnson,0,0,,,,,,,,,
598050,2013,2013-05-07,Wankhede Stadium,2,5.1,Kolkata Knight Riders,Mumbai Indians,JH Kallis,MS Bisla,SL Malinga,1,0,,,,,,,,,
598050,2013,2013-05-07,Wankhede Stadium,2,5.2,Kolkata Knight Riders,Mumbai Indians,MS Bisla,JH Kallis,SL Malinga,0,0,,,,,,,,,
598050,2013,2013-05-07,Wankhede Stadium,2,5.3,Kolkata Knight Riders,Mumbai Indians,MS Bisla,JH Kallis,SL Malinga,0,0,,,,,,,,,
598050,2013,2013-05-07,Wankhede Stadium,2,5.4,Kolkata Knight Riders,Mumbai Indians,MS Bisla,JH Kallis,SL Malinga,2,0,,,,,,,,,
598050,2013,2013-05-07,Wankhede Stadium,2,5.5,Kolkata Knight Riders,Mumbai Indians,MS Bisla,JH Kallis,SL Malinga,4,0,,,,,,,,,
598050,2013,2013-05-07,Wankhede Stadium,2,5.6,Kolkata Knight Riders,Mumbai Indians,MS Bisla,JH Kallis,SL Malinga,1,0,,,,,,,,,
598050,2013,2013-05-07,Wankhede Stadium,2,6.1,Kolkata Knight Riders,Mumbai Indians,MS Bisla,JH Kallis,PP Ojha,0,0,,,,,,stumped,MS Bisla,,
598050,2013,2013-05-07,Wankhede Stadium,2,6.2,Kolkata Knight Riders,Mumbai Indians,YK Pathan,JH Kallis,PP Ojha,1,0,,,,,,,,,
598050,2013,2013-05-07,Wankhede Stadium,2,6.3,Kolkata Knight Riders,Mumbai Indians,JH Kallis,YK Pathan,PP Ojha,0,0,,,,,,,,,
598050,2013,2013-05-07,Wankhede Stadium,2,6.4,Kolkata Knight Riders,Mumbai Indians,JH Kallis,YK Pathan,PP Ojha,1,0,,,,,,,,,
598050,2013,2013-05-07,Wankhede Stadium,2,6.5,Kolkata Knight Riders,Mumbai Indians,YK Pathan,JH Kallis,PP Ojha,6,0,,,,,,,,,
598050,2013,2013-05-07,Wankhede Stadium,2,6.6,Kolkata Knight Riders,Mumbai Indians,YK Pathan,JH Kallis,PP Ojha,0,0,,,,,,,,,
598050,2013,2013-05-07,Wankhede Stadium,2,7.1,Kolkata Knight Riders,Mumbai Indians,JH Kallis,YK Pathan,AN Ahmed,0,0,,,,,,,,,
598050,2013,2013-05-07,Wankhede Stadium,2,7.2,Kolkata Knight Riders,Mumbai Indians,JH Kallis,YK Pathan,AN Ahmed,1,0,,,,,,,,,
598050,2013,2013-05-07,Wankhede Stadium,2,7.3,Kolkata Knight Riders,Mumbai Indians,YK Pathan,JH Kallis,AN Ahmed,4,0,,,,,,,,,
598050,2013,2013-05-07,Wankhede Stadium,2,7.4,Kolkata Knight Riders,Mumbai Indians,YK Pathan,JH Kallis,AN Ahmed,0,0,,,,,,,,,
598050,2013,2013-05-07,Wankhede Stadium,2,7.5,Kolkata Knight Riders,Mumbai Indians,YK Pathan,JH Kallis,AN Ahmed,1,0,,,,,,,,,
598050,2013,2013-05-07,Wankhede Stadium,2,7.6,Kolkata Knight Riders,Mumbai Indians,JH Kallis,YK Pathan,AN Ahmed,0,0,,,,,,,,,
598050,2013,2013-05-07,Wankhede Stadium,2,8.1,Kolkata Knight Riders,Mumbai Indians,YK Pathan,JH Kallis,PP Ojha,1,0,,,,,,,,,
598050,2013,2013-05-07,Wankhede Stadium,2,8.2,Kolkata Knight Riders,Mumbai Indians,JH Kallis,YK Pathan,PP Ojha,1,0,,,,,,,,,
598050,2013,2013-05-07,Wankhede Stadium,2,8.3,Kolkata Knight Riders,Mumbai Indians,YK Pathan,JH Kallis,PP Ojha,0,0,,,,,,bowled,YK Pathan,,
598050,2013,2013-05-07,Wankhede Stadium,2,8.4,Kolkata Knight Riders,Mumbai Indians,EJG Morgan,JH Kallis,PP Ojha,0,0,,,,,,,,,
598050,2013,2013-05-07,Wankhede Stadium,2,8.5,Kolkata Knight Riders,Mumbai Indians,EJG Morgan,JH Kallis,PP Ojha,1,0,,,,,,,,,
598050,2013,2013-05-07,Wankhede Stadium,2,8.6,Kolkata Knight Riders,Mumbai Indians,JH Kallis,EJG Morgan,PP Ojha,0,0,,,,,,,,,
598050,2013,2013-05-07,Wankhede Stadium,2,9.1,Kolkata Knight Riders,Mumbai Indians,EJG Morgan,JH Kallis,Harbhajan Singh,1,0,,,,,,,,,
598050,2013,2013-05-07,Wankhede Stadium,2,9.2,Kolkata Knight Riders,Mumbai Indians,JH Kallis,EJG Morgan,Harbhajan Singh,1,0,,,,,,,,,
598050,2013,2013-05-07,Wankhede Stadium,2,9.3,Kolkata Knight Riders,Mumbai Indians,EJG Morgan,JH Kallis,Harbhajan Singh,1,0,,,,,,,,,
598050,2013,2013-05-07,Wankhede Stadium,2,9.4,Kolkata Knight Riders,Mumbai Indians,JH Kallis,EJG Morgan,Harbhajan Singh,0,0,,,,,,,,,
598050,2013,2013-05-07,Wankhede Stadium,2,9.5,Kolkata Knight Riders,Mumbai Indians,JH Kallis,EJG Morgan,Harbhajan Singh,0,0,,,,,,caught,JH Kallis,,
598050,2013,2013-05-07,Wankhede Stadium,2,9.6,Kolkata Knight Riders,Mumbai Indians,EJG Morgan,DB Das,Harbhajan Singh,0,4,,,,4,,,,,
598050,2013,2013-05-07,Wankhede Stadium,2,10.1,Kolkata Knight Riders,Mumbai Indians,DB Das,EJG Morgan,PP Ojha,4,0,,,,,,,,,
598050,2013,2013-05-07,Wankhede Stadium,2,10.2,Kolkata Knight Riders,Mumbai Indians,DB Das,EJG Morgan,PP Ojha,0,0,,,,,,,,,
598050,2013,2013-05-07,Wankhede Stadium,2,10.3,Kolkata Knight Riders,Mumbai Indians,DB Das,EJG Morgan,PP Ojha,1,0,,,,,,,,,
598050,2013,2013-05-07,Wankhede Stadium,2,10.4,Kolkata Knight Riders,Mumbai Indians,EJG Morgan,DB Das,PP Ojha,0,1,,,,1,,,,,
598050,2013,2013-05-07,Wankhede Stadium,2,10.5,Kolkata Knight Riders,Mumbai Indians,DB Das,EJG Morgan,PP Ojha,0,0,,,,,,,,,
598050,2013,2013-05-07,Wankhede Stadium,2,10.6,Kolkata Knight Riders,Mumbai Indians,DB Das,EJG Morgan,PP Ojha,0,0,,,,,,,,,
598050,2013,2013-05-07,Wankhede Stadium,2,11.1,Kolkata Knight Riders,Mumbai Indians,EJG Morgan,DB Das,Harbhajan Singh,1,0,,,,,,,,,
598050,2013,2013-05-07,Wankhede Stadium,2,11.2,Kolkata Knight Riders,Mumbai Indians,DB Das,EJG Morgan,Harbhajan Singh,0,0,,,,,,,,,
598050,2013,2013-05-07,Wankhede Stadium,2,11.3,Kolkata Knight Riders,Mumbai Indians,DB Das,EJG Morgan,Harbhajan Singh,1,0,,,,,,,,,
598050,2013,2013-05-07,Wankhede Stadium,2,11.4,Kolkata Knight Riders,Mumbai Indians,EJG Morgan,DB Das,Harbhajan Singh,1,0,,,,,,,,,
598050,2013,2013-05-07,Wankhede Stadium,2,11.5,Kolkata Knight Riders,Mumbai Indians,DB Das,EJG Morgan,Harbhajan Singh,0,0,,,,,,,,,
598050,2013,2013-05-07,Wankhede Stadium,2,11.6,Kolkata Knight Riders,Mumbai Indians,DB Das,EJG Morgan,Harbhajan Singh,6,0,,,,,,,,,
598050,2013,2013-05-07,Wankhede Stadium,2,12.1,Kolkata Knight Riders,Mumbai Indians,EJG Morgan,DB Das,AN Ahmed,0,0,,,,,,,,,
598050,2013,2013-05-07,Wankhede Stadium,2,12.2,Kolkata Knight Riders,Mumbai Indians,EJG Morgan,DB Das,AN Ahmed,0,0,,,,,,caught,EJG Morgan,,
598050,2013,2013-05-07,Wankhede Stadium,2,12.3,Kolkata Knight Riders,Mumbai Indians,R McLaren,DB Das,AN Ahmed,1,0,,,,,,,,,
598050,2013,2013-05-07,Wankhede Stadium,2,12.4,Kolkata Knight Riders,Mumbai Indians,DB Das,R McLaren,AN Ahmed,0,0,,,,,,,,,
598050,2013,2013-05-07,Wankhede Stadium,2,12.5,Kolkata Knight Riders,Mumbai Indians,DB Das,R McLaren,AN Ahmed,1,0,,,,,,,,,
598050,2013,2013-05-07,Wankhede Stadium,2,12.6,Kolkata Knight Riders,Mumbai Indians,R McLaren,DB Das,AN Ahmed,0,0,,,,,,,,,
598050,2013,2013-05-07,Wankhede Stadium,2,13.1,Kolkata Knight Riders,Mumbai Indians,DB Das,R McLaren,Harbhajan Singh,6,0,,,,,,,,,
598050,2013,2013-05-07,Wankhede Stadium,2,13.2,Kolkata Knight Riders,Mumbai Indians,DB Das,R McLaren,Harbhajan Singh,0,0,,,,,,,,,
598050,2013,2013-05-07,Wankhede Stadium,2,13.3,Kolkata Knight Riders,Mumbai Indians,DB Das,R McLaren,Harbhajan Singh,0,0,,,,,,,,,
598050,2013,2013-05-07,Wankhede Stadium,2,13.4,Kolkata Knight Riders,Mumbai Indians,DB Das,R McLaren,Harbhajan Singh,0,0,,,,,,,,,
598050,2013,2013-05-07,Wankhede Stadium,2,13.5,Kolkata Knight Riders,Mumbai Indians,DB Das,R McLaren,Harbhajan Singh,4,0,,,,,,,,,
598050,2013,2013-05-07,Wankhede Stadium,2,13.6,Kolkata Knight Riders,Mumbai Indians,DB Das,R McLaren,Harbhajan Singh,0,0,,,,,,caught and bowled,DB Das,,
598050,2013,2013-05-07,Wankhede Stadium,2,14.1,Kolkata Knight Riders,Mumbai Indians,R McLaren,R Bhatia,SL Malinga,0,0,,,,,,run out,R McLaren,,
598050,2013,2013-05-07,Wankhede Stadium,2,14.2,Kolkata Knight Riders,Mumbai Indians,Iqbal Abdulla,R Bhatia,SL Malinga,0,0,,,,,,,,,
598050,2013,2013-05-07,Wankhede Stadium,2,14.3,Kolkata Knight Riders,Mumbai Indians,Iqbal Abdulla,R Bhatia,SL Malinga,1,0,,,,,,,,,
598050,2013,2013-05-07,Wankhede Stadium,2,14.4,Kolkata Knight Riders,Mumbai Indians,R Bhatia,Iqbal Abdulla,SL Malinga,0,0,,,,,,,,,
598050,2013,2013-05-07,Wankhede Stadium,2,14.5,Kolkata Knight Riders,Mumbai Indians,R Bhatia,Iqbal Abdulla,SL Malinga,1,0,,,,,,,,,
598050,2013,2013-05-07,Wankhede Stadium,2,14.6,Kolkata Knight Riders,Mumbai Indians,Iqbal Abdulla,R Bhatia,SL Malinga,1,0,,,,,,,,,
598050,2013,2013-05-07,Wankhede Stadium,2,15.1,Kolkata Knight Riders,Mumbai Indians,Iqbal Abdulla,R Bhatia,Harbhajan Singh,0,0,,,,,,,,,
598050,2013,2013-05-07,Wankhede Stadium,2,15.2,Kolkata Knight Riders,Mumbai Indians,Iqbal Abdulla,R Bhatia,Harbhajan Singh,1,0,,,,,,,,,
598050,2013,2013-05-07,Wankhede Stadium,2,15.3,Kolkata Knight Riders,Mumbai Indians,R Bhatia,Iqbal Abdulla,Harbhajan Singh,2,0,,,,,,,,,
598050,2013,2013-05-07,Wankhede Stadium,2,15.4,Kolkata Knight Riders,Mumbai Indians,R Bhatia,Iqbal Abdulla,Harbhajan Singh,1,0,,,,,,,,,
598050,2013,2013-05-07,Wankhede Stadium,2,15.5,Kolkata Knight Riders,Mumbai Indians,Iqbal Abdulla,R Bhatia,Harbhajan Singh,1,0,,,,,,,,,
598050,2013,2013-05-07,Wankhede Stadium,2,15.6,Kolkata Knight Riders,Mumbai Indians,R Bhatia,Iqbal Abdulla,Harbhajan Singh,0,0,,,,,,caught,R Bhatia,,
598050,2013,2013-05-07,Wankhede Stadium,2,16.1,Kolkata Knight Riders,Mumbai Indians,SP Narine,Iqbal Abdulla,SL Malinga,0,0,,,,,,,,,
598050,2013,2013-05-07,Wankhede Stadium,2,16.2,Kolkata Knight Riders,Mumbai Indians,SP Narine,Iqbal Abdulla,SL Malinga,1,0,,,,,,,,,
598050,2013,2013-05-07,Wankhede Stadium,2,16.3,Kolkata Knight Riders,Mumbai Indians,Iqbal Abdulla,SP Narine,SL Malinga,0,0,,,,,,,,,
598050,2013,2013-05-07,Wankhede Stadium,2,16.4,Kolkata Knight Riders,Mumbai Indians,Iqbal Abdulla,SP Narine,SL Malinga,1,0,,,,,,,,,
598050,2013,2013-05-07,Wankhede Stadium,2,16.5,Kolkata Knight Riders,Mumbai Indians,SP Narine,Iqbal Abdulla,SL Malinga,1,0,,,,,,,,,
598050,2013,2013-05-07,Wankhede Stadium,2,16.6,Kolkata Knight Riders,Mumbai Indians,Iqbal Abdulla,SP Narine,SL Malinga,0,0,,,,,,,,,
598050,2013,2013-05-07,Wankhede Stadium,2,17.1,Kolkata Knight Riders,Mumbai Indians,SP Narine,Iqbal Abdulla,MG Johnson,1,0,,,,,,,,,
598050,2013,2013-05-07,Wankhede Stadium,2,17.2,Kolkata Knight Riders,Mumbai Indians,Iqbal Abdulla,SP Narine,MG Johnson,0,1,,,,1,,,,,
598050,2013,2013-05-07,Wankhede Stadium,2,17.3,Kolkata Knight Riders,Mumbai Indians,SP Narine,Iqbal Abdulla,MG Johnson,0,2,,,,2,,,,,
598050,2013,2013-05-07,Wankhede Stadium,2,17.4,Kolkata Knight Riders,Mumbai Indians,SP Narine,Iqbal Abdulla,MG Johnson,0,0,,,,,,caught,SP Narine,,
598050,2013,2013-05-07,Wankhede Stadium,2,17.5,Kolkata Knight Riders,Mumbai Indians,L Balaji,Iqbal Abdulla,MG Johnson,0,0,,,,,,,,,
598050,2013,2013-05-07,Wankhede Stadium,2,17.6,Kolkata Knight Riders,Mumbai Indians,L Balaji,Iqbal Abdulla,MG Johnson,0,0,,,,,,,,,
598050,2013,2013-05-07,Wankhede Stadium,2,18.1,Kolkata Knight Riders,Mumbai Indians,Iqbal Abdulla,L Balaji,SL Malinga,1,0,,,,,,,,,
598050,2013,2013-05-07,Wankhede Stadium,2,18.2,Kolkata Knight Riders,Mumbai Indians,L Balaji,Iqbal Abdulla,SL Malinga,0,0,,,,,,bowled,L Balaji,,
