match_id,season,start_date,venue,innings,ball,batting_team,bowling_team,striker,non_striker,bowler,runs_off_bat,extras,wides,noballs,byes,legbyes,penalty,wicket_type,player_dismissed,other_wicket_type,other_player_dismissed
598069,2013,2013-05-19,"Rajiv Gandhi International Stadium, Uppal",1,0.1,Kolkata Knight Riders,Sunrisers Hyderabad,MS Bisla,G Gambhir,DW Steyn,0,0,,,,,,,,,
598069,2013,2013-05-19,"Rajiv Gandhi International Stadium, Uppal",1,0.2,Kolkata Knight Riders,Sunrisers Hyderabad,MS Bisla,G Gambhir,DW Steyn,4,0,,,,,,,,,
598069,2013,2013-05-19,"Rajiv Gandhi International Stadium, Uppal",1,0.3,Kolkata Knight Riders,Sunrisers Hyderabad,MS Bisla,G Gambhir,DW Steyn,0,0,,,,,,,,,
598069,2013,2013-05-19,"Rajiv Gandhi International Stadium, Uppal",1,0.4,Kolkata Knight Riders,Sunrisers Hyderabad,MS Bisla,G Gambhir,DW Steyn,0,0,,,,,,,,,
598069,2013,2013-05-19,"Rajiv Gandhi International Stadium, Uppal",1,0.5,Kolkata Knight Riders,Sunrisers Hyderabad,MS Bisla,G Gambhir,DW Steyn,1,0,,,,,,,,,
598069,2013,2013-05-19,"Rajiv Gandhi International Stadium, Uppal",1,0.6,Kolkata Knight Riders,Sunrisers Hyderabad,G Gambhir,MS Bisla,DW Steyn,0,0,,,,,,,,,
598069,2013,2013-05-19,"Rajiv Gandhi International Stadium, Uppal",1,1.1,Kolkata Knight Riders,Sunrisers Hyderabad,MS Bisla,G Gambhir,Anand Rajan,0,0,,,,,,,,,
598069,2013,2013-05-19,"Rajiv Gandhi International Stadium, Uppal",1,1.2,Kolkata Knight Riders,Sunrisers Hyderabad,MS Bisla,G Gambhir,Anand Rajan,0,0,,,,,,,,,
598069,2013,2013-05-19,"Rajiv Gandhi International Stadium, Uppal",1,1.3,Kolkata Knight Riders,Sunrisers Hyderabad,MS Bisla,G Gambhir,Anand Rajan,4,0,,,,,,,,,
598069,2013,2013-05-19,"Rajiv Gandhi International Stadium, Uppal",1,1.4,Kolkata Knight Riders,Sunrisers Hyderabad,MS Bisla,G Gambhir,Anand Rajan,0,0,,,,,,,,,
598069,2013,2013-05-19,"Rajiv Gandhi International Stadium, Uppal",1,1.5,Kolkata Knight Riders,Sunrisers Hyderabad,MS Bisla,G Gambhir,Anand Rajan,0,0,,,,,,,,,
598069,2013,2013-05-19,"Rajiv Gandhi International Stadium, Uppal",1,1.6,Kolkata Knight Riders,Sunrisers Hyderabad,MS Bisla,G Gambhir,Anand Rajan,1,0,,,,,,,,,
598069,2013,2013-05-19,"Rajiv Gandhi International Stadium, Uppal",1,2.1,Kolkata Knight Riders,Sunrisers Hyderabad,MS Bisla,G Gambhir,DW Steyn,0,5,5,,,,,,,,
598069,2013,2013-05-19,"Rajiv Gandhi International Stadium, Uppal",1,2.2,Kolkata Knight Riders,Sunrisers Hyderabad,MS Bisla,G Gambhir,DW Steyn,0,0,,,,,,,,,
598069,2013,2013-05-19,"Rajiv Gandhi International Stadium, Uppal",1,2.3,Kolkata Knight Riders,Sunrisers Hyderabad,MS Bisla,G Gambhir,DW Steyn,1,0,,,,,,,,,
598069,2013,2013-05-19,"Rajiv Gandhi International Stadium, Uppal",1,2.4,Kolkata Knight Riders,Sunrisers Hyderabad,G Gambhir,MS Bisla,DW Steyn,0,0,,,,,,,,,
598069,2013,2013-05-19,"Rajiv Gandhi International Stadium, Uppal",1,2.5,Kolkata Knight Riders,Sunrisers Hyderabad,G Gambhir,MS Bisla,DW Steyn,1,0,,,,,,,,,
598069,2013,2013-05-19,"Rajiv Gandhi International Stadium, Uppal",1,2.6,Kolkata Knight Riders,Sunrisers Hyderabad,MS Bisla,G Gambhir,DW Steyn,0,0,,,,,,,,,
598069,2013,2013-05-19,"Rajiv Gandhi International Stadium, Uppal",1,2.7,Kolkata Knight Riders,Sunrisers Hyderabad,MS Bisla,G Gambhir,DW Steyn,0,0,,,,,,,,,
598069,2013,2013-05-19,"Rajiv Gandhi International Stadium, Uppal",1,3.1,Kolkata Knight Riders,Sunrisers Hyderabad,G Gambhir,MS Bisla,Anand Rajan,2,0,,,,,,,,,
598069,2013,2013-05-19,"Rajiv Gandhi International Stadium, Uppal",1,3.2,Kolkata Knight Riders,Sunrisers Hyderabad,G Gambhir,MS Bisla,Anand Rajan,0,0,,,,,,,,,
598069,2013,2013-05-19,"Rajiv Gandhi International Stadium, Uppal",1,3.3,Kolkata Knight Riders,Sunrisers Hyderabad,G Gambhir,MS Bisla,Anand Rajan,0,0,,,,,,,,,
598069,2013,2013-05-19,"Rajiv Gandhi International Stadium, Uppal",1,3.4,Kolkata Knight Riders,Sunrisers Hyderabad,G Gambhir,MS Bisla,Anand Rajan,0,0,,,,,,,,,
598069,2013,2013-05-19,"Rajiv Gandhi International Stadium, Uppal",1,3.5,Kolkata Knight Riders,Sunrisers Hyderabad,G Gambhir,MS Bisla,Anand Rajan,1,0,,,,,,,,,
598069,2013,2013-05-19,"Rajiv Gandhi International Stadium, Uppal",1,3.6,Kolkata Knight Riders,Sunrisers Hyderabad,MS Bisla,G Gambhir,Anand Rajan,0,0,,,,,,,,,
598069,2013,2013-05-19,"Rajiv Gandhi International Stadium, Uppal",1,4.1,Kolkata Knight Riders,Sunrisers Hyderabad,G Gambhir,MS Bisla,NLTC Perera,1,0,,,,,,,,,
598069,2013,2013-05-19,"Rajiv Gandhi International Stadium, Uppal",1,4.2,Kolkata Knight Riders,Sunrisers Hyderabad,MS Bisla,G Gambhir,NLTC Perera,4,0,,,,,,,,,
598069,2013,2013-05-19,"Rajiv Gandhi International Stadium, Uppal",1,4.3,Kolkata Knight Riders,Sunrisers Hyderabad,MS Bisla,G Gambhir,NLTC Perera,0,0,,,,,,caught,MS Bisla,,
598069,2013,2013-05-19,"Rajiv Gandhi International Stadium, Uppal",1,4.4,Kolkata Knight Riders,Sunrisers Hyderabad,G Gambhir,JH Kallis,NLTC Perera,1,0,,,,,,,,,
598069,2013,2013-05-19,"Rajiv Gandhi International Stadium, Uppal",1,4.5,Kolkata Knight Riders,Sunrisers Hyderabad,JH Kallis,G Gambhir,NLTC Perera,0,0,,,,,,,,,
598069,2013,2013-05-19,"Rajiv Gandhi International Stadium, Uppal",1,4.6,Kolkata Knight Riders,Sunrisers Hyderabad,JH Kallis,G Gambhir,NLTC Perera,1,0,,,,,,,,,
598069,2013,2013-05-19,"Rajiv Gandhi International Stadium, Uppal",1,5.1,Kolkata Knight Riders,Sunrisers Hyderabad,JH Kallis,G Gambhir,Anand Rajan,0,0,,,,,,,,,
598069,2013,2013-05-19,"Rajiv Gandhi International Stadium, Uppal",1,5.2,Kolkata Knight Riders,Sunrisers Hyderabad,JH Kallis,G Gambhir,Anand Rajan,1,0,,,,,,,,,
598069,2013,2013-05-19,"Rajiv Gandhi International Stadium, Uppal",1,5.3,Kolkata Knight Riders,Sunrisers Hyderabad,G Gambhir,JH Kallis,Anand Rajan,2,0,,,,,,,,,
598069,2013,2013-05-19,"Rajiv Gandhi International Stadium, Uppal",1,5.4,Kolkata Knight Riders,Sunrisers Hyderabad,G Gambhir,JH Kallis,Anand Rajan,0,1,1,,,,,,,,
598069,2013,2013-05-19,"Rajiv Gandhi International Stadium, Uppal",1,5.5,Kolkata Knight Riders,Sunrisers Hyderabad,G Gambhir,JH Kallis,Anand Rajan,0,1,1,,,,,,,,
598069,2013,2013-05-19,"Rajiv Gandhi International Stadium, Uppal",1,5.6,Kolkata Knight Riders,Sunrisers Hyderabad,G Gambhir,JH Kallis,Anand Rajan,0,0,,,,,,,,,
598069,2013,2013-05-19,"Rajiv Gandhi International Stadium, Uppal",1,5.7,Kolkata Knight Riders,Sunrisers Hyderabad,G Gambhir,JH Kallis,Anand Rajan,1,0,,,,,,,,,
598069,2013,2013-05-19,"Rajiv Gandhi International Stadium, Uppal",1,5.8,Kolkata Knight Riders,Sunrisers Hyderabad,JH Kallis,G Gambhir,Anand Rajan,0,0,,,,,,,,,
598069,2013,2013-05-19,"Rajiv Gandhi International Stadium, Uppal",1,6.1,Kolkata Knight Riders,Sunrisers Hyderabad,G Gambhir,JH Kallis,DJG Sammy,0,0,,,,,,,,,
598069,2013,2013-05-19,"Rajiv Gandhi International Stadium, Uppal",1,6.2,Kolkata Knight Riders,Sunrisers Hyderabad,G Gambhir,JH Kallis,DJG Sammy,0,0,,,,,,,,,
598069,2013,2013-05-19,"Rajiv Gandhi International Stadium, Uppal",1,6.3,Kolkata Knight Riders,Sunrisers Hyderabad,G Gambhir,JH Kallis,DJG Sammy,1,0,,,,,,,,,
598069,2013,2013-05-19,"Rajiv Gandhi International Stadium, Uppal",1,6.4,Kolkata Knight Riders,Sunrisers Hyderabad,JH Kallis,G Gambhir,DJG Sammy,0,0,,,,,,,,,
598069,2013,2013-05-19,"Rajiv Gandhi International Stadium, Uppal",1,6.5,Kolkata Knight Riders,Sunrisers Hyderabad,JH Kallis,G Gambhir,DJG Sammy,4,0,,,,,,,,,
598069,2013,2013-05-19,"Rajiv Gandhi International Stadium, Uppal",1,6.6,Kolkata Knight Riders,Sunrisers Hyderabad,JH Kallis,G Gambhir,DJG Sammy,4,0,,,,,,,,,
598069,2013,2013-05-19,"Rajiv Gandhi International Stadium, Uppal",1,7.1,Kolkata Knight Riders,Sunrisers Hyderabad,G Gambhir,JH Kallis,A Mishra,0,0,,,,,,run out,G Gambhir,,
598069,2013,2013-05-19,"Rajiv Gandhi International Stadium, Uppal",1,7.2,Kolkata Knight Riders,Sunrisers Hyderabad,EJG Morgan,JH Kallis,A Mishra,1,0,,,,,,,,,
598069,2013,2013-05-19,"Rajiv Gandhi International Stadium, Uppal",1,7.3,Kolkata Knight Riders,Sunrisers Hyderabad,JH Kallis,EJG Morgan,A Mishra,3,0,,,,,,,,,
598069,2013,2013-05-19,"Rajiv Gandhi International Stadium, Uppal",1,7.4,Kolkata Knight Riders,Sunrisers Hyderabad,EJG Morgan,JH Kallis,A Mishra,1,0,,,,,,,,,
598069,2013,2013-05-19,"Rajiv Gandhi International Stadium, Uppal",1,7.5,Kolkata Knight Riders,Sunrisers Hyderabad,JH Kallis,EJG Morgan,A Mishra,0,0,,,,,,,,,
598069,2013,2013-05-19,"Rajiv Gandhi International Stadium, Uppal",1,7.6,Kolkata Knight Riders,Sunrisers Hyderabad,JH Kallis,EJG Morgan,A Mishra,0,0,,,,,,,,,
598069,2013,2013-05-19,"Rajiv Gandhi International Stadium, Uppal",1,8.1,Kolkata Knight Riders,Sunrisers Hyderabad,EJG Morgan,JH Kallis,KV Sharma,4,0,,,,,,,,,
598069,2013,2013-05-19,"Rajiv Gandhi International Stadium, Uppal",1,8.2,Kolkata Knight Riders,Sunrisers Hyderabad,EJG Morgan,JH Kallis,KV Sharma,0,0,,,,,,,,,
598069,2013,2013-05-19,"Rajiv Gandhi International Stadium, Uppal",1,8.3,Kolkata Knight Riders,Sunrisers Hyderabad,EJG Morgan,JH Kallis,KV Sharma,0,0,,,,,,,,,
598069,2013,2013-05-19,"Rajiv Gandhi International Stadium, Uppal",1,8.4,Kolkata Knight Riders,Sunrisers Hyderabad,EJG Morgan,JH Kallis,KV Sharma,1,0,,,,,,,,,
598069,2013,2013-05-19,"Rajiv Gandhi International Stadium, Uppal",1,8.5,Kolkata Knight Riders,Sunrisers Hyderabad,JH Kallis,EJG Morgan,KV Sharma,0,0,,,,,,,,,
598069,2013,2013-05-19,"Rajiv Gandhi International Stadium, Uppal",1,8.6,Kolkata Knight Riders,Sunrisers Hyderabad,JH Kallis,EJG Morgan,KV Sharma,0,0,,,,,,,,,
598069,2013,2013-05-19,"Rajiv Gandhi International Stadium, Uppal",1,9.1,Kolkata Knight Riders,Sunrisers Hyderabad,EJG Morgan,JH Kallis,A Mishra,1,0,,,,,,,,,
598069,2013,2013-05-19,"Rajiv Gandhi International Stadium, Uppal",1,9.2,Kolkata Knight Riders,Sunrisers Hyderabad,JH Kallis,EJG Morgan,A Mishra,0,0,,,,,,,,,
598069,2013,2013-05-19,"Rajiv Gandhi International Stadium, Uppal",1,9.3,Kolkata Knight Riders,Sunrisers Hyderabad,JH Kallis,EJG Morgan,A Mishra,1,0,,,,,,,,,
598069,2013,2013-05-19,"Rajiv Gandhi International Stadium, Uppal",1,9.4,Kolkata Knight Riders,Sunrisers Hyderabad,EJG Morgan,JH Kallis,A Mishra,1,0,,,,,,,,,
598069,2013,2013-05-19,"Rajiv Gandhi International Stadium, Uppal",1,9.5,Kolkata Knight Riders,Sunrisers Hyderabad,JH Kallis,EJG Morgan,A Mishra,0,0,,,,,,,,,
598069,2013,2013-05-19,"Rajiv Gandhi International Stadium, Uppal",1,9.6,Kolkata Knight Riders,Sunrisers Hyderabad,JH Kallis,EJG Morgan,A Mishra,1,0,,,,,,,,,
598069,2013,2013-05-19,"Rajiv Gandhi International Stadium, Uppal",1,10.1,Kolkata Knight Riders,Sunrisers Hyderabad,JH Kallis,EJG Morgan,KV Sharma,2,0,,,,,,,,,
598069,2013,2013-05-19,"Rajiv Gandhi International Stadium, Uppal",1,10.2,Kolkata Knight Riders,Sunrisers Hyderabad,JH Kallis,EJG Morgan,KV Sharma,0,0,,,,,,,,,
598069,2013,2013-05-19,"Rajiv Gandhi International Stadium, Uppal",1,10.3,Kolkata Knight Riders,Sunrisers Hyderabad,JH Kallis,EJG Morgan,KV Sharma,1,0,,,,,,,,,
598069,2013,2013-05-19,"Rajiv Gandhi International Stadium, Uppal",1,10.4,Kolkata Knight Riders,Sunrisers Hyderabad,EJG Morgan,JH Kallis,KV Sharma,0,0,,,,,,lbw,EJG Morgan,,
598069,2013,2013-05-19,"Rajiv Gandhi International Stadium, Uppal",1,10.5,Kolkata Knight Riders,Sunrisers Hyderabad,YK Pathan,JH Kallis,KV Sharma,0,0,,,,,,,,,
598069,2013,2013-05-19,"Rajiv Gandhi International Stadium, Uppal",1,10.6,Kolkata Knight Riders,Sunrisers Hyderabad,YK Pathan,JH Kallis,KV Sharma,1,0,,,,,,,,,
598069,2013,2013-05-19,"Rajiv Gandhi International Stadium, Uppal",1,11.1,Kolkata Knight Riders,Sunrisers Hyderabad,YK Pathan,JH Kallis,A Mishra,2,0,,,,,,,,,
598069,2013,2013-05-19,"Rajiv Gandhi International Stadium, Uppal",1,11.2,Kolkata Knight Riders,Sunrisers Hyderabad,YK Pathan,JH Kallis,A Mishra,0,0,,,,,,,,,
598069,2013,2013-05-19,"Rajiv Gandhi International Stadium, Uppal",1,11.3,Kolkata Knight Riders,Sunrisers Hyderabad,YK Pathan,JH Kallis,A Mishra,1,0,,,,,,,,,
598069,2013,2013-05-19,"Rajiv Gandhi International Stadium, Uppal",1,11.4,Kolkata Knight Riders,Sunrisers Hyderabad,JH Kallis,YK Pathan,A Mishra,1,0,,,,,,,,,
598069,2013,2013-05-19,"Rajiv Gandhi International Stadium, Uppal",1,11.5,Kolkata Knight Riders,Sunrisers Hyderabad,YK Pathan,JH Kallis,A Mishra,1,0,,,,,,,,,
598069,2013,2013-05-19,"Rajiv Gandhi International Stadium, Uppal",1,11.6,Kolkata Knight Riders,Sunrisers Hyderabad,JH Kallis,YK Pathan,A Mishra,1,0,,,,,,,,,
598069,2013,2013-05-19,"Rajiv Gandhi International Stadium, Uppal",1,12.1,Kolkata Knight Riders,Sunrisers Hyderabad,JH Kallis,YK Pathan,NLTC Perera,1,0,,,,,,,,,
598069,2013,2013-05-19,"Rajiv Gandhi International Stadium, Uppal",1,12.2,Kolkata Knight Riders,Sunrisers Hyderabad,YK Pathan,JH Kallis,NLTC Perera,4,0,,,,,,,,,
598069,2013,2013-05-19,"Rajiv Gandhi International Stadium, Uppal",1,12.3,Kolkata Knight Riders,Sunrisers Hyderabad,YK Pathan,JH Kallis,NLTC Perera,0,0,,,,,,,,,
598069,2013,2013-05-19,"Rajiv Gandhi International Stadium, Uppal",1,12.4,Kolkata Knight Riders,Sunrisers Hyderabad,YK Pathan,JH Kallis,NLTC Perera,2,0,,,,,,,,,
598069,2013,2013-05-19,"Rajiv Gandhi International Stadium, Uppal",1,12.5,Kolkata Knight Riders,Sunrisers Hyderabad,YK Pathan,JH Kallis,NLTC Perera,0,0,,,,,,,,,
598069,2013,2013-05-19,"Rajiv Gandhi International Stadium, Uppal",1,12.6,Kolkata Knight Riders,Sunrisers Hyderabad,YK Pathan,JH Kallis,NLTC Perera,1,0,,,,,,,,,
598069,2013,2013-05-19,"Rajiv Gandhi International Stadium, Uppal",1,13.1,Kolkata Knight Riders,Sunrisers Hyderabad,YK Pathan,JH Kallis,KV Sharma,4,0,,,,,,,,,
598069,2013,2013-05-19,"Rajiv Gandhi International Stadium, Uppal",1,13.2,Kolkata Knight Riders,Sunrisers Hyderabad,YK Pathan,JH Kallis,KV Sharma,1,0,,,,,,,,,
598069,2013,2013-05-19,"Rajiv Gandhi International Stadium, Uppal",1,13.3,Kolkata Knight Riders,Sunrisers Hyderabad,JH Kallis,YK Pathan,KV Sharma,0,0,,,,,,,,,
598069,2013,2013-05-19,"Rajiv Gandhi International Stadium, Uppal",1,13.4,Kolkata Knight Riders,Sunrisers Hyderabad,JH Kallis,YK Pathan,KV Sharma,1,0,,,,,,,,,
598069,2013,2013-05-19,"Rajiv Gandhi International Stadium, Uppal",1,13.5,Kolkata Knight Riders,Sunrisers Hyderabad,YK Pathan,JH Kallis,KV Sharma,0,0,,,,,,,,,
598069,2013,2013-05-19,"Rajiv Gandhi International Stadium, Uppal",1,13.6,Kolkata Knight Riders,Sunrisers Hyderabad,YK Pathan,JH Kallis,KV Sharma,0,0,,,,,,,,,
598069,2013,2013-05-19,"Rajiv Gandhi International Stadium, Uppal",1,14.1,Kolkata Knight Riders,Sunrisers Hyderabad,JH Kallis,YK Pathan,NLTC Perera,0,1,,,,1,,,,,
598069,2013,2013-05-19,"Rajiv Gandhi International Stadium, Uppal",1,14.2,Kolkata Knight Riders,Sunrisers Hyderabad,YK Pathan,JH Kallis,NLTC Perera,1,0,,,,,,,,,
598069,2013,2013-05-19,"Rajiv Gandhi International Stadium, Uppal",1,14.3,Kolkata Knight Riders,Sunrisers Hyderabad,JH Kallis,YK Pathan,NLTC Perera,1,0,,,,,,,,,
598069,2013,2013-05-19,"Rajiv Gandhi International Stadium, Uppal",1,14.4,Kolkata Knight Riders,Sunrisers Hyderabad,YK Pathan,JH Kallis,NLTC Perera,4,0,,,,,,,,,
598069,2013,2013-05-19,"Rajiv Gandhi International Stadium, Uppal",1,14.5,Kolkata Knight Riders,Sunrisers Hyderabad,YK Pathan,JH Kallis,NLTC Perera,1,0,,,,,,,,,
598069,2013,2013-05-19,"Rajiv Gandhi International Stadium, Uppal",1,14.6,Kolkata Knight Riders,Sunrisers Hyderabad,JH Kallis,YK Pathan,NLTC Perera,1,0,,,,,,,,,
598069,2013,2013-05-19,"Rajiv Gandhi International Stadium, Uppal",1,15.1,Kolkata Knight Riders,Sunrisers Hyderabad,JH Kallis,YK Pathan,DW Steyn,0,0,,,,,,caught,JH Kallis,,
598069,2013,2013-05-19,"Rajiv Gandhi International Stadium, Uppal",1,15.2,Kolkata Knight Riders,Sunrisers Hyderabad,YK Pathan,RN ten Doeschate,DW Steyn,1,0,,,,,,,,,
598069,2013,2013-05-19,"Rajiv Gandhi International Stadium, Uppal",1,15.3,Kolkata Knight Riders,Sunrisers Hyderabad,RN ten Doeschate,YK Pathan,DW Steyn,0,4,,,,4,,,,,
598069,2013,2013-05-19,"Rajiv Gandhi International Stadium, Uppal",1,15.4,Kolkata Knight Riders,Sunrisers Hyderabad,RN ten Doeschate,YK Pathan,DW Steyn,0,0,,,,,,,,,
598069,2013,2013-05-19,"Rajiv Gandhi International Stadium, Uppal",1,15.5,Kolkata Knight Riders,Sunrisers Hyderabad,RN ten Doeschate,YK Pathan,DW Steyn,0,0,,,,,,,,,
598069,2013,2013-05-19,"Rajiv Gandhi International Stadium, Uppal",1,15.6,Kolkata Knight Riders,Sunrisers Hyderabad,RN ten Doeschate,YK Pathan,DW Steyn,1,0,,,,,,,,,
598069,2013,2013-05-19,"Rajiv Gandhi International Stadium, Uppal",1,16.1,Kolkata Knight Riders,Sunrisers Hyderabad,RN ten Doeschate,YK Pathan,A Mishra,0,0,,,,,,lbw,RN ten Doeschate,,
598069,2013,2013-05-19,"Rajiv Gandhi International Stadium, Uppal",1,16.2,Kolkata Knight Riders,Sunrisers Hyderabad,P Dogra,YK Pathan,A Mishra,0,0,,,,,,,,,
598069,2013,2013-05-19,"Rajiv Gandhi International Stadium, Uppal",1,16.3,Kolkata Knight Riders,Sunrisers Hyderabad,P Dogra,YK Pathan,A Mishra,1,0,,,,,,,,,
598069,2013,2013-05-19,"Rajiv Gandhi International Stadium, Uppal",1,16.4,Kolkata Knight Riders,Sunrisers Hyderabad,YK Pathan,P Dogra,A Mishra,1,0,,,,,,,,,
598069,2013,2013-05-19,"Rajiv Gandhi International Stadium, Uppal",1,16.5,Kolkata Knight Riders,Sunrisers Hyderabad,P Dogra,YK Pathan,A Mishra,1,0,,,,,,,,,
598069,2013,2013-05-19,"Rajiv Gandhi International Stadium, Uppal",1,16.6,Kolkata Knight Riders,Sunrisers Hyderabad,YK Pathan,P Dogra,A Mishra,2,0,,,,,,,,,
598069,2013,2013-05-19,"Rajiv Gandhi International Stadium, Uppal",1,17.1,Kolkata Knight Riders,Sunrisers Hyderabad,P Dogra,YK Pathan,NLTC Perera,1,0,,,,,,,,,
598069,2013,2013-05-19,"Rajiv Gandhi International Stadium, Uppal",1,17.2,Kolkata Knight Riders,Sunrisers Hyderabad,YK Pathan,P Dogra,NLTC Perera,1,0,,,,,,,,,
598069,2013,2013-05-19,"Rajiv Gandhi International Stadium, Uppal",1,17.3,Kolkata Knight Riders,Sunrisers Hyderabad,P Dogra,YK Pathan,NLTC Perera,0,0,,,,,,,,,
598069,2013,2013-05-19,"Rajiv Gandhi International Stadium, Uppal",1,17.4,Kolkata Knight Riders,Sunrisers Hyderabad,P Dogra,YK Pathan,NLTC Perera,2,0,,,,,,,,,
598069,2013,2013-05-19,"Rajiv Gandhi International Stadium, Uppal",1,17.5,Kolkata Knight Riders,Sunrisers Hyderabad,P Dogra,YK Pathan,NLTC Perera,0,1,,,,1,,,,,
598069,2013,2013-05-19,"Rajiv Gandhi International Stadium, Uppal",1,17.6,Kolkata Knight Riders,Sunrisers Hyderabad,YK Pathan,P Dogra,NLTC Perera,6,0,,,,,,,,,
598069,2013,2013-05-19,"Rajiv Gandhi International Stadium, Uppal",1,18.1,Kolkata Knight Riders,Sunrisers Hyderabad,P Dogra,YK Pathan,DW Steyn,0,0,,,,,,caught,P Dogra,,
598069,2013,2013-05-19,"Rajiv Gandhi International Stadium, Uppal",1,18.2,Kolkata Knight Riders,Sunrisers Hyderabad,YK Pathan,SP Narine,DW Steyn,2,0,,,,,,,,,
598069,2013,2013-05-19,"Rajiv Gandhi International Stadium, Uppal",1,18.3,Kolkata Knight Riders,Sunrisers Hyderabad,YK Pathan,SP Narine,DW Steyn,0,0,,,,,,,,,
598069,2013,2013-05-19,"Rajiv Gandhi International Stadium, Uppal",1,18.4,Kolkata Knight Riders,Sunrisers Hyderabad,YK Pathan,SP Narine,DW Steyn,6,0,,,,,,,,,
598069,2013,2013-05-19,"Rajiv Gandhi International Stadium, Uppal",1,18.5,Kolkata Knight Riders,Sunrisers Hyderabad,YK Pathan,SP Narine,DW Steyn,1,0,,,,,,,,,
598069,2013,2013-05-19,"Rajiv Gandhi International Stadium, Uppal",1,18.6,Kolkata Knight Riders,Sunrisers Hyderabad,SP Narine,YK Pathan,DW Steyn,1,0,,,,,,,,,
598069,2013,2013-05-19,"Rajiv Gandhi International Stadium, Uppal",1,19.1,Kolkata Knight Riders,Sunrisers Hyderabad,SP Narine,YK Pathan,Anand Rajan,0,0,,,,,,caught,SP Narine,,
598069,2013,2013-05-19,"Rajiv Gandhi International Stadium, Uppal",1,19.2,Kolkata Knight Riders,Sunrisers Hyderabad,Iqbal Abdulla,YK Pathan,Anand Rajan,0,0,,,,,,,,,
598069,2013,2013-05-19,"Rajiv Gandhi International Stadium, Uppal",1,19.3,Kolkata Knight Riders,Sunrisers Hyderabad,Iqbal Abdulla,YK Pathan,Anand Rajan,1,0,,,,,,,,,
598069,2013,2013-05-19,"Rajiv Gandhi International Stadium, Uppal",1,19.4,Kolkata Knight Riders,Sunrisers Hyderabad,YK Pathan,Iqbal Abdulla,Anand Rajan,0,1,,,,1,,,,,
598069,2013,2013-05-19,"Rajiv Gandhi International Stadium, Uppal",1,19.5,Kolkata Knight Riders,Sunrisers Hyderabad,Iqbal Abdulla,YK Pathan,Anand Rajan,1,0,,,,,,,,,
598069,2013,2013-05-19,"Rajiv Gandhi International Stadium, Uppal",1,19.6,Kolkata Knight Riders,Sunrisers Hyderabad,YK Pathan,Iqbal Abdulla,Anand Rajan,6,0,,,,,,,,,
598069,2013,2013-05-19,"Rajiv Gandhi International Stadium, Uppal",2,0.1,Sunrisers Hyderabad,Kolkata Knight Riders,PA Patel,S Dhawan,YK Pathan,1,0,,,,,,,,,
598069,2013,2013-05-19,"Rajiv Gandhi International Stadium, Uppal",2,0.2,Sunrisers Hyderabad,Kolkata Knight Riders,S Dhawan,PA Patel,YK Pathan,0,0,,,,,,,,,
598069,2013,2013-05-19,"Rajiv Gandhi International Stadium, Uppal",2,0.3,Sunrisers Hyderabad,Kolkata Knight Riders,S Dhawan,PA Patel,YK Pathan,1,0,,,,,,,,,
598069,2013,2013-05-19,"Rajiv Gandhi International Stadium, Uppal",2,0.4,Sunrisers Hyderabad,Kolkata Knight Riders,PA Patel,S Dhawan,YK Pathan,0,0,,,,,,,,,
598069,2013,2013-05-19,"Rajiv Gandhi International Stadium, Uppal",2,0.5,Sunrisers Hyderabad,Kolkata Knight Riders,PA Patel,S Dhawan,YK Pathan,0,0,,,,,,,,,
598069,2013,2013-05-19,"Rajiv Gandhi International Stadium, Uppal",2,0.6,Sunrisers Hyderabad,Kolkata Knight Riders,PA Patel,S Dhawan,YK Pathan,1,0,,,,,,,,,
598069,2013,2013-05-19,"Rajiv Gandhi International Stadium, Uppal",2,1.1,Sunrisers Hyderabad,Kolkata Knight Riders,PA Patel,S Dhawan,PJ Sangwan,4,0,,,,,,,,,
598069,2013,2013-05-19,"Rajiv Gandhi International Stadium, Uppal",2,1.2,Sunrisers Hyderabad,Kolkata Knight Riders,PA Patel,S Dhawan,PJ Sangwan,4,0,,,,,,,,,
598069,2013,2013-05-19,"Rajiv Gandhi International Stadium, Uppal",2,1.3,Sunrisers Hyderabad,Kolkata Knight Riders,PA Patel,S Dhawan,PJ Sangwan,1,0,,,,,,,,,
598069,2013,2013-05-19,"Rajiv Gandhi International Stadium, Uppal",2,1.4,Sunrisers Hyderabad,Kolkata Knight Riders,S Dhawan,PA Patel,PJ Sangwan,0,0,,,,,,,,,
598069,2013,2013-05-19,"Rajiv Gandhi International Stadium, Uppal",2,1.5,Sunrisers Hyderabad,Kolkata Knight Riders,S Dhawan,PA Patel,PJ Sangwan,0,0,,,,,,,,,
598069,2013,2013-05-19,"Rajiv Gandhi International Stadium, Uppal",2,1.6,Sunrisers Hyderabad,Kolkata Knight Riders,S Dhawan,PA Patel,PJ Sangwan,1,0,,,,,,,,,
598069,2013,2013-05-19,"Rajiv Gandhi International Stadium, Uppal",2,2.1,Sunrisers Hyderabad,Kolkata Knight Riders,S Dhawan,PA Patel,YK Pathan,0,0,,,,,,,,,
598069,2013,2013-05-19,"Rajiv Gandhi International Stadium, Uppal",2,2.2,Sunrisers Hyderabad,Kolkata Knight Riders,S Dhawan,PA Patel,YK Pathan,0,0,,,,,,,,,
598069,2013,2013-05-19,"Rajiv Gandhi International Stadium, Uppal",2,2.3,Sunrisers Hyderabad,Kolkata Knight Riders,S Dhawan,PA Patel,YK Pathan,1,0,,,,,,,,,
598069,2013,2013-05-19,"Rajiv Gandhi International Stadium, Uppal",2,2.4,Sunrisers Hyderabad,Kolkata Knight Riders,PA Patel,S Dhawan,YK Pathan,1,0,,,,,,,,,
598069,2013,2013-05-19,"Rajiv Gandhi International Stadium, Uppal",2,2.5,Sunrisers Hyderabad,Kolkata Knight Riders,S Dhawan,PA Patel,YK Pathan,1,0,,,,,,,,,
598069,2013,2013-05-19,"Rajiv Gandhi International Stadium, Uppal",2,2.6,Sunrisers Hyderabad,Kolkata Knight Riders,PA Patel,S Dhawan,YK Pathan,0,1,1,,,,,,,,
598069,2013,2013-05-19,"Rajiv Gandhi International Stadium, Uppal",2,2.7,Sunrisers Hyderabad,Kolkata Knight Riders,PA Patel,S Dhawan,YK Pathan,0,0,,,,,,,,,
598069,2013,2013-05-19,"Rajiv Gandhi International Stadium, Uppal",2,3.1,Sunrisers Hyderabad,Kolkata Knight Riders,S Dhawan,PA Patel,PJ Sangwan,0,0,,,,,,,,,
598069,2013,2013-05-19,"Rajiv Gandhi International Stadium, Uppal",2,3.2,Sunrisers Hyderabad,Kolkata Knight Riders,S Dhawan,PA Patel,PJ Sangwan,2,0,,,,,,,,,
598069,2013,2013-05-19,"Rajiv Gandhi International Stadium, Uppal",2,3.3,Sunrisers Hyderabad,Kolkata Knight Riders,S Dhawan,PA Patel,PJ Sangwan,0,1,,,,1,,,,,
598069,2013,2013-05-19,"Rajiv Gandhi International Stadium, Uppal",2,3.4,Sunrisers Hyderabad,Kolkata Knight Riders,PA Patel,S Dhawan,PJ Sangwan,4,0,,,,,,,,,
598069,2013,2013-05-19,"Rajiv Gandhi International Stadium, Uppal",2,3.5,Sunrisers Hyderabad,Kolkata Knight Riders,PA Patel,S Dhawan,PJ Sangwan,1,0,,,,,,,,,
598069,2013,2013-05-19,"Rajiv Gandhi International Stadium, Uppal",2,3.6,Sunrisers Hyderabad,Kolkata Knight Riders,S Dhawan,PA Patel,PJ Sangwan,0,0,,,,,,,,,
598069,2013,2013-05-19,"Rajiv Gandhi International Stadium, Uppal",2,4.1,Sunrisers Hyderabad,Kolkata Knight Riders,PA Patel,S Dhawan,SP Narine,4,0,,,,,,,,,
598069,2013,2013-05-19,"Rajiv Gandhi International Stadium, Uppal",2,4.2,Sunrisers Hyderabad,Kolkata Knight Riders,PA Patel,S Dhawan,SP Narine,0,0,,,,,,,,,
598069,2013,2013-05-19,"Rajiv Gandhi International Stadium, Uppal",2,4.3,Sunrisers Hyderabad,Kolkata Knight Riders,PA Patel,S Dhawan,SP Narine,0,0,,,,,,,,,
598069,2013,2013-05-19,"Rajiv Gandhi International Stadium, Uppal",2,4.4,Sunrisers Hyderabad,Kolkata Knight Riders,PA Patel,S Dhawan,SP Narine,0,0,,,,,,,,,
598069,2013,2013-05-19,"Rajiv Gandhi International Stadium, Uppal",2,4.5,Sunrisers Hyderabad,Kolkata Knight Riders,PA Patel,S Dhawan,SP Narine,1,0,,,,,,,,,
598069,2013,2013-05-19,"Rajiv Gandhi International Stadium, Uppal",2,4.6,Sunrisers Hyderabad,Kolkata Knight Riders,S Dhawan,PA Patel,SP Narine,0,0,,,,,,,,,
598069,2013,2013-05-19,"Rajiv Gandhi International Stadium, Uppal",2,5.1,Sunrisers Hyderabad,Kolkata Knight Riders,PA Patel,S Dhawan,YK Pathan,4,0,,,,,,,,,
598069,2013,2013-05-19,"Rajiv Gandhi International Stadium, Uppal",2,5.2,Sunrisers Hyderabad,Kolkata Knight Riders,PA Patel,S Dhawan,YK Pathan,4,0,,,,,,,,,
598069,2013,2013-05-19,"Rajiv Gandhi International Stadium, Uppal",2,5.3,Sunrisers Hyderabad,Kolkata Knight Riders,PA Patel,S Dhawan,YK Pathan,0,0,,,,,,,,,
598069,2013,2013-05-19,"Rajiv Gandhi International Stadium, Uppal",2,5.4,Sunrisers Hyderabad,Kolkata Knight Riders,PA Patel,S Dhawan,YK Pathan,1,0,,,,,,,,,
598069,2013,2013-05-19,"Rajiv Gandhi International Stadium, Uppal",2,5.5,Sunrisers Hyderabad,Kolkata Knight Riders,S Dhawan,PA Patel,YK Pathan,0,0,,,,,,,,,
598069,2013,2013-05-19,"Rajiv Gandhi International Stadium, Uppal",2,5.6,Sunrisers Hyderabad,Kolkata Knight Riders,S Dhawan,PA Patel,YK Pathan,6,0,,,,,,,,,
598069,2013,2013-05-19,"Rajiv Gandhi International Stadium, Uppal",2,6.1,Sunrisers Hyderabad,Kolkata Knight Riders,PA Patel,S Dhawan,Mohammed Shami,1,0,,,,,,,,,
598069,2013,2013-05-19,"Rajiv Gandhi International Stadium, Uppal",2,6.2,Sunrisers Hyderabad,Kolkata Knight Riders,S Dhawan,PA Patel,Mohammed Shami,1,0,,,,,,,,,
598069,2013,2013-05-19,"Rajiv Gandhi International Stadium, Uppal",2,6.3,Sunrisers Hyderabad,Kolkata Knight Riders,PA Patel,S Dhawan,Mohammed Shami,1,0,,,,,,,,,
598069,2013,2013-05-19,"Rajiv Gandhi International Stadium, Uppal",2,6.4,Sunrisers Hyderabad,Kolkata Knight Riders,S Dhawan,PA Patel,Mohammed Shami,1,0,,,,,,,,,
598069,2013,2013-05-19,"Rajiv Gandhi International Stadium, Uppal",2,6.5,Sunrisers Hyderabad,Kolkata Knight Riders,PA Patel,S Dhawan,Mohammed Shami,0,0,,,,,,,,,
598069,2013,2013-05-19,"Rajiv Gandhi International Stadium, Uppal",2,6.6,Sunrisers Hyderabad,Kolkata Knight Riders,PA Patel,S Dhawan,Mohammed Shami,0,0,,,,,,,,,
598069,2013,2013-05-19,"Rajiv Gandhi International Stadium, Uppal",2,7.1,Sunrisers Hyderabad,Kolkata Knight Riders,S Dhawan,PA Patel,JH Kallis,0,0,,,,,,,,,
598069,2013,2013-05-19,"Rajiv Gandhi International Stadium, Uppal",2,7.2,Sunrisers Hyderabad,Kolkata Knight Riders,S Dhawan,PA Patel,JH Kallis,1,0,,,,,,,,,
598069,2013,2013-05-19,"Rajiv Gandhi International Stadium, Uppal",2,7.3,Sunrisers Hyderabad,Kolkata Knight Riders,PA Patel,S Dhawan,JH Kallis,1,0,,,,,,,,,
598069,2013,2013-05-19,"Rajiv Gandhi International Stadium, Uppal",2,7.4,Sunrisers Hyderabad,Kolkata Knight Riders,S Dhawan,PA Patel,JH Kallis,6,0,,,,,,,,,
598069,2013,2013-05-19,"Rajiv Gandhi International Stadium, Uppal",2,7.5,Sunrisers Hyderabad,Kolkata Knight Riders,S Dhawan,PA Patel,JH Kallis,4,0,,,,,,,,,
598069,2013,2013-05-19,"Rajiv Gandhi International Stadium, Uppal",2,7.6,Sunrisers Hyderabad,Kolkata Knight Riders,S Dhawan,PA Patel,JH Kallis,1,0,,,,,,,,,
598069,2013,2013-05-19,"Rajiv Gandhi International Stadium, Uppal",2,8.1,Sunrisers Hyderabad,Kolkata Knight Riders,S Dhawan,PA Patel,Mohammed Shami,4,0,,,,,,,,,
598069,2013,2013-05-19,"Rajiv Gandhi International Stadium, Uppal",2,8.2,Sunrisers Hyderabad,Kolkata Knight Riders,S Dhawan,PA Patel,Mohammed Shami,0,0,,,,,,,,,
598069,2013,2013-05-19,"Rajiv Gandhi International Stadium, Uppal",2,8.3,Sunrisers Hyderabad,Kolkata Knight Riders,S Dhawan,PA Patel,Mohammed Shami,2,0,,,,,,,,,
598069,2013,2013-05-19,"Rajiv Gandhi International Stadium, Uppal",2,8.4,Sunrisers Hyderabad,Kolkata Knight Riders,S Dhawan,PA Patel,Mohammed Shami,1,0,,,,,,,,,
598069,2013,2013-05-19,"Rajiv Gandhi International Stadium, Uppal",2,8.5,Sunrisers Hyderabad,Kolkata Knight Riders,PA Patel,S Dhawan,Mohammed Shami,1,0,,,,,,,,,
598069,2013,2013-05-19,"Rajiv Gandhi International Stadium, Uppal",2,8.6,Sunrisers Hyderabad,Kolkata Knight Riders,S Dhawan,PA Patel,Mohammed Shami,4,0,,,,,,,,,
598069,2013,2013-05-19,"Rajiv Gandhi International Stadium, Uppal",2,9.1,Sunrisers Hyderabad,Kolkata Knight Riders,PA Patel,S Dhawan,SP Narine,1,0,,,,,,,,,
598069,2013,2013-05-19,"Rajiv Gandhi International Stadium, Uppal",2,9.2,Sunrisers Hyderabad,Kolkata Knight Riders,S Dhawan,PA Patel,SP Narine,1,0,,,,,,,,,
598069,2013,2013-05-19,"Rajiv Gandhi International Stadium, Uppal",2,9.3,Sunrisers Hyderabad,Kolkata Knight Riders,PA Patel,S Dhawan,SP Narine,0,0,,,,,,,,,
598069,2013,2013-05-19,"Rajiv Gandhi International Stadium, Uppal",2,9.4,Sunrisers Hyderabad,Kolkata Knight Riders,PA Patel,S Dhawan,SP Narine,1,0,,,,,,,,,
598069,2013,2013-05-19,"Rajiv Gandhi International Stadium, Uppal",2,9.5,Sunrisers Hyderabad,Kolkata Knight Riders,S Dhawan,PA Patel,SP Narine,0,0,,,,,,,,,
598069,2013,2013-05-19,"Rajiv Gandhi International Stadium, Uppal",2,9.6,Sunrisers Hyderabad,Kolkata Knight Riders,S Dhawan,PA Patel,SP Narine,0,0,,,,,,,,,
598069,2013,2013-05-19,"Rajiv Gandhi International Stadium, Uppal",2,10.1,Sunrisers Hyderabad,Kolkata Knight Riders,PA Patel,S Dhawan,YK Pathan,1,0,,,,,,,,,
598069,2013,2013-05-19,"Rajiv Gandhi International Stadium, Uppal",2,10.2,Sunrisers Hyderabad,Kolkata Knight Riders,S Dhawan,PA Patel,YK Pathan,1,0,,,,,,,,,
598069,2013,2013-05-19,"Rajiv Gandhi International Stadium, Uppal",2,10.3,Sunrisers Hyderabad,Kolkata Knight Riders,PA Patel,S Dhawan,YK Pathan,1,0,,,,,,,,,
598069,2013,2013-05-19,"Rajiv Gandhi International Stadium, Uppal",2,10.4,Sunrisers Hyderabad,Kolkata Knight Riders,S Dhawan,PA Patel,YK Pathan,2,0,,,,,,,,,
598069,2013,2013-05-19,"Rajiv Gandhi International Stadium, Uppal",2,10.5,Sunrisers Hyderabad,Kolkata Knight Riders,S Dhawan,PA Patel,YK Pathan,1,0,,,,,,,,,
598069,2013,2013-05-19,"Rajiv Gandhi International Stadium, Uppal",2,10.6,Sunrisers Hyderabad,Kolkata Knight Riders,PA Patel,S Dhawan,YK Pathan,1,0,,,,,,,,,
598069,2013,2013-05-19,"Rajiv Gandhi International Stadium, Uppal",2,11.1,Sunrisers Hyderabad,Kolkata Knight Riders,PA Patel,S Dhawan,Iqbal Abdulla,4,0,,,,,,,,,
598069,2013,2013-05-19,"Rajiv Gandhi International Stadium, Uppal",2,11.2,Sunrisers Hyderabad,Kolkata Knight Riders,PA Patel,S Dhawan,Iqbal Abdulla,1,0,,,,,,,,,
598069,2013,2013-05-19,"Rajiv Gandhi International Stadium, Uppal",2,11.3,Sunrisers Hyderabad,Kolkata Knight Riders,S Dhawan,PA Patel,Iqbal Abdulla,0,0,,,,,,lbw,S Dhawan,,
598069,2013,2013-05-19,"Rajiv Gandhi International Stadium, Uppal",2,11.4,Sunrisers Hyderabad,Kolkata Knight Riders,GH Vihari,PA Patel,Iqbal Abdulla,0,0,,,,,,,,,
598069,2013,2013-05-19,"Rajiv Gandhi International Stadium, Uppal",2,11.5,Sunrisers Hyderabad,Kolkata Knight Riders,GH Vihari,PA Patel,Iqbal Abdulla,0,0,,,,,,,,,
598069,2013,2013-05-19,"Rajiv Gandhi International Stadium, Uppal",2,11.6,Sunrisers Hyderabad,Kolkata Knight Riders,GH Vihari,PA Patel,Iqbal Abdulla,1,0,,,,,,,,,
598069,2013,2013-05-19,"Rajiv Gandhi International Stadium, Uppal",2,12.1,Sunrisers Hyderabad,Kolkata Knight Riders,GH Vihari,PA Patel,Mohammed Shami,1,0,,,,,,,,,
598069,2013,2013-05-19,"Rajiv Gandhi International Stadium, Uppal",2,12.2,Sunrisers Hyderabad,Kolkata Knight Riders,PA Patel,GH Vihari,Mohammed Shami,1,0,,,,,,,,,
598069,2013,2013-05-19,"Rajiv Gandhi International Stadium, Uppal",2,12.3,Sunrisers Hyderabad,Kolkata Knight Riders,GH Vihari,PA Patel,Mohammed Shami,0,0,,,,,,,,,
598069,2013,2013-05-19,"Rajiv Gandhi International Stadium, Uppal",2,12.4,Sunrisers Hyderabad,Kolkata Knight Riders,GH Vihari,PA Patel,Mohammed Shami,0,1,1,,,,,,,,
598069,2013,2013-05-19,"Rajiv Gandhi International Stadium, Uppal",2,12.5,Sunrisers Hyderabad,Kolkata Knight Riders,GH Vihari,PA Patel,Mohammed Shami,0,0,,,,,,,,,
598069,2013,2013-05-19,"Rajiv Gandhi International Stadium, Uppal",2,12.6,Sunrisers Hyderabad,Kolkata Knight Riders,GH Vihari,PA Patel,Mohammed Shami,0,5,5,,,,,,,,
598069,2013,2013-05-19,"Rajiv Gandhi International Stadium, Uppal",2,12.7,Sunrisers Hyderabad,Kolkata Knight Riders,GH Vihari,PA Patel,Mohammed Shami,0,0,,,,,,,,,
598069,2013,2013-05-19,"Rajiv Gandhi International Stadium, Uppal",2,12.8,Sunrisers Hyderabad,Kolkata Knight Riders,GH Vihari,PA Patel,Mohammed Shami,0,0,,,,,,,,,
598069,2013,2013-05-19,"Rajiv Gandhi International Stadium, Uppal",2,13.1,Sunrisers Hyderabad,Kolkata Knight Riders,PA Patel,GH Vihari,Iqbal Abdulla,1,0,,,,,,,,,
598069,2013,2013-05-19,"Rajiv Gandhi International Stadium, Uppal",2,13.2,Sunrisers Hyderabad,Kolkata Knight Riders,GH Vihari,PA Patel,Iqbal Abdulla,1,0,,,,,,,,,
598069,2013,2013-05-19,"Rajiv Gandhi International Stadium, Uppal",2,13.3,Sunrisers Hyderabad,Kolkata Knight Riders,PA Patel,GH Vihari,Iqbal Abdulla,0,0,,,,,,lbw,PA Patel,,
598069,2013,2013-05-19,"Rajiv Gandhi International Stadium, Uppal",2,13.4,Sunrisers Hyderabad,Kolkata Knight Riders,CL White,GH Vihari,Iqbal Abdulla,1,0,,,,,,,,,
598069,2013,2013-05-19,"Rajiv Gandhi International Stadium, Uppal",2,13.5,Sunrisers Hyderabad,Kolkata Knight Riders,GH Vihari,CL White,Iqbal Abdulla,1,0,,,,,,,,,
598069,2013,2013-05-19,"Rajiv Gandhi International Stadium, Uppal",2,13.6,Sunrisers Hyderabad,Kolkata Knight Riders,CL White,GH Vihari,Iqbal Abdulla,1,0,,,,,,,,,
598069,2013,2013-05-19,"Rajiv Gandhi International Stadium, Uppal",2,14.1,Sunrisers Hyderabad,Kolkata Knight Riders,CL White,GH Vihari,SP Narine,0,0,,,,,,,,,
598069,2013,2013-05-19,"Rajiv Gandhi International Stadium, Uppal",2,14.2,Sunrisers Hyderabad,Kolkata Knight Riders,CL White,GH Vihari,SP Narine,0,0,,,,,,run out,CL White,,
598069,2013,2013-05-19,"Rajiv Gandhi International Stadium, Uppal",2,14.3,Sunrisers Hyderabad,Kolkata Knight Riders,NLTC Perera,GH Vihari,SP Narine,0,0,,,,,,,,,
598069,2013,2013-05-19,"Rajiv Gandhi International Stadium, Uppal",2,14.4,Sunrisers Hyderabad,Kolkata Knight Riders,NLTC Perera,GH Vihari,SP Narine,0,0,,,,,,,,,
598069,2013,2013-05-19,"Rajiv Gandhi International Stadium, Uppal",2,14.5,Sunrisers Hyderabad,Kolkata Knight Riders,NLTC Perera,GH Vihari,SP Narine,1,0,,,,,,,,,
598069,2013,2013-05-19,"Rajiv Gandhi International Stadium, Uppal",2,14.6,Sunrisers Hyderabad,Kolkata Knight Riders,GH Vihari,NLTC Perera,SP Narine,0,1,1,,,,,,,,
598069,2013,2013-05-19,"Rajiv Gandhi International Stadium, Uppal",2,14.7,Sunrisers Hyderabad,Kolkata Knight Riders,GH Vihari,NLTC Perera,SP Narine,1,0,,,,,,,,,
598069,2013,2013-05-19,"Rajiv Gandhi International Stadium, Uppal",2,15.1,Sunrisers Hyderabad,Kolkata Knight Riders,GH Vihari,NLTC Perera,Iqbal Abdulla,1,0,,,,,,,,,
598069,2013,2013-05-19,"Rajiv Gandhi International Stadium, Uppal",2,15.2,Sunrisers Hyderabad,Kolkata Knight Riders,NLTC Perera,GH Vihari,Iqbal Abdulla,1,0,,,,,,,,,
598069,2013,2013-05-19,"Rajiv Gandhi International Stadium, Uppal",2,15.3,Sunrisers Hyderabad,Kolkata Knight Riders,GH Vihari,NLTC Perera,Iqbal Abdulla,0,0,,,,,,caught,GH Vihari,,
598069,2013,2013-05-19,"Rajiv Gandhi International Stadium, Uppal",2,15.4,Sunrisers Hyderabad,Kolkata Knight Riders,NLTC Perera,DJG Sammy,Iqbal Abdulla,0,0,,,,,,,,,
598069,2013,2013-05-19,"Rajiv Gandhi International Stadium, Uppal",2,15.5,Sunrisers Hyderabad,Kolkata Knight Riders,NLTC Perera,DJG Sammy,Iqbal Abdulla,0,0,,,,,,,,,
598069,2013,2013-05-19,"Rajiv Gandhi International Stadium, Uppal",2,15.6,Sunrisers Hyderabad,Kolkata Knight Riders,NLTC Perera,DJG Sammy,Iqbal Abdulla,0,0,,,,,,,,,
598069,2013,2013-05-19,"Rajiv Gandhi International Stadium, Uppal",2,16.1,Sunrisers Hyderabad,Kolkata Knight Riders,DJG Sammy,NLTC Perera,SP Narine,0,0,,,,,,,,,
598069,2013,2013-05-19,"Rajiv Gandhi International Stadium, Uppal",2,16.2,Sunrisers Hyderabad,Kolkata Knight Riders,DJG Sammy,NLTC Perera,SP Narine,0,0,,,,,,,,,
598069,2013,2013-05-19,"Rajiv Gandhi International Stadium, Uppal",2,16.3,Sunrisers Hyderabad,Kolkata Knight Riders,DJG Sammy,NLTC Perera,SP Narine,0,0,,,,,,,,,
598069,2013,2013-05-19,"Rajiv Gandhi International Stadium, Uppal",2,16.4,Sunrisers Hyderabad,Kolkata Knight Riders,DJG Sammy,NLTC Perera,SP Narine,0,0,,,,,,,,,
598069,2013,2013-05-19,"Rajiv Gandhi International Stadium, Uppal",2,16.5,Sunrisers Hyderabad,Kolkata Knight Riders,DJG Sammy,NLTC Perera,SP Narine,0,0,,,,,,,,,
598069,2013,2013-05-19,"Rajiv Gandhi International Stadium, Uppal",2,16.6,Sunrisers Hyderabad,Kolkata Knight Riders,DJG Sammy,NLTC Perera,SP Narine,0,0,,,,,,,,,
598069,2013,2013-05-19,"Rajiv Gandhi International Stadium, Uppal",2,17.1,Sunrisers Hyderabad,Kolkata Knight Riders,NLTC Perera,DJG Sammy,Mohammed Shami,1,0,,,,,,,,,
598069,2013,2013-05-19,"Rajiv Gandhi International Stadium, Uppal",2,17.2,Sunrisers Hyderabad,Kolkata Knight Riders,DJG Sammy,NLTC Perera,Mohammed Shami,1,0,,,,,,,,,
598069,2013,2013-05-19,"Rajiv Gandhi International Stadium, Uppal",2,17.3,Sunrisers Hyderabad,Kolkata Knight Riders,NLTC Perera,DJG Sammy,Mohammed Shami,1,0,,,,,,,,,
598069,2013,2013-05-19,"Rajiv Gandhi International Stadium, Uppal",2,17.4,Sunrisers Hyderabad,Kolkata Knight Riders,DJG Sammy,NLTC Perera,Mohammed Shami,1,0,,,,,,,,,
598069,2013,2013-05-19,"Rajiv Gandhi International Stadium, Uppal",2,17.5,Sunrisers Hyderabad,Kolkata Knight Riders,NLTC Perera,DJG Sammy,Mohammed Shami,0,0,,,,,,bowled,NLTC Perera,,
598069,2013,2013-05-19,"Rajiv Gandhi International Stadium, Uppal",2,17.6,Sunrisers Hyderabad,Kolkata Knight Riders,BB Samantray,DJG Sammy,Mohammed Shami,4,0,,,,,,,,,
598069,2013,2013-05-19,"Rajiv Gandhi International Stadium, Uppal",2,18.1,Sunrisers Hyderabad,Kolkata Knight Riders,DJG Sammy,BB Samantray,Iqbal Abdulla,1,0,,,,,,,,,
598069,2013,2013-05-19,"Rajiv Gandhi International Stadium, Uppal",2,18.2,Sunrisers Hyderabad,Kolkata Knight Riders,BB Samantray,DJG Sammy,Iqbal Abdulla,1,0,,,,,,,,,
598069,2013,2013-05-19,"Rajiv Gandhi International Stadium, Uppal",2,18.3,Sunrisers Hyderabad,Kolkata Knight Riders,DJG Sammy,BB Samantray,Iqbal Abdulla,2,0,,,,,,,,,
598069,2013,2013-05-19,"Rajiv Gandhi International Stadium, Uppal",2,18.4,Sunrisers Hyderabad,Kolkata Knight Riders,DJG Sammy,BB Samantray,Iqbal Abdulla,6,0,,,,,,,,,
598069,2013,2013-05-19,"Rajiv Gandhi International Stadium, Uppal",2,18.5,Sunrisers Hyderabad,Kolkata Knight Riders,DJG Sammy,BB Samantray,Iqbal Abdulla,6,0,,,,,,,,,
