match_id,season,start_date,venue,innings,ball,batting_team,bowling_team,striker,non_striker,bowler,runs_off_bat,extras,wides,noballs,byes,legbyes,penalty,wicket_type,player_dismissed,other_wicket_type,other_player_dismissed
598004,2013,2013-04-07,"Rajiv Gandhi International Stadium, Uppal",1,0.1,Royal Challengers Bangalore,Sunrisers Hyderabad,CH Gayle,TM Dilshan,DW Steyn,1,0,,,,,,,,,
598004,2013,2013-04-07,"Rajiv Gandhi International Stadium, Uppal",1,0.2,Royal Challengers Bangalore,Sunrisers Hyderabad,TM Dilshan,CH Gayle,DW Steyn,2,0,,,,,,,,,
598004,2013,2013-04-07,"Rajiv Gandhi International Stadium, Uppal",1,0.3,Royal Challengers Bangalore,Sunrisers Hyderabad,TM Dilshan,CH Gayle,DW Steyn,0,0,,,,,,,,,
598004,2013,2013-04-07,"Rajiv Gandhi International Stadium, Uppal",1,0.4,Royal Challengers Bangalore,Sunrisers Hyderabad,TM Dilshan,CH Gayle,DW Steyn,0,0,,,,,,,,,
598004,2013,2013-04-07,"Rajiv Gandhi International Stadium, Uppal",1,0.5,Royal Challengers Bangalore,Sunrisers Hyderabad,TM Dilshan,CH Gayle,DW Steyn,0,0,,,,,,,,,
598004,2013,2013-04-07,"Rajiv Gandhi International Stadium, Uppal",1,0.6,Royal Challengers Bangalore,Sunrisers Hyderabad,TM Dilshan,CH Gayle,DW Steyn,0,5,5,,,,,,,,
598004,2013,2013-04-07,"Rajiv Gandhi International Stadium, Uppal",1,0.7,Royal Challengers Bangalore,Sunrisers Hyderabad,TM Dilshan,CH Gayle,DW Steyn,0,0,,,,,,,,,
598004,2013,2013-04-07,"Rajiv Gandhi International Stadium, Uppal",1,1.1,Royal Challengers Bangalore,Sunrisers Hyderabad,CH Gayle,TM Dilshan,GH Vihari,0,0,,,,,,caught,CH Gayle,,
598004,2013,2013-04-07,"Rajiv Gandhi International Stadium, Uppal",1,1.2,Royal Challengers Bangalore,Sunrisers Hyderabad,V Kohli,TM Dilshan,GH Vihari,1,0,,,,,,,,,
598004,2013,2013-04-07,"Rajiv Gandhi International Stadium, Uppal",1,1.3,Royal Challengers Bangalore,Sunrisers Hyderabad,TM Dilshan,V Kohli,GH Vihari,2,0,,,,,,,,,
598004,2013,2013-04-07,"Rajiv Gandhi International Stadium, Uppal",1,1.4,Royal Challengers Bangalore,Sunrisers Hyderabad,TM Dilshan,V Kohli,GH Vihari,1,0,,,,,,,,,
598004,2013,2013-04-07,"Rajiv Gandhi International Stadium, Uppal",1,1.5,Royal Challengers Bangalore,Sunrisers Hyderabad,V Kohli,TM Dilshan,GH Vihari,0,0,,,,,,,,,
598004,2013,2013-04-07,"Rajiv Gandhi International Stadium, Uppal",1,1.6,Royal Challengers Bangalore,Sunrisers Hyderabad,V Kohli,TM Dilshan,GH Vihari,1,0,,,,,,,,,
598004,2013,2013-04-07,"Rajiv Gandhi International Stadium, Uppal",1,2.1,Royal Challengers Bangalore,Sunrisers Hyderabad,V Kohli,TM Dilshan,DW Steyn,0,0,,,,,,,,,
598004,2013,2013-04-07,"Rajiv Gandhi International Stadium, Uppal",1,2.2,Royal Challengers Bangalore,Sunrisers Hyderabad,V Kohli,TM Dilshan,DW Steyn,0,0,,,,,,,,,
598004,2013,2013-04-07,"Rajiv Gandhi International Stadium, Uppal",1,2.3,Royal Challengers Bangalore,Sunrisers Hyderabad,V Kohli,TM Dilshan,DW Steyn,0,0,,,,,,,,,
598004,2013,2013-04-07,"Rajiv Gandhi International Stadium, Uppal",1,2.4,Royal Challengers Bangalore,Sunrisers Hyderabad,V Kohli,TM Dilshan,DW Steyn,4,0,,,,,,,,,
598004,2013,2013-04-07,"Rajiv Gandhi International Stadium, Uppal",1,2.5,Royal Challengers Bangalore,Sunrisers Hyderabad,V Kohli,TM Dilshan,DW Steyn,0,0,,,,,,,,,
598004,2013,2013-04-07,"Rajiv Gandhi International Stadium, Uppal",1,2.6,Royal Challengers Bangalore,Sunrisers Hyderabad,V Kohli,TM Dilshan,DW Steyn,0,1,1,,,,,,,,
598004,2013,2013-04-07,"Rajiv Gandhi International Stadium, Uppal",1,2.7,Royal Challengers Bangalore,Sunrisers Hyderabad,V Kohli,TM Dilshan,DW Steyn,1,0,,,,,,,,,
598004,2013,2013-04-07,"Rajiv Gandhi International Stadium, Uppal",1,3.1,Royal Challengers Bangalore,Sunrisers Hyderabad,V Kohli,TM Dilshan,I Sharma,1,0,,,,,,,,,
598004,2013,2013-04-07,"Rajiv Gandhi International Stadium, Uppal",1,3.2,Royal Challengers Bangalore,Sunrisers Hyderabad,TM Dilshan,V Kohli,I Sharma,0,1,,,,1,,,,,
598004,2013,2013-04-07,"Rajiv Gandhi International Stadium, Uppal",1,3.3,Royal Challengers Bangalore,Sunrisers Hyderabad,V Kohli,TM Dilshan,I Sharma,1,0,,,,,,,,,
598004,2013,2013-04-07,"Rajiv Gandhi International Stadium, Uppal",1,3.4,Royal Challengers Bangalore,Sunrisers Hyderabad,TM Dilshan,V Kohli,I Sharma,0,0,,,,,,bowled,TM Dilshan,,
598004,2013,2013-04-07,"Rajiv Gandhi International Stadium, Uppal",1,3.5,Royal Challengers Bangalore,Sunrisers Hyderabad,KK Nair,V Kohli,I Sharma,1,0,,,,,,,,,
598004,2013,2013-04-07,"Rajiv Gandhi International Stadium, Uppal",1,3.6,Royal Challengers Bangalore,Sunrisers Hyderabad,V Kohli,KK Nair,I Sharma,0,0,,,,,,,,,
598004,2013,2013-04-07,"Rajiv Gandhi International Stadium, Uppal",1,4.1,Royal Challengers Bangalore,Sunrisers Hyderabad,KK Nair,V Kohli,Ankit Sharma,5,0,,,,,,,,,
598004,2013,2013-04-07,"Rajiv Gandhi International Stadium, Uppal",1,4.2,Royal Challengers Bangalore,Sunrisers Hyderabad,V Kohli,KK Nair,Ankit Sharma,0,0,,,,,,,,,
598004,2013,2013-04-07,"Rajiv Gandhi International Stadium, Uppal",1,4.3,Royal Challengers Bangalore,Sunrisers Hyderabad,V Kohli,KK Nair,Ankit Sharma,0,0,,,,,,,,,
598004,2013,2013-04-07,"Rajiv Gandhi International Stadium, Uppal",1,4.4,Royal Challengers Bangalore,Sunrisers Hyderabad,V Kohli,KK Nair,Ankit Sharma,4,0,,,,,,,,,
598004,2013,2013-04-07,"Rajiv Gandhi International Stadium, Uppal",1,4.5,Royal Challengers Bangalore,Sunrisers Hyderabad,V Kohli,KK Nair,Ankit Sharma,1,0,,,,,,,,,
598004,2013,2013-04-07,"Rajiv Gandhi International Stadium, Uppal",1,4.6,Royal Challengers Bangalore,Sunrisers Hyderabad,KK Nair,V Kohli,Ankit Sharma,0,0,,,,,,,,,
598004,2013,2013-04-07,"Rajiv Gandhi International Stadium, Uppal",1,5.1,Royal Challengers Bangalore,Sunrisers Hyderabad,V Kohli,KK Nair,I Sharma,0,0,,,,,,,,,
598004,2013,2013-04-07,"Rajiv Gandhi International Stadium, Uppal",1,5.2,Royal Challengers Bangalore,Sunrisers Hyderabad,V Kohli,KK Nair,I Sharma,0,0,,,,,,,,,
598004,2013,2013-04-07,"Rajiv Gandhi International Stadium, Uppal",1,5.3,Royal Challengers Bangalore,Sunrisers Hyderabad,V Kohli,KK Nair,I Sharma,4,0,,,,,,,,,
598004,2013,2013-04-07,"Rajiv Gandhi International Stadium, Uppal",1,5.4,Royal Challengers Bangalore,Sunrisers Hyderabad,V Kohli,KK Nair,I Sharma,1,0,,,,,,,,,
598004,2013,2013-04-07,"Rajiv Gandhi International Stadium, Uppal",1,5.5,Royal Challengers Bangalore,Sunrisers Hyderabad,KK Nair,V Kohli,I Sharma,0,0,,,,,,,,,
598004,2013,2013-04-07,"Rajiv Gandhi International Stadium, Uppal",1,5.6,Royal Challengers Bangalore,Sunrisers Hyderabad,KK Nair,V Kohli,I Sharma,2,0,,,,,,,,,
598004,2013,2013-04-07,"Rajiv Gandhi International Stadium, Uppal",1,6.1,Royal Challengers Bangalore,Sunrisers Hyderabad,V Kohli,KK Nair,NLTC Perera,1,0,,,,,,,,,
598004,2013,2013-04-07,"Rajiv Gandhi International Stadium, Uppal",1,6.2,Royal Challengers Bangalore,Sunrisers Hyderabad,KK Nair,V Kohli,NLTC Perera,0,0,,,,,,,,,
598004,2013,2013-04-07,"Rajiv Gandhi International Stadium, Uppal",1,6.3,Royal Challengers Bangalore,Sunrisers Hyderabad,KK Nair,V Kohli,NLTC Perera,0,0,,,,,,,,,
598004,2013,2013-04-07,"Rajiv Gandhi International Stadium, Uppal",1,6.4,Royal Challengers Bangalore,Sunrisers Hyderabad,KK Nair,V Kohli,NLTC Perera,1,0,,,,,,,,,
598004,2013,2013-04-07,"Rajiv Gandhi International Stadium, Uppal",1,6.5,Royal Challengers Bangalore,Sunrisers Hyderabad,V Kohli,KK Nair,NLTC Perera,0,0,,,,,,,,,
598004,2013,2013-04-07,"Rajiv Gandhi International Stadium, Uppal",1,6.6,Royal Challengers Bangalore,Sunrisers Hyderabad,V Kohli,KK Nair,NLTC Perera,0,0,,,,,,,,,
598004,2013,2013-04-07,"Rajiv Gandhi International Stadium, Uppal",1,7.1,Royal Challengers Bangalore,Sunrisers Hyderabad,KK Nair,V Kohli,A Mishra,0,0,,,,,,lbw,KK Nair,,
598004,2013,2013-04-07,"Rajiv Gandhi International Stadium, Uppal",1,7.2,Royal Challengers Bangalore,Sunrisers Hyderabad,MC Henriques,V Kohli,A Mishra,0,0,,,,,,,,,
598004,2013,2013-04-07,"Rajiv Gandhi International Stadium, Uppal",1,7.3,Royal Challengers Bangalore,Sunrisers Hyderabad,MC Henriques,V Kohli,A Mishra,1,0,,,,,,,,,
598004,2013,2013-04-07,"Rajiv Gandhi International Stadium, Uppal",1,7.4,Royal Challengers Bangalore,Sunrisers Hyderabad,V Kohli,MC Henriques,A Mishra,0,0,,,,,,,,,
598004,2013,2013-04-07,"Rajiv Gandhi International Stadium, Uppal",1,7.5,Royal Challengers Bangalore,Sunrisers Hyderabad,V Kohli,MC Henriques,A Mishra,0,0,,,,,,,,,
598004,2013,2013-04-07,"Rajiv Gandhi International Stadium, Uppal",1,7.6,Royal Challengers Bangalore,Sunrisers Hyderabad,V Kohli,MC Henriques,A Mishra,0,0,,,,,,,,,
598004,2013,2013-04-07,"Rajiv Gandhi International Stadium, Uppal",1,8.1,Royal Challengers Bangalore,Sunrisers Hyderabad,MC Henriques,V Kohli,NLTC Perera,0,0,,,,,,,,,
598004,2013,2013-04-07,"Rajiv Gandhi International Stadium, Uppal",1,8.2,Royal Challengers Bangalore,Sunrisers Hyderabad,MC Henriques,V Kohli,NLTC Perera,1,0,,,,,,,,,
598004,2013,2013-04-07,"Rajiv Gandhi International Stadium, Uppal",1,8.3,Royal Challengers Bangalore,Sunrisers Hyderabad,V Kohli,MC Henriques,NLTC Perera,0,0,,,,,,,,,
598004,2013,2013-04-07,"Rajiv Gandhi International Stadium, Uppal",1,8.4,Royal Challengers Bangalore,Sunrisers Hyderabad,V Kohli,MC Henriques,NLTC Perera,2,0,,,,,,,,,
598004,2013,2013-04-07,"Rajiv Gandhi International Stadium, Uppal",1,8.5,Royal Challengers Bangalore,Sunrisers Hyderabad,V Kohli,MC Henriques,NLTC Perera,1,0,,,,,,,,,
598004,2013,2013-04-07,"Rajiv Gandhi International Stadium, Uppal",1,8.6,Royal Challengers Bangalore,Sunrisers Hyderabad,MC Henriques,V Kohli,NLTC Perera,0,0,,,,,,,,,
598004,2013,2013-04-07,"Rajiv Gandhi International Stadium, Uppal",1,9.1,Royal Challengers Bangalore,Sunrisers Hyderabad,V Kohli,MC Henriques,A Mishra,1,0,,,,,,,,,
598004,2013,2013-04-07,"Rajiv Gandhi International Stadium, Uppal",1,9.2,Royal Challengers Bangalore,Sunrisers Hyderabad,MC Henriques,V Kohli,A Mishra,4,0,,,,,,,,,
598004,2013,2013-04-07,"Rajiv Gandhi International Stadium, Uppal",1,9.3,Royal Challengers Bangalore,Sunrisers Hyderabad,MC Henriques,V Kohli,A Mishra,0,0,,,,,,,,,
598004,2013,2013-04-07,"Rajiv Gandhi International Stadium, Uppal",1,9.4,Royal Challengers Bangalore,Sunrisers Hyderabad,MC Henriques,V Kohli,A Mishra,2,0,,,,,,,,,
598004,2013,2013-04-07,"Rajiv Gandhi International Stadium, Uppal",1,9.5,Royal Challengers Bangalore,Sunrisers Hyderabad,MC Henriques,V Kohli,A Mishra,1,0,,,,,,,,,
598004,2013,2013-04-07,"Rajiv Gandhi International Stadium, Uppal",1,9.6,Royal Challengers Bangalore,Sunrisers Hyderabad,V Kohli,MC Henriques,A Mishra,0,0,,,,,,,,,
598004,2013,2013-04-07,"Rajiv Gandhi International Stadium, Uppal",1,10.1,Royal Challengers Bangalore,Sunrisers Hyderabad,MC Henriques,V Kohli,Ankit Sharma,1,0,,,,,,,,,
598004,2013,2013-04-07,"Rajiv Gandhi International Stadium, Uppal",1,10.2,Royal Challengers Bangalore,Sunrisers Hyderabad,V Kohli,MC Henriques,Ankit Sharma,4,0,,,,,,,,,
598004,2013,2013-04-07,"Rajiv Gandhi International Stadium, Uppal",1,10.3,Royal Challengers Bangalore,Sunrisers Hyderabad,V Kohli,MC Henriques,Ankit Sharma,1,0,,,,,,,,,
598004,2013,2013-04-07,"Rajiv Gandhi International Stadium, Uppal",1,10.4,Royal Challengers Bangalore,Sunrisers Hyderabad,MC Henriques,V Kohli,Ankit Sharma,0,0,,,,,,,,,
598004,2013,2013-04-07,"Rajiv Gandhi International Stadium, Uppal",1,10.5,Royal Challengers Bangalore,Sunrisers Hyderabad,MC Henriques,V Kohli,Ankit Sharma,1,0,,,,,,,,,
598004,2013,2013-04-07,"Rajiv Gandhi International Stadium, Uppal",1,10.6,Royal Challengers Bangalore,Sunrisers Hyderabad,V Kohli,MC Henriques,Ankit Sharma,0,0,,,,,,,,,
598004,2013,2013-04-07,"Rajiv Gandhi International Stadium, Uppal",1,11.1,Royal Challengers Bangalore,Sunrisers Hyderabad,MC Henriques,V Kohli,A Mishra,1,0,,,,,,,,,
598004,2013,2013-04-07,"Rajiv Gandhi International Stadium, Uppal",1,11.2,Royal Challengers Bangalore,Sunrisers Hyderabad,V Kohli,MC Henriques,A Mishra,1,0,,,,,,,,,
598004,2013,2013-04-07,"Rajiv Gandhi International Stadium, Uppal",1,11.3,Royal Challengers Bangalore,Sunrisers Hyderabad,MC Henriques,V Kohli,A Mishra,0,0,,,,,,,,,
598004,2013,2013-04-07,"Rajiv Gandhi International Stadium, Uppal",1,11.4,Royal Challengers Bangalore,Sunrisers Hyderabad,MC Henriques,V Kohli,A Mishra,0,0,,,,,,,,,
598004,2013,2013-04-07,"Rajiv Gandhi International Stadium, Uppal",1,11.5,Royal Challengers Bangalore,Sunrisers Hyderabad,MC Henriques,V Kohli,A Mishra,1,0,,,,,,,,,
598004,2013,2013-04-07,"Rajiv Gandhi International Stadium, Uppal",1,11.6,Royal Challengers Bangalore,Sunrisers Hyderabad,V Kohli,MC Henriques,A Mishra,1,0,,,,,,,,,
598004,2013,2013-04-07,"Rajiv Gandhi International Stadium, Uppal",1,12.1,Royal Challengers Bangalore,Sunrisers Hyderabad,V Kohli,MC Henriques,I Sharma,1,0,,,,,,,,,
598004,2013,2013-04-07,"Rajiv Gandhi International Stadium, Uppal",1,12.2,Royal Challengers Bangalore,Sunrisers Hyderabad,MC Henriques,V Kohli,I Sharma,1,0,,,,,,,,,
598004,2013,2013-04-07,"Rajiv Gandhi International Stadium, Uppal",1,12.3,Royal Challengers Bangalore,Sunrisers Hyderabad,V Kohli,MC Henriques,I Sharma,6,0,,,,,,,,,
598004,2013,2013-04-07,"Rajiv Gandhi International Stadium, Uppal",1,12.4,Royal Challengers Bangalore,Sunrisers Hyderabad,V Kohli,MC Henriques,I Sharma,2,0,,,,,,,,,
598004,2013,2013-04-07,"Rajiv Gandhi International Stadium, Uppal",1,12.5,Royal Challengers Bangalore,Sunrisers Hyderabad,V Kohli,MC Henriques,I Sharma,1,0,,,,,,,,,
598004,2013,2013-04-07,"Rajiv Gandhi International Stadium, Uppal",1,12.6,Royal Challengers Bangalore,Sunrisers Hyderabad,MC Henriques,V Kohli,I Sharma,1,0,,,,,,,,,
598004,2013,2013-04-07,"Rajiv Gandhi International Stadium, Uppal",1,13.1,Royal Challengers Bangalore,Sunrisers Hyderabad,MC Henriques,V Kohli,A Ashish Reddy,1,0,,,,,,,,,
598004,2013,2013-04-07,"Rajiv Gandhi International Stadium, Uppal",1,13.2,Royal Challengers Bangalore,Sunrisers Hyderabad,V Kohli,MC Henriques,A Ashish Reddy,1,0,,,,,,,,,
598004,2013,2013-04-07,"Rajiv Gandhi International Stadium, Uppal",1,13.3,Royal Challengers Bangalore,Sunrisers Hyderabad,MC Henriques,V Kohli,A Ashish Reddy,1,0,,,,,,,,,
598004,2013,2013-04-07,"Rajiv Gandhi International Stadium, Uppal",1,13.4,Royal Challengers Bangalore,Sunrisers Hyderabad,V Kohli,MC Henriques,A Ashish Reddy,4,0,,,,,,,,,
598004,2013,2013-04-07,"Rajiv Gandhi International Stadium, Uppal",1,13.5,Royal Challengers Bangalore,Sunrisers Hyderabad,V Kohli,MC Henriques,A Ashish Reddy,0,0,,,,,,,,,
598004,2013,2013-04-07,"Rajiv Gandhi International Stadium, Uppal",1,13.6,Royal Challengers Bangalore,Sunrisers Hyderabad,V Kohli,MC Henriques,A Ashish Reddy,0,0,,,,,,caught and bowled,V Kohli,,
598004,2013,2013-04-07,"Rajiv Gandhi International Stadium, Uppal",1,14.1,Royal Challengers Bangalore,Sunrisers Hyderabad,MC Henriques,MA Agarwal,NLTC Perera,1,0,,,,,,,,,
598004,2013,2013-04-07,"Rajiv Gandhi International Stadium, Uppal",1,14.2,Royal Challengers Bangalore,Sunrisers Hyderabad,MA Agarwal,MC Henriques,NLTC Perera,2,0,,,,,,,,,
598004,2013,2013-04-07,"Rajiv Gandhi International Stadium, Uppal",1,14.3,Royal Challengers Bangalore,Sunrisers Hyderabad,MA Agarwal,MC Henriques,NLTC Perera,1,0,,,,,,,,,
598004,2013,2013-04-07,"Rajiv Gandhi International Stadium, Uppal",1,14.4,Royal Challengers Bangalore,Sunrisers Hyderabad,MC Henriques,MA Agarwal,NLTC Perera,4,0,,,,,,,,,
598004,2013,2013-04-07,"Rajiv Gandhi International Stadium, Uppal",1,14.5,Royal Challengers Bangalore,Sunrisers Hyderabad,MC Henriques,MA Agarwal,NLTC Perera,1,0,,,,,,,,,
598004,2013,2013-04-07,"Rajiv Gandhi International Stadium, Uppal",1,14.6,Royal Challengers Bangalore,Sunrisers Hyderabad,MA Agarwal,MC Henriques,NLTC Perera,0,0,,,,,,,,,
598004,2013,2013-04-07,"Rajiv Gandhi International Stadium, Uppal",1,15.1,Royal Challengers Bangalore,Sunrisers Hyderabad,MC Henriques,MA Agarwal,A Mishra,0,0,,,,,,,,,
598004,2013,2013-04-07,"Rajiv Gandhi International Stadium, Uppal",1,15.2,Royal Challengers Bangalore,Sunrisers Hyderabad,MC Henriques,MA Agarwal,A Mishra,1,0,,,,,,,,,
598004,2013,2013-04-07,"Rajiv Gandhi International Stadium, Uppal",1,15.3,Royal Challengers Bangalore,Sunrisers Hyderabad,MA Agarwal,MC Henriques,A Mishra,0,0,,,,,,,,,
598004,2013,2013-04-07,"Rajiv Gandhi International Stadium, Uppal",1,15.4,Royal Challengers Bangalore,Sunrisers Hyderabad,MA Agarwal,MC Henriques,A Mishra,1,0,,,,,,,,,
598004,2013,2013-04-07,"Rajiv Gandhi International Stadium, Uppal",1,15.5,Royal Challengers Bangalore,Sunrisers Hyderabad,MC Henriques,MA Agarwal,A Mishra,0,0,,,,,,,,,
598004,2013,2013-04-07,"Rajiv Gandhi International Stadium, Uppal",1,15.6,Royal Challengers Bangalore,Sunrisers Hyderabad,MC Henriques,MA Agarwal,A Mishra,0,0,,,,,,,,,
598004,2013,2013-04-07,"Rajiv Gandhi International Stadium, Uppal",1,16.1,Royal Challengers Bangalore,Sunrisers Hyderabad,MA Agarwal,MC Henriques,DW Steyn,1,0,,,,,,,,,
598004,2013,2013-04-07,"Rajiv Gandhi International Stadium, Uppal",1,16.2,Royal Challengers Bangalore,Sunrisers Hyderabad,MC Henriques,MA Agarwal,DW Steyn,4,0,,,,,,,,,
598004,2013,2013-04-07,"Rajiv Gandhi International Stadium, Uppal",1,16.3,Royal Challengers Bangalore,Sunrisers Hyderabad,MC Henriques,MA Agarwal,DW Steyn,4,0,,,,,,,,,
598004,2013,2013-04-07,"Rajiv Gandhi International Stadium, Uppal",1,16.4,Royal Challengers Bangalore,Sunrisers Hyderabad,MC Henriques,MA Agarwal,DW Steyn,1,0,,,,,,,,,
598004,2013,2013-04-07,"Rajiv Gandhi International Stadium, Uppal",1,16.5,Royal Challengers Bangalore,Sunrisers Hyderabad,MA Agarwal,MC Henriques,DW Steyn,2,0,,,,,,,,,
598004,2013,2013-04-07,"Rajiv Gandhi International Stadium, Uppal",1,16.6,Royal Challengers Bangalore,Sunrisers Hyderabad,MA Agarwal,MC Henriques,DW Steyn,0,0,,,,,,caught,MA Agarwal,,
598004,2013,2013-04-07,"Rajiv Gandhi International Stadium, Uppal",1,17.1,Royal Challengers Bangalore,Sunrisers Hyderabad,MC Henriques,KB Arun Karthik,NLTC Perera,0,0,,,,,,,,,
598004,2013,2013-04-07,"Rajiv Gandhi International Stadium, Uppal",1,17.2,Royal Challengers Bangalore,Sunrisers Hyderabad,MC Henriques,KB Arun Karthik,NLTC Perera,0,0,,,,,,,,,
598004,2013,2013-04-07,"Rajiv Gandhi International Stadium, Uppal",1,17.3,Royal Challengers Bangalore,Sunrisers Hyderabad,MC Henriques,KB Arun Karthik,NLTC Perera,0,0,,,,,,,,,
598004,2013,2013-04-07,"Rajiv Gandhi International Stadium, Uppal",1,17.4,Royal Challengers Bangalore,Sunrisers Hyderabad,MC Henriques,KB Arun Karthik,NLTC Perera,4,0,,,,,,,,,
598004,2013,2013-04-07,"Rajiv Gandhi International Stadium, Uppal",1,17.5,Royal Challengers Bangalore,Sunrisers Hyderabad,MC Henriques,KB Arun Karthik,NLTC Perera,1,0,,,,,,,,,
598004,2013,2013-04-07,"Rajiv Gandhi International Stadium, Uppal",1,17.6,Royal Challengers Bangalore,Sunrisers Hyderabad,KB Arun Karthik,MC Henriques,NLTC Perera,0,1,1,,,,,,,,
598004,2013,2013-04-07,"Rajiv Gandhi International Stadium, Uppal",1,17.7,Royal Challengers Bangalore,Sunrisers Hyderabad,KB Arun Karthik,MC Henriques,NLTC Perera,0,0,,,,,,caught,KB Arun Karthik,,
598004,2013,2013-04-07,"Rajiv Gandhi International Stadium, Uppal",1,18.1,Royal Challengers Bangalore,Sunrisers Hyderabad,MC Henriques,R Vinay Kumar,DW Steyn,1,0,,,,,,,,,
598004,2013,2013-04-07,"Rajiv Gandhi International Stadium, Uppal",1,18.2,Royal Challengers Bangalore,Sunrisers Hyderabad,R Vinay Kumar,MC Henriques,DW Steyn,1,0,,,,,,,,,
598004,2013,2013-04-07,"Rajiv Gandhi International Stadium, Uppal",1,18.3,Royal Challengers Bangalore,Sunrisers Hyderabad,MC Henriques,R Vinay Kumar,DW Steyn,2,0,,,,,,,,,
598004,2013,2013-04-07,"Rajiv Gandhi International Stadium, Uppal",1,18.4,Royal Challengers Bangalore,Sunrisers Hyderabad,MC Henriques,R Vinay Kumar,DW Steyn,2,0,,,,,,,,,
598004,2013,2013-04-07,"Rajiv Gandhi International Stadium, Uppal",1,18.5,Royal Challengers Bangalore,Sunrisers Hyderabad,MC Henriques,R Vinay Kumar,DW Steyn,1,0,,,,,,,,,
598004,2013,2013-04-07,"Rajiv Gandhi International Stadium, Uppal",1,18.6,Royal Challengers Bangalore,Sunrisers Hyderabad,R Vinay Kumar,MC Henriques,DW Steyn,4,0,,,,,,,,,
598004,2013,2013-04-07,"Rajiv Gandhi International Stadium, Uppal",1,19.1,Royal Challengers Bangalore,Sunrisers Hyderabad,MC Henriques,R Vinay Kumar,I Sharma,0,0,,,,,,caught,MC Henriques,,
598004,2013,2013-04-07,"Rajiv Gandhi International Stadium, Uppal",1,19.2,Royal Challengers Bangalore,Sunrisers Hyderabad,R Vinay Kumar,M Kartik,I Sharma,2,0,,,,,,,,,
598004,2013,2013-04-07,"Rajiv Gandhi International Stadium, Uppal",1,19.3,Royal Challengers Bangalore,Sunrisers Hyderabad,R Vinay Kumar,M Kartik,I Sharma,0,0,,,,,,caught,R Vinay Kumar,,
598004,2013,2013-04-07,"Rajiv Gandhi International Stadium, Uppal",1,19.4,Royal Challengers Bangalore,Sunrisers Hyderabad,M Kartik,JD Unadkat,I Sharma,1,0,,,,,,,,,
598004,2013,2013-04-07,"Rajiv Gandhi International Stadium, Uppal",1,19.5,Royal Challengers Bangalore,Sunrisers Hyderabad,JD Unadkat,M Kartik,I Sharma,1,0,,,,,,,,,
598004,2013,2013-04-07,"Rajiv Gandhi International Stadium, Uppal",1,19.6,Royal Challengers Bangalore,Sunrisers Hyderabad,M Kartik,JD Unadkat,I Sharma,1,0,,,,,,,,,
598004,2013,2013-04-07,"Rajiv Gandhi International Stadium, Uppal",2,0.1,Sunrisers Hyderabad,Royal Challengers Bangalore,PA Reddy,PA Patel,JD Unadkat,1,0,,,,,,,,,
598004,2013,2013-04-07,"Rajiv Gandhi International Stadium, Uppal",2,0.2,Sunrisers Hyderabad,Royal Challengers Bangalore,PA Patel,PA Reddy,JD Unadkat,1,0,,,,,,,,,
598004,2013,2013-04-07,"Rajiv Gandhi International Stadium, Uppal",2,0.3,Sunrisers Hyderabad,Royal Challengers Bangalore,PA Reddy,PA Patel,JD Unadkat,1,0,,,,,,,,,
598004,2013,2013-04-07,"Rajiv Gandhi International Stadium, Uppal",2,0.4,Sunrisers Hyderabad,Royal Challengers Bangalore,PA Patel,PA Reddy,JD Unadkat,0,0,,,,,,,,,
598004,2013,2013-04-07,"Rajiv Gandhi International Stadium, Uppal",2,0.5,Sunrisers Hyderabad,Royal Challengers Bangalore,PA Patel,PA Reddy,JD Unadkat,1,0,,,,,,,,,
598004,2013,2013-04-07,"Rajiv Gandhi International Stadium, Uppal",2,0.6,Sunrisers Hyderabad,Royal Challengers Bangalore,PA Reddy,PA Patel,JD Unadkat,0,0,,,,,,,,,
598004,2013,2013-04-07,"Rajiv Gandhi International Stadium, Uppal",2,1.1,Sunrisers Hyderabad,Royal Challengers Bangalore,PA Patel,PA Reddy,MC Henriques,0,0,,,,,,caught,PA Patel,,
598004,2013,2013-04-07,"Rajiv Gandhi International Stadium, Uppal",2,1.2,Sunrisers Hyderabad,Royal Challengers Bangalore,CL White,PA Reddy,MC Henriques,0,1,1,,,,,,,,
598004,2013,2013-04-07,"Rajiv Gandhi International Stadium, Uppal",2,1.3,Sunrisers Hyderabad,Royal Challengers Bangalore,CL White,PA Reddy,MC Henriques,0,0,,,,,,,,,
598004,2013,2013-04-07,"Rajiv Gandhi International Stadium, Uppal",2,1.4,Sunrisers Hyderabad,Royal Challengers Bangalore,CL White,PA Reddy,MC Henriques,0,1,,,,1,,,,,
598004,2013,2013-04-07,"Rajiv Gandhi International Stadium, Uppal",2,1.5,Sunrisers Hyderabad,Royal Challengers Bangalore,PA Reddy,CL White,MC Henriques,4,0,,,,,,,,,
598004,2013,2013-04-07,"Rajiv Gandhi International Stadium, Uppal",2,1.6,Sunrisers Hyderabad,Royal Challengers Bangalore,PA Reddy,CL White,MC Henriques,0,0,,,,,,,,,
598004,2013,2013-04-07,"Rajiv Gandhi International Stadium, Uppal",2,1.7,Sunrisers Hyderabad,Royal Challengers Bangalore,PA Reddy,CL White,MC Henriques,2,0,,,,,,,,,
598004,2013,2013-04-07,"Rajiv Gandhi International Stadium, Uppal",2,2.1,Sunrisers Hyderabad,Royal Challengers Bangalore,CL White,PA Reddy,JD Unadkat,0,1,1,,,,,,,,
598004,2013,2013-04-07,"Rajiv Gandhi International Stadium, Uppal",2,2.2,Sunrisers Hyderabad,Royal Challengers Bangalore,CL White,PA Reddy,JD Unadkat,4,0,,,,,,,,,
598004,2013,2013-04-07,"Rajiv Gandhi International Stadium, Uppal",2,2.3,Sunrisers Hyderabad,Royal Challengers Bangalore,CL White,PA Reddy,JD Unadkat,0,0,,,,,,,,,
598004,2013,2013-04-07,"Rajiv Gandhi International Stadium, Uppal",2,2.4,Sunrisers Hyderabad,Royal Challengers Bangalore,CL White,PA Reddy,JD Unadkat,1,0,,,,,,,,,
598004,2013,2013-04-07,"Rajiv Gandhi International Stadium, Uppal",2,2.5,Sunrisers Hyderabad,Royal Challengers Bangalore,PA Reddy,CL White,JD Unadkat,1,0,,,,,,,,,
598004,2013,2013-04-07,"Rajiv Gandhi International Stadium, Uppal",2,2.6,Sunrisers Hyderabad,Royal Challengers Bangalore,CL White,PA Reddy,JD Unadkat,0,0,,,,,,,,,
598004,2013,2013-04-07,"Rajiv Gandhi International Stadium, Uppal",2,2.7,Sunrisers Hyderabad,Royal Challengers Bangalore,CL White,PA Reddy,JD Unadkat,0,0,,,,,,,,,
598004,2013,2013-04-07,"Rajiv Gandhi International Stadium, Uppal",2,3.1,Sunrisers Hyderabad,Royal Challengers Bangalore,PA Reddy,CL White,MC Henriques,1,0,,,,,,,,,
598004,2013,2013-04-07,"Rajiv Gandhi International Stadium, Uppal",2,3.2,Sunrisers Hyderabad,Royal Challengers Bangalore,CL White,PA Reddy,MC Henriques,0,0,,,,,,,,,
598004,2013,2013-04-07,"Rajiv Gandhi International Stadium, Uppal",2,3.3,Sunrisers Hyderabad,Royal Challengers Bangalore,CL White,PA Reddy,MC Henriques,0,0,,,,,,caught,CL White,,
598004,2013,2013-04-07,"Rajiv Gandhi International Stadium, Uppal",2,3.4,Sunrisers Hyderabad,Royal Challengers Bangalore,GH Vihari,PA Reddy,MC Henriques,0,0,,,,,,,,,
598004,2013,2013-04-07,"Rajiv Gandhi International Stadium, Uppal",2,3.5,Sunrisers Hyderabad,Royal Challengers Bangalore,GH Vihari,PA Reddy,MC Henriques,0,0,,,,,,,,,
598004,2013,2013-04-07,"Rajiv Gandhi International Stadium, Uppal",2,3.6,Sunrisers Hyderabad,Royal Challengers Bangalore,GH Vihari,PA Reddy,MC Henriques,0,0,,,,,,,,,
598004,2013,2013-04-07,"Rajiv Gandhi International Stadium, Uppal",2,4.1,Sunrisers Hyderabad,Royal Challengers Bangalore,PA Reddy,GH Vihari,M Kartik,0,2,2,,,,,,,,
598004,2013,2013-04-07,"Rajiv Gandhi International Stadium, Uppal",2,4.2,Sunrisers Hyderabad,Royal Challengers Bangalore,GH Vihari,PA Reddy,M Kartik,1,0,,,,,,,,,
598004,2013,2013-04-07,"Rajiv Gandhi International Stadium, Uppal",2,4.3,Sunrisers Hyderabad,Royal Challengers Bangalore,PA Reddy,GH Vihari,M Kartik,1,0,,,,,,,,,
598004,2013,2013-04-07,"Rajiv Gandhi International Stadium, Uppal",2,4.4,Sunrisers Hyderabad,Royal Challengers Bangalore,GH Vihari,PA Reddy,M Kartik,1,0,,,,,,,,,
598004,2013,2013-04-07,"Rajiv Gandhi International Stadium, Uppal",2,4.5,Sunrisers Hyderabad,Royal Challengers Bangalore,PA Reddy,GH Vihari,M Kartik,4,0,,,,,,,,,
598004,2013,2013-04-07,"Rajiv Gandhi International Stadium, Uppal",2,4.6,Sunrisers Hyderabad,Royal Challengers Bangalore,PA Reddy,GH Vihari,M Kartik,1,0,,,,,,,,,
598004,2013,2013-04-07,"Rajiv Gandhi International Stadium, Uppal",2,4.7,Sunrisers Hyderabad,Royal Challengers Bangalore,GH Vihari,PA Reddy,M Kartik,0,1,,,,1,,,,,
598004,2013,2013-04-07,"Rajiv Gandhi International Stadium, Uppal",2,5.1,Sunrisers Hyderabad,Royal Challengers Bangalore,GH Vihari,PA Reddy,MC Henriques,1,0,,,,,,,,,
598004,2013,2013-04-07,"Rajiv Gandhi International Stadium, Uppal",2,5.2,Sunrisers Hyderabad,Royal Challengers Bangalore,PA Reddy,GH Vihari,MC Henriques,0,0,,,,,,,,,
598004,2013,2013-04-07,"Rajiv Gandhi International Stadium, Uppal",2,5.3,Sunrisers Hyderabad,Royal Challengers Bangalore,PA Reddy,GH Vihari,MC Henriques,1,0,,,,,,,,,
598004,2013,2013-04-07,"Rajiv Gandhi International Stadium, Uppal",2,5.4,Sunrisers Hyderabad,Royal Challengers Bangalore,GH Vihari,PA Reddy,MC Henriques,1,0,,,,,,,,,
598004,2013,2013-04-07,"Rajiv Gandhi International Stadium, Uppal",2,5.5,Sunrisers Hyderabad,Royal Challengers Bangalore,PA Reddy,GH Vihari,MC Henriques,1,0,,,,,,,,,
598004,2013,2013-04-07,"Rajiv Gandhi International Stadium, Uppal",2,5.6,Sunrisers Hyderabad,Royal Challengers Bangalore,GH Vihari,PA Reddy,MC Henriques,2,0,,,,,,,,,
598004,2013,2013-04-07,"Rajiv Gandhi International Stadium, Uppal",2,6.1,Sunrisers Hyderabad,Royal Challengers Bangalore,PA Reddy,GH Vihari,M Kartik,1,0,,,,,,,,,
598004,2013,2013-04-07,"Rajiv Gandhi International Stadium, Uppal",2,6.2,Sunrisers Hyderabad,Royal Challengers Bangalore,GH Vihari,PA Reddy,M Kartik,0,1,1,,,,,,,,
598004,2013,2013-04-07,"Rajiv Gandhi International Stadium, Uppal",2,6.3,Sunrisers Hyderabad,Royal Challengers Bangalore,GH Vihari,PA Reddy,M Kartik,1,0,,,,,,,,,
598004,2013,2013-04-07,"Rajiv Gandhi International Stadium, Uppal",2,6.4,Sunrisers Hyderabad,Royal Challengers Bangalore,PA Reddy,GH Vihari,M Kartik,1,0,,,,,,,,,
598004,2013,2013-04-07,"Rajiv Gandhi International Stadium, Uppal",2,6.5,Sunrisers Hyderabad,Royal Challengers Bangalore,GH Vihari,PA Reddy,M Kartik,1,0,,,,,,,,,
598004,2013,2013-04-07,"Rajiv Gandhi International Stadium, Uppal",2,6.6,Sunrisers Hyderabad,Royal Challengers Bangalore,PA Reddy,GH Vihari,M Kartik,1,0,,,,,,,,,
598004,2013,2013-04-07,"Rajiv Gandhi International Stadium, Uppal",2,6.7,Sunrisers Hyderabad,Royal Challengers Bangalore,GH Vihari,PA Reddy,M Kartik,0,0,,,,,,,,,
598004,2013,2013-04-07,"Rajiv Gandhi International Stadium, Uppal",2,7.1,Sunrisers Hyderabad,Royal Challengers Bangalore,PA Reddy,GH Vihari,R Vinay Kumar,1,0,,,,,,,,,
598004,2013,2013-04-07,"Rajiv Gandhi International Stadium, Uppal",2,7.2,Sunrisers Hyderabad,Royal Challengers Bangalore,GH Vihari,PA Reddy,R Vinay Kumar,0,0,,,,,,,,,
598004,2013,2013-04-07,"Rajiv Gandhi International Stadium, Uppal",2,7.3,Sunrisers Hyderabad,Royal Challengers Bangalore,GH Vihari,PA Reddy,R Vinay Kumar,1,0,,,,,,,,,
598004,2013,2013-04-07,"Rajiv Gandhi International Stadium, Uppal",2,7.4,Sunrisers Hyderabad,Royal Challengers Bangalore,PA Reddy,GH Vihari,R Vinay Kumar,1,0,,,,,,,,,
598004,2013,2013-04-07,"Rajiv Gandhi International Stadium, Uppal",2,7.5,Sunrisers Hyderabad,Royal Challengers Bangalore,GH Vihari,PA Reddy,R Vinay Kumar,1,0,,,,,,,,,
598004,2013,2013-04-07,"Rajiv Gandhi International Stadium, Uppal",2,7.6,Sunrisers Hyderabad,Royal Challengers Bangalore,PA Reddy,GH Vihari,R Vinay Kumar,0,0,,,,,,,,,
598004,2013,2013-04-07,"Rajiv Gandhi International Stadium, Uppal",2,8.1,Sunrisers Hyderabad,Royal Challengers Bangalore,GH Vihari,PA Reddy,M Muralitharan,1,0,,,,,,,,,
598004,2013,2013-04-07,"Rajiv Gandhi International Stadium, Uppal",2,8.2,Sunrisers Hyderabad,Royal Challengers Bangalore,PA Reddy,GH Vihari,M Muralitharan,0,0,,,,,,bowled,PA Reddy,,
598004,2013,2013-04-07,"Rajiv Gandhi International Stadium, Uppal",2,8.3,Sunrisers Hyderabad,Royal Challengers Bangalore,KC Sangakkara,GH Vihari,M Muralitharan,0,3,,,,3,,,,,
598004,2013,2013-04-07,"Rajiv Gandhi International Stadium, Uppal",2,8.4,Sunrisers Hyderabad,Royal Challengers Bangalore,GH Vihari,KC Sangakkara,M Muralitharan,0,0,,,,,,,,,
598004,2013,2013-04-07,"Rajiv Gandhi International Stadium, Uppal",2,8.5,Sunrisers Hyderabad,Royal Challengers Bangalore,GH Vihari,KC Sangakkara,M Muralitharan,1,0,,,,,,,,,
598004,2013,2013-04-07,"Rajiv Gandhi International Stadium, Uppal",2,8.6,Sunrisers Hyderabad,Royal Challengers Bangalore,KC Sangakkara,GH Vihari,M Muralitharan,0,0,,,,,,,,,
598004,2013,2013-04-07,"Rajiv Gandhi International Stadium, Uppal",2,9.1,Sunrisers Hyderabad,Royal Challengers Bangalore,GH Vihari,KC Sangakkara,R Vinay Kumar,1,0,,,,,,,,,
598004,2013,2013-04-07,"Rajiv Gandhi International Stadium, Uppal",2,9.2,Sunrisers Hyderabad,Royal Challengers Bangalore,KC Sangakkara,GH Vihari,R Vinay Kumar,0,0,,,,,,,,,
598004,2013,2013-04-07,"Rajiv Gandhi International Stadium, Uppal",2,9.3,Sunrisers Hyderabad,Royal Challengers Bangalore,KC Sangakkara,GH Vihari,R Vinay Kumar,1,0,,,,,,,,,
598004,2013,2013-04-07,"Rajiv Gandhi International Stadium, Uppal",2,9.4,Sunrisers Hyderabad,Royal Challengers Bangalore,GH Vihari,KC Sangakkara,R Vinay Kumar,0,0,,,,,,,,,
598004,2013,2013-04-07,"Rajiv Gandhi International Stadium, Uppal",2,9.5,Sunrisers Hyderabad,Royal Challengers Bangalore,GH Vihari,KC Sangakkara,R Vinay Kumar,0,0,,,,,,,,,
598004,2013,2013-04-07,"Rajiv Gandhi International Stadium, Uppal",2,9.6,Sunrisers Hyderabad,Royal Challengers Bangalore,GH Vihari,KC Sangakkara,R Vinay Kumar,2,0,,,,,,,,,
598004,2013,2013-04-07,"Rajiv Gandhi International Stadium, Uppal",2,10.1,Sunrisers Hyderabad,Royal Challengers Bangalore,KC Sangakkara,GH Vihari,M Muralitharan,0,0,,,,,,,,,
598004,2013,2013-04-07,"Rajiv Gandhi International Stadium, Uppal",2,10.2,Sunrisers Hyderabad,Royal Challengers Bangalore,KC Sangakkara,GH Vihari,M Muralitharan,1,0,,,,,,,,,
598004,2013,2013-04-07,"Rajiv Gandhi International Stadium, Uppal",2,10.3,Sunrisers Hyderabad,Royal Challengers Bangalore,GH Vihari,KC Sangakkara,M Muralitharan,1,0,,,,,,,,,
598004,2013,2013-04-07,"Rajiv Gandhi International Stadium, Uppal",2,10.4,Sunrisers Hyderabad,Royal Challengers Bangalore,KC Sangakkara,GH Vihari,M Muralitharan,1,0,,,,,,,,,
598004,2013,2013-04-07,"Rajiv Gandhi International Stadium, Uppal",2,10.5,Sunrisers Hyderabad,Royal Challengers Bangalore,GH Vihari,KC Sangakkara,M Muralitharan,0,0,,,,,,,,,
598004,2013,2013-04-07,"Rajiv Gandhi International Stadium, Uppal",2,10.6,Sunrisers Hyderabad,Royal Challengers Bangalore,GH Vihari,KC Sangakkara,M Muralitharan,0,0,,,,,,,,,
598004,2013,2013-04-07,"Rajiv Gandhi International Stadium, Uppal",2,11.1,Sunrisers Hyderabad,Royal Challengers Bangalore,KC Sangakkara,GH Vihari,TM Dilshan,4,0,,,,,,,,,
598004,2013,2013-04-07,"Rajiv Gandhi International Stadium, Uppal",2,11.2,Sunrisers Hyderabad,Royal Challengers Bangalore,KC Sangakkara,GH Vihari,TM Dilshan,2,0,,,,,,,,,
598004,2013,2013-04-07,"Rajiv Gandhi International Stadium, Uppal",2,11.3,Sunrisers Hyderabad,Royal Challengers Bangalore,KC Sangakkara,GH Vihari,TM Dilshan,1,0,,,,,,,,,
598004,2013,2013-04-07,"Rajiv Gandhi International Stadium, Uppal",2,11.4,Sunrisers Hyderabad,Royal Challengers Bangalore,GH Vihari,KC Sangakkara,TM Dilshan,1,0,,,,,,,,,
598004,2013,2013-04-07,"Rajiv Gandhi International Stadium, Uppal",2,11.5,Sunrisers Hyderabad,Royal Challengers Bangalore,KC Sangakkara,GH Vihari,TM Dilshan,1,0,,,,,,,,,
598004,2013,2013-04-07,"Rajiv Gandhi International Stadium, Uppal",2,11.6,Sunrisers Hyderabad,Royal Challengers Bangalore,GH Vihari,KC Sangakkara,TM Dilshan,1,0,,,,,,,,,
598004,2013,2013-04-07,"Rajiv Gandhi International Stadium, Uppal",2,12.1,Sunrisers Hyderabad,Royal Challengers Bangalore,GH Vihari,KC Sangakkara,M Muralitharan,1,0,,,,,,,,,
598004,2013,2013-04-07,"Rajiv Gandhi International Stadium, Uppal",2,12.2,Sunrisers Hyderabad,Royal Challengers Bangalore,KC Sangakkara,GH Vihari,M Muralitharan,1,0,,,,,,,,,
598004,2013,2013-04-07,"Rajiv Gandhi International Stadium, Uppal",2,12.3,Sunrisers Hyderabad,Royal Challengers Bangalore,GH Vihari,KC Sangakkara,M Muralitharan,4,0,,,,,,,,,
598004,2013,2013-04-07,"Rajiv Gandhi International Stadium, Uppal",2,12.4,Sunrisers Hyderabad,Royal Challengers Bangalore,GH Vihari,KC Sangakkara,M Muralitharan,1,0,,,,,,,,,
598004,2013,2013-04-07,"Rajiv Gandhi International Stadium, Uppal",2,12.5,Sunrisers Hyderabad,Royal Challengers Bangalore,KC Sangakkara,GH Vihari,M Muralitharan,0,0,,,,,,,,,
598004,2013,2013-04-07,"Rajiv Gandhi International Stadium, Uppal",2,12.6,Sunrisers Hyderabad,Royal Challengers Bangalore,KC Sangakkara,GH Vihari,M Muralitharan,1,0,,,,,,,,,
598004,2013,2013-04-07,"Rajiv Gandhi International Stadium, Uppal",2,13.1,Sunrisers Hyderabad,Royal Challengers Bangalore,KC Sangakkara,GH Vihari,JD Unadkat,1,0,,,,,,,,,
598004,2013,2013-04-07,"Rajiv Gandhi International Stadium, Uppal",2,13.2,Sunrisers Hyderabad,Royal Challengers Bangalore,GH Vihari,KC Sangakkara,JD Unadkat,1,0,,,,,,,,,
598004,2013,2013-04-07,"Rajiv Gandhi International Stadium, Uppal",2,13.3,Sunrisers Hyderabad,Royal Challengers Bangalore,KC Sangakkara,GH Vihari,JD Unadkat,2,0,,,,,,,,,
598004,2013,2013-04-07,"Rajiv Gandhi International Stadium, Uppal",2,13.4,Sunrisers Hyderabad,Royal Challengers Bangalore,KC Sangakkara,GH Vihari,JD Unadkat,0,0,,,,,,caught,KC Sangakkara,,
598004,2013,2013-04-07,"Rajiv Gandhi International Stadium, Uppal",2,13.5,Sunrisers Hyderabad,Royal Challengers Bangalore,NLTC Perera,GH Vihari,JD Unadkat,0,0,,,,,,,,,
598004,2013,2013-04-07,"Rajiv Gandhi International Stadium, Uppal",2,13.6,Sunrisers Hyderabad,Royal Challengers Bangalore,NLTC Perera,GH Vihari,JD Unadkat,1,0,,,,,,,,,
598004,2013,2013-04-07,"Rajiv Gandhi International Stadium, Uppal",2,14.1,Sunrisers Hyderabad,Royal Challengers Bangalore,NLTC Perera,GH Vihari,M Muralitharan,0,1,1,,,,,,,,
598004,2013,2013-04-07,"Rajiv Gandhi International Stadium, Uppal",2,14.2,Sunrisers Hyderabad,Royal Challengers Bangalore,NLTC Perera,GH Vihari,M Muralitharan,1,0,,,,,,,,,
598004,2013,2013-04-07,"Rajiv Gandhi International Stadium, Uppal",2,14.3,Sunrisers Hyderabad,Royal Challengers Bangalore,GH Vihari,NLTC Perera,M Muralitharan,1,0,,,,,,,,,
598004,2013,2013-04-07,"Rajiv Gandhi International Stadium, Uppal",2,14.4,Sunrisers Hyderabad,Royal Challengers Bangalore,NLTC Perera,GH Vihari,M Muralitharan,1,0,,,,,,,,,
598004,2013,2013-04-07,"Rajiv Gandhi International Stadium, Uppal",2,14.5,Sunrisers Hyderabad,Royal Challengers Bangalore,GH Vihari,NLTC Perera,M Muralitharan,1,0,,,,,,,,,
598004,2013,2013-04-07,"Rajiv Gandhi International Stadium, Uppal",2,14.6,Sunrisers Hyderabad,Royal Challengers Bangalore,NLTC Perera,GH Vihari,M Muralitharan,0,4,,,,4,,,,,
598004,2013,2013-04-07,"Rajiv Gandhi International Stadium, Uppal",2,14.7,Sunrisers Hyderabad,Royal Challengers Bangalore,NLTC Perera,GH Vihari,M Muralitharan,0,0,,,,,,,,,
598004,2013,2013-04-07,"Rajiv Gandhi International Stadium, Uppal",2,15.1,Sunrisers Hyderabad,Royal Challengers Bangalore,GH Vihari,NLTC Perera,JD Unadkat,2,0,,,,,,,,,
598004,2013,2013-04-07,"Rajiv Gandhi International Stadium, Uppal",2,15.2,Sunrisers Hyderabad,Royal Challengers Bangalore,GH Vihari,NLTC Perera,JD Unadkat,0,0,,,,,,,,,
598004,2013,2013-04-07,"Rajiv Gandhi International Stadium, Uppal",2,15.3,Sunrisers Hyderabad,Royal Challengers Bangalore,GH Vihari,NLTC Perera,JD Unadkat,1,0,,,,,,,,,
598004,2013,2013-04-07,"Rajiv Gandhi International Stadium, Uppal",2,15.4,Sunrisers Hyderabad,Royal Challengers Bangalore,NLTC Perera,GH Vihari,JD Unadkat,4,0,,,,,,,,,
598004,2013,2013-04-07,"Rajiv Gandhi International Stadium, Uppal",2,15.5,Sunrisers Hyderabad,Royal Challengers Bangalore,NLTC Perera,GH Vihari,JD Unadkat,0,0,,,,,,caught,NLTC Perera,,
598004,2013,2013-04-07,"Rajiv Gandhi International Stadium, Uppal",2,15.6,Sunrisers Hyderabad,Royal Challengers Bangalore,GH Vihari,A Mishra,JD Unadkat,1,0,,,,,,,,,
598004,2013,2013-04-07,"Rajiv Gandhi International Stadium, Uppal",2,16.1,Sunrisers Hyderabad,Royal Challengers Bangalore,GH Vihari,A Mishra,M Kartik,2,0,,,,,,run out,A Mishra,,
598004,2013,2013-04-07,"Rajiv Gandhi International Stadium, Uppal",2,16.2,Sunrisers Hyderabad,Royal Challengers Bangalore,A Ashish Reddy,GH Vihari,M Kartik,1,0,,,,,,,,,
598004,2013,2013-04-07,"Rajiv Gandhi International Stadium, Uppal",2,16.3,Sunrisers Hyderabad,Royal Challengers Bangalore,GH Vihari,A Ashish Reddy,M Kartik,1,0,,,,,,,,,
598004,2013,2013-04-07,"Rajiv Gandhi International Stadium, Uppal",2,16.4,Sunrisers Hyderabad,Royal Challengers Bangalore,A Ashish Reddy,GH Vihari,M Kartik,0,0,,,,,,,,,
598004,2013,2013-04-07,"Rajiv Gandhi International Stadium, Uppal",2,16.5,Sunrisers Hyderabad,Royal Challengers Bangalore,A Ashish Reddy,GH Vihari,M Kartik,0,0,,,,,,,,,
598004,2013,2013-04-07,"Rajiv Gandhi International Stadium, Uppal",2,16.6,Sunrisers Hyderabad,Royal Challengers Bangalore,A Ashish Reddy,GH Vihari,M Kartik,0,0,,,,,,,,,
598004,2013,2013-04-07,"Rajiv Gandhi International Stadium, Uppal",2,17.1,Sunrisers Hyderabad,Royal Challengers Bangalore,GH Vihari,A Ashish Reddy,R Vinay Kumar,1,0,,,,,,,,,
598004,2013,2013-04-07,"Rajiv Gandhi International Stadium, Uppal",2,17.2,Sunrisers Hyderabad,Royal Challengers Bangalore,A Ashish Reddy,GH Vihari,R Vinay Kumar,1,0,,,,,,,,,
598004,2013,2013-04-07,"Rajiv Gandhi International Stadium, Uppal",2,17.3,Sunrisers Hyderabad,Royal Challengers Bangalore,GH Vihari,A Ashish Reddy,R Vinay Kumar,1,0,,,,,,,,,
598004,2013,2013-04-07,"Rajiv Gandhi International Stadium, Uppal",2,17.4,Sunrisers Hyderabad,Royal Challengers Bangalore,A Ashish Reddy,GH Vihari,R Vinay Kumar,6,0,,,,,,,,,
598004,2013,2013-04-07,"Rajiv Gandhi International Stadium, Uppal",2,17.5,Sunrisers Hyderabad,Royal Challengers Bangalore,A Ashish Reddy,GH Vihari,R Vinay Kumar,1,0,,,,,,,,,
598004,2013,2013-04-07,"Rajiv Gandhi International Stadium, Uppal",2,17.6,Sunrisers Hyderabad,Royal Challengers Bangalore,GH Vihari,A Ashish Reddy,R Vinay Kumar,4,0,,,,,,,,,
598004,2013,2013-04-07,"Rajiv Gandhi International Stadium, Uppal",2,18.1,Sunrisers Hyderabad,Royal Challengers Bangalore,A Ashish Reddy,GH Vihari,M Kartik,1,0,,,,,,,,,
598004,2013,2013-04-07,"Rajiv Gandhi International Stadium, Uppal",2,18.2,Sunrisers Hyderabad,Royal Challengers Bangalore,GH Vihari,A Ashish Reddy,M Kartik,1,0,,,,,,,,,
598004,2013,2013-04-07,"Rajiv Gandhi International Stadium, Uppal",2,18.3,Sunrisers Hyderabad,Royal Challengers Bangalore,A Ashish Reddy,GH Vihari,M Kartik,2,0,,,,,,,,,
598004,2013,2013-04-07,"Rajiv Gandhi International Stadium, Uppal",2,18.4,Sunrisers Hyderabad,Royal Challengers Bangalore,A Ashish Reddy,GH Vihari,M Kartik,1,0,,,,,,,,,
598004,2013,2013-04-07,"Rajiv Gandhi International Stadium, Uppal",2,18.5,Sunrisers Hyderabad,Royal Challengers Bangalore,GH Vihari,A Ashish Reddy,M Kartik,1,0,,,,,,,,,
598004,2013,2013-04-07,"Rajiv Gandhi International Stadium, Uppal",2,18.6,Sunrisers Hyderabad,Royal Challengers Bangalore,A Ashish Reddy,GH Vihari,M Kartik,1,0,,,,,,,,,
598004,2013,2013-04-07,"Rajiv Gandhi International Stadium, Uppal",2,19.1,Sunrisers Hyderabad,Royal Challengers Bangalore,A Ashish Reddy,GH Vihari,R Vinay Kumar,0,0,,,,,,caught,A Ashish Reddy,,
598004,2013,2013-04-07,"Rajiv Gandhi International Stadium, Uppal",2,19.2,Sunrisers Hyderabad,Royal Challengers Bangalore,DW Steyn,GH Vihari,R Vinay Kumar,2,0,,,,,,,,,
598004,2013,2013-04-07,"Rajiv Gandhi International Stadium, Uppal",2,19.3,Sunrisers Hyderabad,Royal Challengers Bangalore,DW Steyn,GH Vihari,R Vinay Kumar,0,0,,,,,,,,,
598004,2013,2013-04-07,"Rajiv Gandhi International Stadium, Uppal",2,19.4,Sunrisers Hyderabad,Royal Challengers Bangalore,DW Steyn,GH Vihari,R Vinay Kumar,1,0,,,,,,,,,
598004,2013,2013-04-07,"Rajiv Gandhi International Stadium, Uppal",2,19.5,Sunrisers Hyderabad,Royal Challengers Bangalore,GH Vihari,DW Steyn,R Vinay Kumar,2,0,,,,,,,,,
598004,2013,2013-04-07,"Rajiv Gandhi International Stadium, Uppal",2,19.6,Sunrisers Hyderabad,Royal Challengers Bangalore,GH Vihari,DW Steyn,R Vinay Kumar,0,1,,,1,,,,,,
598004,2013,2013-04-07,"Rajiv Gandhi International Stadium, Uppal",3,0.1,Sunrisers Hyderabad,Royal Challengers Bangalore,NLTC Perera,CL White,R Vinay Kumar,1,1,,1,,,,,,,
598004,2013,2013-04-07,"Rajiv Gandhi International Stadium, Uppal",3,0.2,Sunrisers Hyderabad,Royal Challengers Bangalore,CL White,NLTC Perera,R Vinay Kumar,1,0,,,,,,,,,
598004,2013,2013-04-07,"Rajiv Gandhi International Stadium, Uppal",3,0.3,Sunrisers Hyderabad,Royal Challengers Bangalore,NLTC Perera,CL White,R Vinay Kumar,1,0,,,,,,,,,
598004,2013,2013-04-07,"Rajiv Gandhi International Stadium, Uppal",3,0.4,Sunrisers Hyderabad,Royal Challengers Bangalore,CL White,NLTC Perera,R Vinay Kumar,6,0,,,,,,,,,
598004,2013,2013-04-07,"Rajiv Gandhi International Stadium, Uppal",3,0.5,Sunrisers Hyderabad,Royal Challengers Bangalore,CL White,NLTC Perera,R Vinay Kumar,2,0,,,,,,,,,
598004,2013,2013-04-07,"Rajiv Gandhi International Stadium, Uppal",3,0.6,Sunrisers Hyderabad,Royal Challengers Bangalore,CL White,NLTC Perera,R Vinay Kumar,6,0,,,,,,,,,
598004,2013,2013-04-07,"Rajiv Gandhi International Stadium, Uppal",3,0.7,Sunrisers Hyderabad,Royal Challengers Bangalore,CL White,NLTC Perera,R Vinay Kumar,2,0,,,,,,,,,
598004,2013,2013-04-07,"Rajiv Gandhi International Stadium, Uppal",4,0.1,Royal Challengers Bangalore,Sunrisers Hyderabad,CH Gayle,V Kohli,DW Steyn,2,0,,,,,,,,,
598004,2013,2013-04-07,"Rajiv Gandhi International Stadium, Uppal",4,0.2,Royal Challengers Bangalore,Sunrisers Hyderabad,CH Gayle,V Kohli,DW Steyn,1,0,,,,,,,,,
598004,2013,2013-04-07,"Rajiv Gandhi International Stadium, Uppal",4,0.3,Royal Challengers Bangalore,Sunrisers Hyderabad,V Kohli,CH Gayle,DW Steyn,4,0,,,,,,,,,
598004,2013,2013-04-07,"Rajiv Gandhi International Stadium, Uppal",4,0.4,Royal Challengers Bangalore,Sunrisers Hyderabad,V Kohli,CH Gayle,DW Steyn,1,0,,,,,,,,,
598004,2013,2013-04-07,"Rajiv Gandhi International Stadium, Uppal",4,0.5,Royal Challengers Bangalore,Sunrisers Hyderabad,CH Gayle,V Kohli,DW Steyn,6,0,,,,,,,,,
598004,2013,2013-04-07,"Rajiv Gandhi International Stadium, Uppal",4,0.6,Royal Challengers Bangalore,Sunrisers Hyderabad,CH Gayle,V Kohli,DW Steyn,1,0,,,,,,,,,
