match_id,season,start_date,venue,innings,ball,batting_team,bowling_team,striker,non_striker,bowler,runs_off_bat,extras,wides,noballs,byes,legbyes,penalty,wicket_type,player_dismissed,other_wicket_type,other_player_dismissed
598015,2013,2013-04-15,"MA Chidambaram Stadium, Chepauk",1,0.1,Pune Warriors,Chennai Super Kings,RV Uthappa,AJ Finch,DP Nannes,1,0,,,,,,,,,
598015,2013,2013-04-15,"MA Chidambaram Stadium, Chepauk",1,0.2,Pune Warriors,Chennai Super Kings,AJ Finch,RV Uthappa,DP Nannes,4,0,,,,,,,,,
598015,2013,2013-04-15,"MA Chidambaram Stadium, Chepauk",1,0.3,Pune Warriors,Chennai Super Kings,AJ Finch,RV Uthappa,DP Nannes,0,0,,,,,,,,,
598015,2013,2013-04-15,"MA Chidambaram Stadium, Chepauk",1,0.4,Pune Warriors,Chennai Super Kings,AJ Finch,RV Uthappa,DP Nannes,4,0,,,,,,,,,
598015,2013,2013-04-15,"MA Chidambaram Stadium, Chepauk",1,0.5,Pune Warriors,Chennai Super Kings,AJ Finch,RV Uthappa,DP Nannes,4,0,,,,,,,,,
598015,2013,2013-04-15,"MA Chidambaram Stadium, Chepauk",1,0.6,Pune Warriors,Chennai Super Kings,AJ Finch,RV Uthappa,DP Nannes,0,0,,,,,,,,,
598015,2013,2013-04-15,"MA Chidambaram Stadium, Chepauk",1,1.1,Pune Warriors,Chennai Super Kings,RV Uthappa,AJ Finch,RA Jadeja,1,0,,,,,,,,,
598015,2013,2013-04-15,"MA Chidambaram Stadium, Chepauk",1,1.2,Pune Warriors,Chennai Super Kings,AJ Finch,RV Uthappa,RA Jadeja,4,0,,,,,,,,,
598015,2013,2013-04-15,"MA Chidambaram Stadium, Chepauk",1,1.3,Pune Warriors,Chennai Super Kings,AJ Finch,RV Uthappa,RA Jadeja,1,0,,,,,,,,,
598015,2013,2013-04-15,"MA Chidambaram Stadium, Chepauk",1,1.4,Pune Warriors,Chennai Super Kings,RV Uthappa,AJ Finch,RA Jadeja,0,0,,,,,,,,,
598015,2013,2013-04-15,"MA Chidambaram Stadium, Chepauk",1,1.5,Pune Warriors,Chennai Super Kings,RV Uthappa,AJ Finch,RA Jadeja,0,0,,,,,,,,,
598015,2013,2013-04-15,"MA Chidambaram Stadium, Chepauk",1,1.6,Pune Warriors,Chennai Super Kings,RV Uthappa,AJ Finch,RA Jadeja,0,0,,,,,,,,,
598015,2013,2013-04-15,"MA Chidambaram Stadium, Chepauk",1,2.1,Pune Warriors,Chennai Super Kings,AJ Finch,RV Uthappa,DP Nannes,0,1,1,,,,,,,,
598015,2013,2013-04-15,"MA Chidambaram Stadium, Chepauk",1,2.2,Pune Warriors,Chennai Super Kings,AJ Finch,RV Uthappa,DP Nannes,0,0,,,,,,,,,
598015,2013,2013-04-15,"MA Chidambaram Stadium, Chepauk",1,2.3,Pune Warriors,Chennai Super Kings,AJ Finch,RV Uthappa,DP Nannes,0,0,,,,,,,,,
598015,2013,2013-04-15,"MA Chidambaram Stadium, Chepauk",1,2.4,Pune Warriors,Chennai Super Kings,AJ Finch,RV Uthappa,DP Nannes,0,0,,,,,,,,,
598015,2013,2013-04-15,"MA Chidambaram Stadium, Chepauk",1,2.5,Pune Warriors,Chennai Super Kings,AJ Finch,RV Uthappa,DP Nannes,0,1,,,,1,,,,,
598015,2013,2013-04-15,"MA Chidambaram Stadium, Chepauk",1,2.6,Pune Warriors,Chennai Super Kings,RV Uthappa,AJ Finch,DP Nannes,1,0,,,,,,,,,
598015,2013,2013-04-15,"MA Chidambaram Stadium, Chepauk",1,2.7,Pune Warriors,Chennai Super Kings,AJ Finch,RV Uthappa,DP Nannes,1,0,,,,,,,,,
598015,2013,2013-04-15,"MA Chidambaram Stadium, Chepauk",1,3.1,Pune Warriors,Chennai Super Kings,AJ Finch,RV Uthappa,RA Jadeja,4,0,,,,,,,,,
598015,2013,2013-04-15,"MA Chidambaram Stadium, Chepauk",1,3.2,Pune Warriors,Chennai Super Kings,AJ Finch,RV Uthappa,RA Jadeja,0,0,,,,,,,,,
598015,2013,2013-04-15,"MA Chidambaram Stadium, Chepauk",1,3.3,Pune Warriors,Chennai Super Kings,AJ Finch,RV Uthappa,RA Jadeja,4,0,,,,,,,,,
598015,2013,2013-04-15,"MA Chidambaram Stadium, Chepauk",1,3.4,Pune Warriors,Chennai Super Kings,AJ Finch,RV Uthappa,RA Jadeja,0,0,,,,,,,,,
598015,2013,2013-04-15,"MA Chidambaram Stadium, Chepauk",1,3.5,Pune Warriors,Chennai Super Kings,AJ Finch,RV Uthappa,RA Jadeja,0,0,,,,,,,,,
598015,2013,2013-04-15,"MA Chidambaram Stadium, Chepauk",1,3.6,Pune Warriors,Chennai Super Kings,AJ Finch,RV Uthappa,RA Jadeja,1,0,,,,,,,,,
598015,2013,2013-04-15,"MA Chidambaram Stadium, Chepauk",1,4.1,Pune Warriors,Chennai Super Kings,AJ Finch,RV Uthappa,DP Nannes,4,0,,,,,,,,,
598015,2013,2013-04-15,"MA Chidambaram Stadium, Chepauk",1,4.2,Pune Warriors,Chennai Super Kings,AJ Finch,RV Uthappa,DP Nannes,1,0,,,,,,,,,
598015,2013,2013-04-15,"MA Chidambaram Stadium, Chepauk",1,4.3,Pune Warriors,Chennai Super Kings,RV Uthappa,AJ Finch,DP Nannes,0,0,,,,,,,,,
598015,2013,2013-04-15,"MA Chidambaram Stadium, Chepauk",1,4.4,Pune Warriors,Chennai Super Kings,RV Uthappa,AJ Finch,DP Nannes,1,0,,,,,,,,,
598015,2013,2013-04-15,"MA Chidambaram Stadium, Chepauk",1,4.5,Pune Warriors,Chennai Super Kings,AJ Finch,RV Uthappa,DP Nannes,4,0,,,,,,,,,
598015,2013,2013-04-15,"MA Chidambaram Stadium, Chepauk",1,4.6,Pune Warriors,Chennai Super Kings,AJ Finch,RV Uthappa,DP Nannes,0,0,,,,,,,,,
598015,2013,2013-04-15,"MA Chidambaram Stadium, Chepauk",1,5.1,Pune Warriors,Chennai Super Kings,RV Uthappa,AJ Finch,R Ashwin,0,0,,,,,,,,,
598015,2013,2013-04-15,"MA Chidambaram Stadium, Chepauk",1,5.2,Pune Warriors,Chennai Super Kings,RV Uthappa,AJ Finch,R Ashwin,0,0,,,,,,,,,
598015,2013,2013-04-15,"MA Chidambaram Stadium, Chepauk",1,5.3,Pune Warriors,Chennai Super Kings,RV Uthappa,AJ Finch,R Ashwin,4,0,,,,,,,,,
598015,2013,2013-04-15,"MA Chidambaram Stadium, Chepauk",1,5.4,Pune Warriors,Chennai Super Kings,RV Uthappa,AJ Finch,R Ashwin,1,0,,,,,,,,,
598015,2013,2013-04-15,"MA Chidambaram Stadium, Chepauk",1,5.5,Pune Warriors,Chennai Super Kings,AJ Finch,RV Uthappa,R Ashwin,0,0,,,,,,,,,
598015,2013,2013-04-15,"MA Chidambaram Stadium, Chepauk",1,5.6,Pune Warriors,Chennai Super Kings,AJ Finch,RV Uthappa,R Ashwin,1,0,,,,,,,,,
598015,2013,2013-04-15,"MA Chidambaram Stadium, Chepauk",1,6.1,Pune Warriors,Chennai Super Kings,AJ Finch,RV Uthappa,RA Jadeja,1,0,,,,,,,,,
598015,2013,2013-04-15,"MA Chidambaram Stadium, Chepauk",1,6.2,Pune Warriors,Chennai Super Kings,RV Uthappa,AJ Finch,RA Jadeja,1,0,,,,,,,,,
598015,2013,2013-04-15,"MA Chidambaram Stadium, Chepauk",1,6.3,Pune Warriors,Chennai Super Kings,AJ Finch,RV Uthappa,RA Jadeja,1,0,,,,,,,,,
598015,2013,2013-04-15,"MA Chidambaram Stadium, Chepauk",1,6.4,Pune Warriors,Chennai Super Kings,RV Uthappa,AJ Finch,RA Jadeja,0,0,,,,,,,,,
598015,2013,2013-04-15,"MA Chidambaram Stadium, Chepauk",1,6.5,Pune Warriors,Chennai Super Kings,RV Uthappa,AJ Finch,RA Jadeja,0,1,,,,1,,,,,
598015,2013,2013-04-15,"MA Chidambaram Stadium, Chepauk",1,6.6,Pune Warriors,Chennai Super Kings,AJ Finch,RV Uthappa,RA Jadeja,1,0,,,,,,,,,
598015,2013,2013-04-15,"MA Chidambaram Stadium, Chepauk",1,7.1,Pune Warriors,Chennai Super Kings,AJ Finch,RV Uthappa,R Ashwin,6,0,,,,,,,,,
598015,2013,2013-04-15,"MA Chidambaram Stadium, Chepauk",1,7.2,Pune Warriors,Chennai Super Kings,AJ Finch,RV Uthappa,R Ashwin,1,0,,,,,,,,,
598015,2013,2013-04-15,"MA Chidambaram Stadium, Chepauk",1,7.3,Pune Warriors,Chennai Super Kings,RV Uthappa,AJ Finch,R Ashwin,1,0,,,,,,,,,
598015,2013,2013-04-15,"MA Chidambaram Stadium, Chepauk",1,7.4,Pune Warriors,Chennai Super Kings,AJ Finch,RV Uthappa,R Ashwin,1,0,,,,,,,,,
598015,2013,2013-04-15,"MA Chidambaram Stadium, Chepauk",1,7.5,Pune Warriors,Chennai Super Kings,RV Uthappa,AJ Finch,R Ashwin,0,0,,,,,,,,,
598015,2013,2013-04-15,"MA Chidambaram Stadium, Chepauk",1,7.6,Pune Warriors,Chennai Super Kings,RV Uthappa,AJ Finch,R Ashwin,1,0,,,,,,,,,
598015,2013,2013-04-15,"MA Chidambaram Stadium, Chepauk",1,8.1,Pune Warriors,Chennai Super Kings,RV Uthappa,AJ Finch,CH Morris,1,0,,,,,,,,,
598015,2013,2013-04-15,"MA Chidambaram Stadium, Chepauk",1,8.2,Pune Warriors,Chennai Super Kings,AJ Finch,RV Uthappa,CH Morris,0,0,,,,,,,,,
598015,2013,2013-04-15,"MA Chidambaram Stadium, Chepauk",1,8.3,Pune Warriors,Chennai Super Kings,AJ Finch,RV Uthappa,CH Morris,4,0,,,,,,,,,
598015,2013,2013-04-15,"MA Chidambaram Stadium, Chepauk",1,8.4,Pune Warriors,Chennai Super Kings,AJ Finch,RV Uthappa,CH Morris,0,0,,,,,,,,,
598015,2013,2013-04-15,"MA Chidambaram Stadium, Chepauk",1,8.5,Pune Warriors,Chennai Super Kings,AJ Finch,RV Uthappa,CH Morris,1,0,,,,,,,,,
598015,2013,2013-04-15,"MA Chidambaram Stadium, Chepauk",1,8.6,Pune Warriors,Chennai Super Kings,RV Uthappa,AJ Finch,CH Morris,1,0,,,,,,,,,
598015,2013,2013-04-15,"MA Chidambaram Stadium, Chepauk",1,9.1,Pune Warriors,Chennai Super Kings,RV Uthappa,AJ Finch,DJ Bravo,4,0,,,,,,,,,
598015,2013,2013-04-15,"MA Chidambaram Stadium, Chepauk",1,9.2,Pune Warriors,Chennai Super Kings,RV Uthappa,AJ Finch,DJ Bravo,0,0,,,,,,,,,
598015,2013,2013-04-15,"MA Chidambaram Stadium, Chepauk",1,9.3,Pune Warriors,Chennai Super Kings,RV Uthappa,AJ Finch,DJ Bravo,1,0,,,,,,,,,
598015,2013,2013-04-15,"MA Chidambaram Stadium, Chepauk",1,9.4,Pune Warriors,Chennai Super Kings,AJ Finch,RV Uthappa,DJ Bravo,1,0,,,,,,,,,
598015,2013,2013-04-15,"MA Chidambaram Stadium, Chepauk",1,9.5,Pune Warriors,Chennai Super Kings,RV Uthappa,AJ Finch,DJ Bravo,1,0,,,,,,,,,
598015,2013,2013-04-15,"MA Chidambaram Stadium, Chepauk",1,9.6,Pune Warriors,Chennai Super Kings,AJ Finch,RV Uthappa,DJ Bravo,1,0,,,,,,,,,
598015,2013,2013-04-15,"MA Chidambaram Stadium, Chepauk",1,10.1,Pune Warriors,Chennai Super Kings,AJ Finch,RV Uthappa,CH Morris,0,0,,,,,,,,,
598015,2013,2013-04-15,"MA Chidambaram Stadium, Chepauk",1,10.2,Pune Warriors,Chennai Super Kings,AJ Finch,RV Uthappa,CH Morris,4,0,,,,,,,,,
598015,2013,2013-04-15,"MA Chidambaram Stadium, Chepauk",1,10.3,Pune Warriors,Chennai Super Kings,AJ Finch,RV Uthappa,CH Morris,0,0,,,,,,,,,
598015,2013,2013-04-15,"MA Chidambaram Stadium, Chepauk",1,10.4,Pune Warriors,Chennai Super Kings,AJ Finch,RV Uthappa,CH Morris,0,0,,,,,,,,,
598015,2013,2013-04-15,"MA Chidambaram Stadium, Chepauk",1,10.5,Pune Warriors,Chennai Super Kings,AJ Finch,RV Uthappa,CH Morris,1,0,,,,,,,,,
598015,2013,2013-04-15,"MA Chidambaram Stadium, Chepauk",1,10.6,Pune Warriors,Chennai Super Kings,RV Uthappa,AJ Finch,CH Morris,0,1,,,,1,,,,,
598015,2013,2013-04-15,"MA Chidambaram Stadium, Chepauk",1,11.1,Pune Warriors,Chennai Super Kings,RV Uthappa,AJ Finch,R Ashwin,0,0,,,,,,,,,
598015,2013,2013-04-15,"MA Chidambaram Stadium, Chepauk",1,11.2,Pune Warriors,Chennai Super Kings,RV Uthappa,AJ Finch,R Ashwin,1,0,,,,,,,,,
598015,2013,2013-04-15,"MA Chidambaram Stadium, Chepauk",1,11.3,Pune Warriors,Chennai Super Kings,AJ Finch,RV Uthappa,R Ashwin,0,1,,,,1,,,,,
598015,2013,2013-04-15,"MA Chidambaram Stadium, Chepauk",1,11.4,Pune Warriors,Chennai Super Kings,RV Uthappa,AJ Finch,R Ashwin,1,0,,,,,,,,,
598015,2013,2013-04-15,"MA Chidambaram Stadium, Chepauk",1,11.5,Pune Warriors,Chennai Super Kings,AJ Finch,RV Uthappa,R Ashwin,1,0,,,,,,,,,
598015,2013,2013-04-15,"MA Chidambaram Stadium, Chepauk",1,11.6,Pune Warriors,Chennai Super Kings,RV Uthappa,AJ Finch,R Ashwin,1,0,,,,,,,,,
598015,2013,2013-04-15,"MA Chidambaram Stadium, Chepauk",1,12.1,Pune Warriors,Chennai Super Kings,RV Uthappa,AJ Finch,RA Jadeja,1,0,,,,,,,,,
598015,2013,2013-04-15,"MA Chidambaram Stadium, Chepauk",1,12.2,Pune Warriors,Chennai Super Kings,AJ Finch,RV Uthappa,RA Jadeja,6,0,,,,,,,,,
598015,2013,2013-04-15,"MA Chidambaram Stadium, Chepauk",1,12.3,Pune Warriors,Chennai Super Kings,AJ Finch,RV Uthappa,RA Jadeja,0,0,,,,,,stumped,AJ Finch,,
598015,2013,2013-04-15,"MA Chidambaram Stadium, Chepauk",1,12.4,Pune Warriors,Chennai Super Kings,LRPL Taylor,RV Uthappa,RA Jadeja,0,0,,,,,,,,,
598015,2013,2013-04-15,"MA Chidambaram Stadium, Chepauk",1,12.5,Pune Warriors,Chennai Super Kings,LRPL Taylor,RV Uthappa,RA Jadeja,0,0,,,,,,,,,
598015,2013,2013-04-15,"MA Chidambaram Stadium, Chepauk",1,12.6,Pune Warriors,Chennai Super Kings,LRPL Taylor,RV Uthappa,RA Jadeja,1,0,,,,,,,,,
598015,2013,2013-04-15,"MA Chidambaram Stadium, Chepauk",1,13.1,Pune Warriors,Chennai Super Kings,LRPL Taylor,RV Uthappa,R Ashwin,1,0,,,,,,,,,
598015,2013,2013-04-15,"MA Chidambaram Stadium, Chepauk",1,13.2,Pune Warriors,Chennai Super Kings,RV Uthappa,LRPL Taylor,R Ashwin,1,0,,,,,,,,,
598015,2013,2013-04-15,"MA Chidambaram Stadium, Chepauk",1,13.3,Pune Warriors,Chennai Super Kings,LRPL Taylor,RV Uthappa,R Ashwin,0,0,,,,,,,,,
598015,2013,2013-04-15,"MA Chidambaram Stadium, Chepauk",1,13.4,Pune Warriors,Chennai Super Kings,LRPL Taylor,RV Uthappa,R Ashwin,1,0,,,,,,,,,
598015,2013,2013-04-15,"MA Chidambaram Stadium, Chepauk",1,13.5,Pune Warriors,Chennai Super Kings,RV Uthappa,LRPL Taylor,R Ashwin,1,0,,,,,,,,,
598015,2013,2013-04-15,"MA Chidambaram Stadium, Chepauk",1,13.6,Pune Warriors,Chennai Super Kings,LRPL Taylor,RV Uthappa,R Ashwin,0,0,,,,,,,,,
598015,2013,2013-04-15,"MA Chidambaram Stadium, Chepauk",1,14.1,Pune Warriors,Chennai Super Kings,RV Uthappa,LRPL Taylor,CH Morris,0,0,,,,,,caught,RV Uthappa,,
598015,2013,2013-04-15,"MA Chidambaram Stadium, Chepauk",1,14.2,Pune Warriors,Chennai Super Kings,SPD Smith,LRPL Taylor,CH Morris,1,0,,,,,,,,,
598015,2013,2013-04-15,"MA Chidambaram Stadium, Chepauk",1,14.3,Pune Warriors,Chennai Super Kings,LRPL Taylor,SPD Smith,CH Morris,2,0,,,,,,,,,
598015,2013,2013-04-15,"MA Chidambaram Stadium, Chepauk",1,14.4,Pune Warriors,Chennai Super Kings,LRPL Taylor,SPD Smith,CH Morris,0,1,,,,1,,,,,
598015,2013,2013-04-15,"MA Chidambaram Stadium, Chepauk",1,14.5,Pune Warriors,Chennai Super Kings,SPD Smith,LRPL Taylor,CH Morris,0,0,,,,,,,,,
598015,2013,2013-04-15,"MA Chidambaram Stadium, Chepauk",1,14.6,Pune Warriors,Chennai Super Kings,SPD Smith,LRPL Taylor,CH Morris,1,0,,,,,,,,,
598015,2013,2013-04-15,"MA Chidambaram Stadium, Chepauk",1,15.1,Pune Warriors,Chennai Super Kings,SPD Smith,LRPL Taylor,DJ Bravo,4,0,,,,,,,,,
598015,2013,2013-04-15,"MA Chidambaram Stadium, Chepauk",1,15.2,Pune Warriors,Chennai Super Kings,SPD Smith,LRPL Taylor,DJ Bravo,4,0,,,,,,,,,
598015,2013,2013-04-15,"MA Chidambaram Stadium, Chepauk",1,15.3,Pune Warriors,Chennai Super Kings,SPD Smith,LRPL Taylor,DJ Bravo,1,0,,,,,,,,,
598015,2013,2013-04-15,"MA Chidambaram Stadium, Chepauk",1,15.4,Pune Warriors,Chennai Super Kings,LRPL Taylor,SPD Smith,DJ Bravo,0,0,,,,,,,,,
598015,2013,2013-04-15,"MA Chidambaram Stadium, Chepauk",1,15.5,Pune Warriors,Chennai Super Kings,LRPL Taylor,SPD Smith,DJ Bravo,2,0,,,,,,,,,
598015,2013,2013-04-15,"MA Chidambaram Stadium, Chepauk",1,15.6,Pune Warriors,Chennai Super Kings,LRPL Taylor,SPD Smith,DJ Bravo,1,0,,,,,,,,,
598015,2013,2013-04-15,"MA Chidambaram Stadium, Chepauk",1,16.1,Pune Warriors,Chennai Super Kings,LRPL Taylor,SPD Smith,CH Morris,0,0,,,,,,caught,LRPL Taylor,,
598015,2013,2013-04-15,"MA Chidambaram Stadium, Chepauk",1,16.2,Pune Warriors,Chennai Super Kings,SPD Smith,MR Marsh,CH Morris,1,0,,,,,,,,,
598015,2013,2013-04-15,"MA Chidambaram Stadium, Chepauk",1,16.3,Pune Warriors,Chennai Super Kings,MR Marsh,SPD Smith,CH Morris,0,0,,,,,,,,,
598015,2013,2013-04-15,"MA Chidambaram Stadium, Chepauk",1,16.4,Pune Warriors,Chennai Super Kings,MR Marsh,SPD Smith,CH Morris,2,0,,,,,,,,,
598015,2013,2013-04-15,"MA Chidambaram Stadium, Chepauk",1,16.5,Pune Warriors,Chennai Super Kings,MR Marsh,SPD Smith,CH Morris,0,1,,,,1,,,,,
598015,2013,2013-04-15,"MA Chidambaram Stadium, Chepauk",1,16.6,Pune Warriors,Chennai Super Kings,SPD Smith,MR Marsh,CH Morris,6,0,,,,,,,,,
598015,2013,2013-04-15,"MA Chidambaram Stadium, Chepauk",1,17.1,Pune Warriors,Chennai Super Kings,MR Marsh,SPD Smith,DJ Bravo,0,0,,,,,,caught,MR Marsh,,
598015,2013,2013-04-15,"MA Chidambaram Stadium, Chepauk",1,17.2,Pune Warriors,Chennai Super Kings,MK Pandey,SPD Smith,DJ Bravo,1,0,,,,,,,,,
598015,2013,2013-04-15,"MA Chidambaram Stadium, Chepauk",1,17.3,Pune Warriors,Chennai Super Kings,SPD Smith,MK Pandey,DJ Bravo,1,0,,,,,,,,,
598015,2013,2013-04-15,"MA Chidambaram Stadium, Chepauk",1,17.4,Pune Warriors,Chennai Super Kings,MK Pandey,SPD Smith,DJ Bravo,0,0,,,,,,,,,
598015,2013,2013-04-15,"MA Chidambaram Stadium, Chepauk",1,17.5,Pune Warriors,Chennai Super Kings,MK Pandey,SPD Smith,DJ Bravo,0,0,,,,,,,,,
598015,2013,2013-04-15,"MA Chidambaram Stadium, Chepauk",1,17.6,Pune Warriors,Chennai Super Kings,MK Pandey,SPD Smith,DJ Bravo,1,0,,,,,,,,,
598015,2013,2013-04-15,"MA Chidambaram Stadium, Chepauk",1,18.1,Pune Warriors,Chennai Super Kings,MK Pandey,SPD Smith,DP Nannes,1,0,,,,,,,,,
598015,2013,2013-04-15,"MA Chidambaram Stadium, Chepauk",1,18.2,Pune Warriors,Chennai Super Kings,SPD Smith,MK Pandey,DP Nannes,2,0,,,,,,,,,
598015,2013,2013-04-15,"MA Chidambaram Stadium, Chepauk",1,18.3,Pune Warriors,Chennai Super Kings,SPD Smith,MK Pandey,DP Nannes,6,0,,,,,,,,,
598015,2013,2013-04-15,"MA Chidambaram Stadium, Chepauk",1,18.4,Pune Warriors,Chennai Super Kings,SPD Smith,MK Pandey,DP Nannes,4,0,,,,,,,,,
598015,2013,2013-04-15,"MA Chidambaram Stadium, Chepauk",1,18.5,Pune Warriors,Chennai Super Kings,SPD Smith,MK Pandey,DP Nannes,1,0,,,,,,,,,
598015,2013,2013-04-15,"MA Chidambaram Stadium, Chepauk",1,18.6,Pune Warriors,Chennai Super Kings,MK Pandey,SPD Smith,DP Nannes,2,0,,,,,,,,,
598015,2013,2013-04-15,"MA Chidambaram Stadium, Chepauk",1,19.1,Pune Warriors,Chennai Super Kings,SPD Smith,MK Pandey,DJ Bravo,0,0,,,,,,,,,
598015,2013,2013-04-15,"MA Chidambaram Stadium, Chepauk",1,19.2,Pune Warriors,Chennai Super Kings,SPD Smith,MK Pandey,DJ Bravo,6,0,,,,,,,,,
598015,2013,2013-04-15,"MA Chidambaram Stadium, Chepauk",1,19.3,Pune Warriors,Chennai Super Kings,SPD Smith,MK Pandey,DJ Bravo,1,0,,,,,,,,,
598015,2013,2013-04-15,"MA Chidambaram Stadium, Chepauk",1,19.4,Pune Warriors,Chennai Super Kings,MK Pandey,SPD Smith,DJ Bravo,4,0,,,,,,,,,
598015,2013,2013-04-15,"MA Chidambaram Stadium, Chepauk",1,19.5,Pune Warriors,Chennai Super Kings,MK Pandey,SPD Smith,DJ Bravo,0,1,1,,,,,,,,
598015,2013,2013-04-15,"MA Chidambaram Stadium, Chepauk",1,19.6,Pune Warriors,Chennai Super Kings,MK Pandey,SPD Smith,DJ Bravo,0,0,,,,,,bowled,MK Pandey,,
598015,2013,2013-04-15,"MA Chidambaram Stadium, Chepauk",1,19.7,Pune Warriors,Chennai Super Kings,AM Nayar,SPD Smith,DJ Bravo,0,0,,,,,,,,,
598015,2013,2013-04-15,"MA Chidambaram Stadium, Chepauk",2,0.1,Chennai Super Kings,Pune Warriors,S Anirudha,M Vijay,B Kumar,0,0,,,,,,,,,
598015,2013,2013-04-15,"MA Chidambaram Stadium, Chepauk",2,0.2,Chennai Super Kings,Pune Warriors,S Anirudha,M Vijay,B Kumar,0,0,,,,,,lbw,S Anirudha,,
598015,2013,2013-04-15,"MA Chidambaram Stadium, Chepauk",2,0.3,Chennai Super Kings,Pune Warriors,SK Raina,M Vijay,B Kumar,0,0,,,,,,,,,
598015,2013,2013-04-15,"MA Chidambaram Stadium, Chepauk",2,0.4,Chennai Super Kings,Pune Warriors,SK Raina,M Vijay,B Kumar,0,0,,,,,,,,,
598015,2013,2013-04-15,"MA Chidambaram Stadium, Chepauk",2,0.5,Chennai Super Kings,Pune Warriors,SK Raina,M Vijay,B Kumar,0,0,,,,,,,,,
598015,2013,2013-04-15,"MA Chidambaram Stadium, Chepauk",2,0.6,Chennai Super Kings,Pune Warriors,SK Raina,M Vijay,B Kumar,0,0,,,,,,,,,
598015,2013,2013-04-15,"MA Chidambaram Stadium, Chepauk",2,1.1,Chennai Super Kings,Pune Warriors,M Vijay,SK Raina,AB Dinda,1,0,,,,,,,,,
598015,2013,2013-04-15,"MA Chidambaram Stadium, Chepauk",2,1.2,Chennai Super Kings,Pune Warriors,SK Raina,M Vijay,AB Dinda,1,0,,,,,,,,,
598015,2013,2013-04-15,"MA Chidambaram Stadium, Chepauk",2,1.3,Chennai Super Kings,Pune Warriors,M Vijay,SK Raina,AB Dinda,0,0,,,,,,,,,
598015,2013,2013-04-15,"MA Chidambaram Stadium, Chepauk",2,1.4,Chennai Super Kings,Pune Warriors,M Vijay,SK Raina,AB Dinda,0,0,,,,,,,,,
598015,2013,2013-04-15,"MA Chidambaram Stadium, Chepauk",2,1.5,Chennai Super Kings,Pune Warriors,M Vijay,SK Raina,AB Dinda,1,0,,,,,,,,,
598015,2013,2013-04-15,"MA Chidambaram Stadium, Chepauk",2,1.6,Chennai Super Kings,Pune Warriors,SK Raina,M Vijay,AB Dinda,4,0,,,,,,,,,
598015,2013,2013-04-15,"MA Chidambaram Stadium, Chepauk",2,2.1,Chennai Super Kings,Pune Warriors,M Vijay,SK Raina,B Kumar,0,0,,,,,,,,,
598015,2013,2013-04-15,"MA Chidambaram Stadium, Chepauk",2,2.2,Chennai Super Kings,Pune Warriors,M Vijay,SK Raina,B Kumar,0,0,,,,,,,,,
598015,2013,2013-04-15,"MA Chidambaram Stadium, Chepauk",2,2.3,Chennai Super Kings,Pune Warriors,M Vijay,SK Raina,B Kumar,0,0,,,,,,,,,
598015,2013,2013-04-15,"MA Chidambaram Stadium, Chepauk",2,2.4,Chennai Super Kings,Pune Warriors,M Vijay,SK Raina,B Kumar,0,0,,,,,,,,,
598015,2013,2013-04-15,"MA Chidambaram Stadium, Chepauk",2,2.5,Chennai Super Kings,Pune Warriors,M Vijay,SK Raina,B Kumar,0,1,1,,,,,,,,
598015,2013,2013-04-15,"MA Chidambaram Stadium, Chepauk",2,2.6,Chennai Super Kings,Pune Warriors,M Vijay,SK Raina,B Kumar,1,0,,,,,,,,,
598015,2013,2013-04-15,"MA Chidambaram Stadium, Chepauk",2,2.7,Chennai Super Kings,Pune Warriors,SK Raina,M Vijay,B Kumar,1,0,,,,,,,,,
598015,2013,2013-04-15,"MA Chidambaram Stadium, Chepauk",2,3.1,Chennai Super Kings,Pune Warriors,SK Raina,M Vijay,AB Dinda,1,0,,,,,,,,,
598015,2013,2013-04-15,"MA Chidambaram Stadium, Chepauk",2,3.2,Chennai Super Kings,Pune Warriors,M Vijay,SK Raina,AB Dinda,4,0,,,,,,,,,
598015,2013,2013-04-15,"MA Chidambaram Stadium, Chepauk",2,3.3,Chennai Super Kings,Pune Warriors,M Vijay,SK Raina,AB Dinda,4,0,,,,,,,,,
598015,2013,2013-04-15,"MA Chidambaram Stadium, Chepauk",2,3.4,Chennai Super Kings,Pune Warriors,M Vijay,SK Raina,AB Dinda,1,0,,,,,,,,,
598015,2013,2013-04-15,"MA Chidambaram Stadium, Chepauk",2,3.5,Chennai Super Kings,Pune Warriors,SK Raina,M Vijay,AB Dinda,1,0,,,,,,,,,
598015,2013,2013-04-15,"MA Chidambaram Stadium, Chepauk",2,3.6,Chennai Super Kings,Pune Warriors,M Vijay,SK Raina,AB Dinda,1,0,,,,,,,,,
598015,2013,2013-04-15,"MA Chidambaram Stadium, Chepauk",2,4.1,Chennai Super Kings,Pune Warriors,M Vijay,SK Raina,B Kumar,1,0,,,,,,,,,
598015,2013,2013-04-15,"MA Chidambaram Stadium, Chepauk",2,4.2,Chennai Super Kings,Pune Warriors,SK Raina,M Vijay,B Kumar,0,0,,,,,,caught,SK Raina,,
598015,2013,2013-04-15,"MA Chidambaram Stadium, Chepauk",2,4.3,Chennai Super Kings,Pune Warriors,S Badrinath,M Vijay,B Kumar,2,0,,,,,,,,,
598015,2013,2013-04-15,"MA Chidambaram Stadium, Chepauk",2,4.4,Chennai Super Kings,Pune Warriors,S Badrinath,M Vijay,B Kumar,0,0,,,,,,,,,
598015,2013,2013-04-15,"MA Chidambaram Stadium, Chepauk",2,4.5,Chennai Super Kings,Pune Warriors,S Badrinath,M Vijay,B Kumar,0,0,,,,,,,,,
598015,2013,2013-04-15,"MA Chidambaram Stadium, Chepauk",2,4.6,Chennai Super Kings,Pune Warriors,S Badrinath,M Vijay,B Kumar,0,0,,,,,,,,,
598015,2013,2013-04-15,"MA Chidambaram Stadium, Chepauk",2,5.1,Chennai Super Kings,Pune Warriors,M Vijay,S Badrinath,MR Marsh,1,0,,,,,,,,,
598015,2013,2013-04-15,"MA Chidambaram Stadium, Chepauk",2,5.2,Chennai Super Kings,Pune Warriors,S Badrinath,M Vijay,MR Marsh,4,0,,,,,,,,,
598015,2013,2013-04-15,"MA Chidambaram Stadium, Chepauk",2,5.3,Chennai Super Kings,Pune Warriors,S Badrinath,M Vijay,MR Marsh,1,0,,,,,,,,,
598015,2013,2013-04-15,"MA Chidambaram Stadium, Chepauk",2,5.4,Chennai Super Kings,Pune Warriors,M Vijay,S Badrinath,MR Marsh,6,0,,,,,,,,,
598015,2013,2013-04-15,"MA Chidambaram Stadium, Chepauk",2,5.5,Chennai Super Kings,Pune Warriors,M Vijay,S Badrinath,MR Marsh,0,0,,,,,,,,,
598015,2013,2013-04-15,"MA Chidambaram Stadium, Chepauk",2,5.6,Chennai Super Kings,Pune Warriors,M Vijay,S Badrinath,MR Marsh,1,0,,,,,,,,,
598015,2013,2013-04-15,"MA Chidambaram Stadium, Chepauk",2,6.1,Chennai Super Kings,Pune Warriors,M Vijay,S Badrinath,AM Nayar,2,0,,,,,,,,,
598015,2013,2013-04-15,"MA Chidambaram Stadium, Chepauk",2,6.2,Chennai Super Kings,Pune Warriors,M Vijay,S Badrinath,AM Nayar,0,0,,,,,,,,,
598015,2013,2013-04-15,"MA Chidambaram Stadium, Chepauk",2,6.3,Chennai Super Kings,Pune Warriors,M Vijay,S Badrinath,AM Nayar,0,0,,,,,,,,,
598015,2013,2013-04-15,"MA Chidambaram Stadium, Chepauk",2,6.4,Chennai Super Kings,Pune Warriors,M Vijay,S Badrinath,AM Nayar,0,0,,,,,,caught,M Vijay,,
598015,2013,2013-04-15,"MA Chidambaram Stadium, Chepauk",2,6.5,Chennai Super Kings,Pune Warriors,S Badrinath,RA Jadeja,AM Nayar,4,0,,,,,,,,,
598015,2013,2013-04-15,"MA Chidambaram Stadium, Chepauk",2,6.6,Chennai Super Kings,Pune Warriors,S Badrinath,RA Jadeja,AM Nayar,1,0,,,,,,,,,
598015,2013,2013-04-15,"MA Chidambaram Stadium, Chepauk",2,7.1,Chennai Super Kings,Pune Warriors,S Badrinath,RA Jadeja,AJ Finch,1,0,,,,,,,,,
598015,2013,2013-04-15,"MA Chidambaram Stadium, Chepauk",2,7.2,Chennai Super Kings,Pune Warriors,RA Jadeja,S Badrinath,AJ Finch,1,0,,,,,,,,,
598015,2013,2013-04-15,"MA Chidambaram Stadium, Chepauk",2,7.3,Chennai Super Kings,Pune Warriors,S Badrinath,RA Jadeja,AJ Finch,1,0,,,,,,,,,
598015,2013,2013-04-15,"MA Chidambaram Stadium, Chepauk",2,7.4,Chennai Super Kings,Pune Warriors,RA Jadeja,S Badrinath,AJ Finch,1,0,,,,,,,,,
598015,2013,2013-04-15,"MA Chidambaram Stadium, Chepauk",2,7.5,Chennai Super Kings,Pune Warriors,S Badrinath,RA Jadeja,AJ Finch,4,0,,,,,,,,,
598015,2013,2013-04-15,"MA Chidambaram Stadium, Chepauk",2,7.6,Chennai Super Kings,Pune Warriors,S Badrinath,RA Jadeja,AJ Finch,1,0,,,,,,,,,
598015,2013,2013-04-15,"MA Chidambaram Stadium, Chepauk",2,8.1,Chennai Super Kings,Pune Warriors,S Badrinath,RA Jadeja,AM Nayar,1,0,,,,,,,,,
598015,2013,2013-04-15,"MA Chidambaram Stadium, Chepauk",2,8.2,Chennai Super Kings,Pune Warriors,RA Jadeja,S Badrinath,AM Nayar,0,0,,,,,,,,,
598015,2013,2013-04-15,"MA Chidambaram Stadium, Chepauk",2,8.3,Chennai Super Kings,Pune Warriors,RA Jadeja,S Badrinath,AM Nayar,1,0,,,,,,,,,
598015,2013,2013-04-15,"MA Chidambaram Stadium, Chepauk",2,8.4,Chennai Super Kings,Pune Warriors,S Badrinath,RA Jadeja,AM Nayar,0,0,,,,,,,,,
598015,2013,2013-04-15,"MA Chidambaram Stadium, Chepauk",2,8.5,Chennai Super Kings,Pune Warriors,S Badrinath,RA Jadeja,AM Nayar,1,0,,,,,,,,,
598015,2013,2013-04-15,"MA Chidambaram Stadium, Chepauk",2,8.6,Chennai Super Kings,Pune Warriors,RA Jadeja,S Badrinath,AM Nayar,0,0,,,,,,,,,
598015,2013,2013-04-15,"MA Chidambaram Stadium, Chepauk",2,9.1,Chennai Super Kings,Pune Warriors,S Badrinath,RA Jadeja,R Sharma,0,0,,,,,,,,,
598015,2013,2013-04-15,"MA Chidambaram Stadium, Chepauk",2,9.2,Chennai Super Kings,Pune Warriors,S Badrinath,RA Jadeja,R Sharma,1,0,,,,,,,,,
598015,2013,2013-04-15,"MA Chidambaram Stadium, Chepauk",2,9.3,Chennai Super Kings,Pune Warriors,RA Jadeja,S Badrinath,R Sharma,0,0,,,,,,,,,
598015,2013,2013-04-15,"MA Chidambaram Stadium, Chepauk",2,9.4,Chennai Super Kings,Pune Warriors,RA Jadeja,S Badrinath,R Sharma,2,0,,,,,,,,,
598015,2013,2013-04-15,"MA Chidambaram Stadium, Chepauk",2,9.5,Chennai Super Kings,Pune Warriors,RA Jadeja,S Badrinath,R Sharma,1,0,,,,,,,,,
598015,2013,2013-04-15,"MA Chidambaram Stadium, Chepauk",2,9.6,Chennai Super Kings,Pune Warriors,S Badrinath,RA Jadeja,R Sharma,2,0,,,,,,,,,
598015,2013,2013-04-15,"MA Chidambaram Stadium, Chepauk",2,10.1,Chennai Super Kings,Pune Warriors,RA Jadeja,S Badrinath,AM Nayar,1,0,,,,,,,,,
598015,2013,2013-04-15,"MA Chidambaram Stadium, Chepauk",2,10.2,Chennai Super Kings,Pune Warriors,S Badrinath,RA Jadeja,AM Nayar,4,0,,,,,,,,,
598015,2013,2013-04-15,"MA Chidambaram Stadium, Chepauk",2,10.3,Chennai Super Kings,Pune Warriors,S Badrinath,RA Jadeja,AM Nayar,1,0,,,,,,,,,
598015,2013,2013-04-15,"MA Chidambaram Stadium, Chepauk",2,10.4,Chennai Super Kings,Pune Warriors,RA Jadeja,S Badrinath,AM Nayar,2,0,,,,,,,,,
598015,2013,2013-04-15,"MA Chidambaram Stadium, Chepauk",2,10.5,Chennai Super Kings,Pune Warriors,RA Jadeja,S Badrinath,AM Nayar,1,0,,,,,,,,,
598015,2013,2013-04-15,"MA Chidambaram Stadium, Chepauk",2,10.6,Chennai Super Kings,Pune Warriors,S Badrinath,RA Jadeja,AM Nayar,2,0,,,,,,,,,
598015,2013,2013-04-15,"MA Chidambaram Stadium, Chepauk",2,11.1,Chennai Super Kings,Pune Warriors,RA Jadeja,S Badrinath,R Sharma,0,0,,,,,,,,,
598015,2013,2013-04-15,"MA Chidambaram Stadium, Chepauk",2,11.2,Chennai Super Kings,Pune Warriors,RA Jadeja,S Badrinath,R Sharma,1,0,,,,,,,,,
598015,2013,2013-04-15,"MA Chidambaram Stadium, Chepauk",2,11.3,Chennai Super Kings,Pune Warriors,S Badrinath,RA Jadeja,R Sharma,1,0,,,,,,,,,
598015,2013,2013-04-15,"MA Chidambaram Stadium, Chepauk",2,11.4,Chennai Super Kings,Pune Warriors,RA Jadeja,S Badrinath,R Sharma,1,0,,,,,,,,,
598015,2013,2013-04-15,"MA Chidambaram Stadium, Chepauk",2,11.5,Chennai Super Kings,Pune Warriors,S Badrinath,RA Jadeja,R Sharma,0,0,,,,,,,,,
598015,2013,2013-04-15,"MA Chidambaram Stadium, Chepauk",2,11.6,Chennai Super Kings,Pune Warriors,S Badrinath,RA Jadeja,R Sharma,1,0,,,,,,,,,
598015,2013,2013-04-15,"MA Chidambaram Stadium, Chepauk",2,12.1,Chennai Super Kings,Pune Warriors,S Badrinath,RA Jadeja,MR Marsh,1,0,,,,,,,,,
598015,2013,2013-04-15,"MA Chidambaram Stadium, Chepauk",2,12.2,Chennai Super Kings,Pune Warriors,RA Jadeja,S Badrinath,MR Marsh,4,0,,,,,,,,,
598015,2013,2013-04-15,"MA Chidambaram Stadium, Chepauk",2,12.3,Chennai Super Kings,Pune Warriors,RA Jadeja,S Badrinath,MR Marsh,2,0,,,,,,,,,
598015,2013,2013-04-15,"MA Chidambaram Stadium, Chepauk",2,12.4,Chennai Super Kings,Pune Warriors,RA Jadeja,S Badrinath,MR Marsh,0,0,,,,,,,,,
598015,2013,2013-04-15,"MA Chidambaram Stadium, Chepauk",2,12.5,Chennai Super Kings,Pune Warriors,RA Jadeja,S Badrinath,MR Marsh,1,0,,,,,,,,,
598015,2013,2013-04-15,"MA Chidambaram Stadium, Chepauk",2,12.6,Chennai Super Kings,Pune Warriors,S Badrinath,RA Jadeja,MR Marsh,0,0,,,,,,caught,S Badrinath,,
598015,2013,2013-04-15,"MA Chidambaram Stadium, Chepauk",2,13.1,Chennai Super Kings,Pune Warriors,MS Dhoni,RA Jadeja,R Sharma,1,0,,,,,,,,,
598015,2013,2013-04-15,"MA Chidambaram Stadium, Chepauk",2,13.2,Chennai Super Kings,Pune Warriors,RA Jadeja,MS Dhoni,R Sharma,6,0,,,,,,,,,
598015,2013,2013-04-15,"MA Chidambaram Stadium, Chepauk",2,13.3,Chennai Super Kings,Pune Warriors,RA Jadeja,MS Dhoni,R Sharma,1,0,,,,,,,,,
598015,2013,2013-04-15,"MA Chidambaram Stadium, Chepauk",2,13.4,Chennai Super Kings,Pune Warriors,MS Dhoni,RA Jadeja,R Sharma,0,0,,,,,,,,,
598015,2013,2013-04-15,"MA Chidambaram Stadium, Chepauk",2,13.5,Chennai Super Kings,Pune Warriors,MS Dhoni,RA Jadeja,R Sharma,0,0,,,,,,,,,
598015,2013,2013-04-15,"MA Chidambaram Stadium, Chepauk",2,13.6,Chennai Super Kings,Pune Warriors,MS Dhoni,RA Jadeja,R Sharma,1,0,,,,,,,,,
598015,2013,2013-04-15,"MA Chidambaram Stadium, Chepauk",2,14.1,Chennai Super Kings,Pune Warriors,MS Dhoni,RA Jadeja,MR Marsh,1,0,,,,,,,,,
598015,2013,2013-04-15,"MA Chidambaram Stadium, Chepauk",2,14.2,Chennai Super Kings,Pune Warriors,RA Jadeja,MS Dhoni,MR Marsh,1,0,,,,,,,,,
598015,2013,2013-04-15,"MA Chidambaram Stadium, Chepauk",2,14.3,Chennai Super Kings,Pune Warriors,MS Dhoni,RA Jadeja,MR Marsh,1,0,,,,,,,,,
598015,2013,2013-04-15,"MA Chidambaram Stadium, Chepauk",2,14.4,Chennai Super Kings,Pune Warriors,RA Jadeja,MS Dhoni,MR Marsh,0,0,,,,,,caught,RA Jadeja,,
598015,2013,2013-04-15,"MA Chidambaram Stadium, Chepauk",2,14.5,Chennai Super Kings,Pune Warriors,DJ Bravo,MS Dhoni,MR Marsh,0,1,1,,,,,,,,
598015,2013,2013-04-15,"MA Chidambaram Stadium, Chepauk",2,14.6,Chennai Super Kings,Pune Warriors,DJ Bravo,MS Dhoni,MR Marsh,0,0,,,,,,,,,
598015,2013,2013-04-15,"MA Chidambaram Stadium, Chepauk",2,14.7,Chennai Super Kings,Pune Warriors,DJ Bravo,MS Dhoni,MR Marsh,0,0,,,,,,,,,
598015,2013,2013-04-15,"MA Chidambaram Stadium, Chepauk",2,15.1,Chennai Super Kings,Pune Warriors,MS Dhoni,DJ Bravo,R Sharma,0,0,,,,,,,,,
598015,2013,2013-04-15,"MA Chidambaram Stadium, Chepauk",2,15.2,Chennai Super Kings,Pune Warriors,MS Dhoni,DJ Bravo,R Sharma,3,0,,,,,,,,,
598015,2013,2013-04-15,"MA Chidambaram Stadium, Chepauk",2,15.3,Chennai Super Kings,Pune Warriors,DJ Bravo,MS Dhoni,R Sharma,1,0,,,,,,,,,
598015,2013,2013-04-15,"MA Chidambaram Stadium, Chepauk",2,15.4,Chennai Super Kings,Pune Warriors,MS Dhoni,DJ Bravo,R Sharma,1,0,,,,,,,,,
598015,2013,2013-04-15,"MA Chidambaram Stadium, Chepauk",2,15.5,Chennai Super Kings,Pune Warriors,DJ Bravo,MS Dhoni,R Sharma,0,0,,,,,,caught,DJ Bravo,,
598015,2013,2013-04-15,"MA Chidambaram Stadium, Chepauk",2,15.6,Chennai Super Kings,Pune Warriors,JA Morkel,MS Dhoni,R Sharma,0,0,,,,,,,,,
598015,2013,2013-04-15,"MA Chidambaram Stadium, Chepauk",2,16.1,Chennai Super Kings,Pune Warriors,MS Dhoni,JA Morkel,MR Marsh,1,0,,,,,,,,,
598015,2013,2013-04-15,"MA Chidambaram Stadium, Chepauk",2,16.2,Chennai Super Kings,Pune Warriors,JA Morkel,MS Dhoni,MR Marsh,1,0,,,,,,,,,
598015,2013,2013-04-15,"MA Chidambaram Stadium, Chepauk",2,16.3,Chennai Super Kings,Pune Warriors,MS Dhoni,JA Morkel,MR Marsh,1,0,,,,,,,,,
598015,2013,2013-04-15,"MA Chidambaram Stadium, Chepauk",2,16.4,Chennai Super Kings,Pune Warriors,JA Morkel,MS Dhoni,MR Marsh,0,0,,,,,,,,,
598015,2013,2013-04-15,"MA Chidambaram Stadium, Chepauk",2,16.5,Chennai Super Kings,Pune Warriors,JA Morkel,MS Dhoni,MR Marsh,6,0,,,,,,,,,
598015,2013,2013-04-15,"MA Chidambaram Stadium, Chepauk",2,16.6,Chennai Super Kings,Pune Warriors,JA Morkel,MS Dhoni,MR Marsh,1,0,,,,,,,,,
598015,2013,2013-04-15,"MA Chidambaram Stadium, Chepauk",2,17.1,Chennai Super Kings,Pune Warriors,JA Morkel,MS Dhoni,AB Dinda,1,0,,,,,,,,,
598015,2013,2013-04-15,"MA Chidambaram Stadium, Chepauk",2,17.2,Chennai Super Kings,Pune Warriors,MS Dhoni,JA Morkel,AB Dinda,0,0,,,,,,,,,
598015,2013,2013-04-15,"MA Chidambaram Stadium, Chepauk",2,17.3,Chennai Super Kings,Pune Warriors,MS Dhoni,JA Morkel,AB Dinda,0,0,,,,,,caught,MS Dhoni,,
598015,2013,2013-04-15,"MA Chidambaram Stadium, Chepauk",2,17.4,Chennai Super Kings,Pune Warriors,CH Morris,JA Morkel,AB Dinda,2,0,,,,,,,,,
598015,2013,2013-04-15,"MA Chidambaram Stadium, Chepauk",2,17.5,Chennai Super Kings,Pune Warriors,CH Morris,JA Morkel,AB Dinda,0,0,,,,,,,,,
598015,2013,2013-04-15,"MA Chidambaram Stadium, Chepauk",2,17.6,Chennai Super Kings,Pune Warriors,CH Morris,JA Morkel,AB Dinda,1,0,,,,,,,,,
598015,2013,2013-04-15,"MA Chidambaram Stadium, Chepauk",2,18.1,Chennai Super Kings,Pune Warriors,CH Morris,JA Morkel,B Kumar,1,0,,,,,,,,,
598015,2013,2013-04-15,"MA Chidambaram Stadium, Chepauk",2,18.2,Chennai Super Kings,Pune Warriors,JA Morkel,CH Morris,B Kumar,0,0,,,,,,,,,
598015,2013,2013-04-15,"MA Chidambaram Stadium, Chepauk",2,18.3,Chennai Super Kings,Pune Warriors,JA Morkel,CH Morris,B Kumar,2,0,,,,,,,,,
598015,2013,2013-04-15,"MA Chidambaram Stadium, Chepauk",2,18.4,Chennai Super Kings,Pune Warriors,JA Morkel,CH Morris,B Kumar,1,0,,,,,,,,,
598015,2013,2013-04-15,"MA Chidambaram Stadium, Chepauk",2,18.5,Chennai Super Kings,Pune Warriors,CH Morris,JA Morkel,B Kumar,1,0,,,,,,,,,
598015,2013,2013-04-15,"MA Chidambaram Stadium, Chepauk",2,18.6,Chennai Super Kings,Pune Warriors,JA Morkel,CH Morris,B Kumar,1,0,,,,,,,,,
598015,2013,2013-04-15,"MA Chidambaram Stadium, Chepauk",2,19.1,Chennai Super Kings,Pune Warriors,JA Morkel,CH Morris,AB Dinda,0,0,,,,,,caught,JA Morkel,,
598015,2013,2013-04-15,"MA Chidambaram Stadium, Chepauk",2,19.2,Chennai Super Kings,Pune Warriors,R Ashwin,CH Morris,AB Dinda,0,0,,,,,,,,,
598015,2013,2013-04-15,"MA Chidambaram Stadium, Chepauk",2,19.3,Chennai Super Kings,Pune Warriors,R Ashwin,CH Morris,AB Dinda,4,0,,,,,,,,,
598015,2013,2013-04-15,"MA Chidambaram Stadium, Chepauk",2,19.4,Chennai Super Kings,Pune Warriors,R Ashwin,CH Morris,AB Dinda,2,0,,,,,,,,,
598015,2013,2013-04-15,"MA Chidambaram Stadium, Chepauk",2,19.5,Chennai Super Kings,Pune Warriors,R Ashwin,CH Morris,AB Dinda,4,0,,,,,,,,,
598015,2013,2013-04-15,"MA Chidambaram Stadium, Chepauk",2,19.6,Chennai Super Kings,Pune Warriors,R Ashwin,CH Morris,AB Dinda,1,0,,,,,,,,,
