match_id,season,start_date,venue,innings,ball,batting_team,bowling_team,striker,non_striker,bowler,runs_off_bat,extras,wides,noballs,byes,legbyes,penalty,wicket_type,player_dismissed,other_wicket_type,other_player_dismissed
729299,2014,2014-04-24,Sharjah Cricket Stadium,1,0.1,Kolkata Knight Riders,Royal Challengers Bangalore,JH Kallis,G Gambhir,MA Starc,0,0,,,,,,,,,
729299,2014,2014-04-24,Sharjah Cricket Stadium,1,0.2,Kolkata Knight Riders,Royal Challengers Bangalore,JH Kallis,G Gambhir,MA Starc,1,0,,,,,,,,,
729299,2014,2014-04-24,Sharjah Cricket Stadium,1,0.3,Kolkata Knight Riders,Royal Challengers Bangalore,G Gambhir,JH Kallis,MA Starc,0,0,,,,,,lbw,G Gambhir,,
729299,2014,2014-04-24,Sharjah Cricket Stadium,1,0.4,Kolkata Knight Riders,Royal Challengers Bangalore,MK Pandey,JH Kallis,MA Starc,1,0,,,,,,,,,
729299,2014,2014-04-24,Sharjah Cricket Stadium,1,0.5,Kolkata Knight Riders,Royal Challengers Bangalore,JH Kallis,MK Pandey,MA Starc,2,0,,,,,,,,,
729299,2014,2014-04-24,Sharjah Cricket Stadium,1,0.6,Kolkata Knight Riders,Royal Challengers Bangalore,JH Kallis,MK Pandey,MA Starc,2,0,,,,,,,,,
729299,2014,2014-04-24,Sharjah Cricket Stadium,1,1.1,Kolkata Knight Riders,Royal Challengers Bangalore,MK Pandey,JH Kallis,JA Morkel,4,0,,,,,,,,,
729299,2014,2014-04-24,Sharjah Cricket Stadium,1,1.2,Kolkata Knight Riders,Royal Challengers Bangalore,MK Pandey,JH Kallis,JA Morkel,0,0,,,,,,caught,MK Pandey,,
729299,2014,2014-04-24,Sharjah Cricket Stadium,1,1.3,Kolkata Knight Riders,Royal Challengers Bangalore,CA Lynn,JH Kallis,JA Morkel,1,0,,,,,,,,,
729299,2014,2014-04-24,Sharjah Cricket Stadium,1,1.4,Kolkata Knight Riders,Royal Challengers Bangalore,JH Kallis,CA Lynn,JA Morkel,4,0,,,,,,,,,
729299,2014,2014-04-24,Sharjah Cricket Stadium,1,1.5,Kolkata Knight Riders,Royal Challengers Bangalore,JH Kallis,CA Lynn,JA Morkel,1,0,,,,,,,,,
729299,2014,2014-04-24,Sharjah Cricket Stadium,1,1.6,Kolkata Knight Riders,Royal Challengers Bangalore,CA Lynn,JH Kallis,JA Morkel,1,0,,,,,,,,,
729299,2014,2014-04-24,Sharjah Cricket Stadium,1,2.1,Kolkata Knight Riders,Royal Challengers Bangalore,CA Lynn,JH Kallis,MA Starc,1,0,,,,,,,,,
729299,2014,2014-04-24,Sharjah Cricket Stadium,1,2.2,Kolkata Knight Riders,Royal Challengers Bangalore,JH Kallis,CA Lynn,MA Starc,0,0,,,,,,,,,
729299,2014,2014-04-24,Sharjah Cricket Stadium,1,2.3,Kolkata Knight Riders,Royal Challengers Bangalore,JH Kallis,CA Lynn,MA Starc,0,0,,,,,,,,,
729299,2014,2014-04-24,Sharjah Cricket Stadium,1,2.4,Kolkata Knight Riders,Royal Challengers Bangalore,JH Kallis,CA Lynn,MA Starc,0,0,,,,,,,,,
729299,2014,2014-04-24,Sharjah Cricket Stadium,1,2.5,Kolkata Knight Riders,Royal Challengers Bangalore,JH Kallis,CA Lynn,MA Starc,0,0,,,,,,,,,
729299,2014,2014-04-24,Sharjah Cricket Stadium,1,2.6,Kolkata Knight Riders,Royal Challengers Bangalore,JH Kallis,CA Lynn,MA Starc,4,0,,,,,,,,,
729299,2014,2014-04-24,Sharjah Cricket Stadium,1,3.1,Kolkata Knight Riders,Royal Challengers Bangalore,CA Lynn,JH Kallis,VR Aaron,1,0,,,,,,,,,
729299,2014,2014-04-24,Sharjah Cricket Stadium,1,3.2,Kolkata Knight Riders,Royal Challengers Bangalore,JH Kallis,CA Lynn,VR Aaron,0,0,,,,,,,,,
729299,2014,2014-04-24,Sharjah Cricket Stadium,1,3.3,Kolkata Knight Riders,Royal Challengers Bangalore,JH Kallis,CA Lynn,VR Aaron,0,0,,,,,,,,,
729299,2014,2014-04-24,Sharjah Cricket Stadium,1,3.4,Kolkata Knight Riders,Royal Challengers Bangalore,JH Kallis,CA Lynn,VR Aaron,1,0,,,,,,,,,
729299,2014,2014-04-24,Sharjah Cricket Stadium,1,3.5,Kolkata Knight Riders,Royal Challengers Bangalore,CA Lynn,JH Kallis,VR Aaron,4,0,,,,,,,,,
729299,2014,2014-04-24,Sharjah Cricket Stadium,1,3.6,Kolkata Knight Riders,Royal Challengers Bangalore,CA Lynn,JH Kallis,VR Aaron,0,0,,,,,,,,,
729299,2014,2014-04-24,Sharjah Cricket Stadium,1,4.1,Kolkata Knight Riders,Royal Challengers Bangalore,JH Kallis,CA Lynn,JA Morkel,1,0,,,,,,,,,
729299,2014,2014-04-24,Sharjah Cricket Stadium,1,4.2,Kolkata Knight Riders,Royal Challengers Bangalore,CA Lynn,JH Kallis,JA Morkel,0,0,,,,,,,,,
729299,2014,2014-04-24,Sharjah Cricket Stadium,1,4.3,Kolkata Knight Riders,Royal Challengers Bangalore,CA Lynn,JH Kallis,JA Morkel,0,0,,,,,,,,,
729299,2014,2014-04-24,Sharjah Cricket Stadium,1,4.4,Kolkata Knight Riders,Royal Challengers Bangalore,CA Lynn,JH Kallis,JA Morkel,4,0,,,,,,,,,
729299,2014,2014-04-24,Sharjah Cricket Stadium,1,4.5,Kolkata Knight Riders,Royal Challengers Bangalore,CA Lynn,JH Kallis,JA Morkel,4,0,,,,,,,,,
729299,2014,2014-04-24,Sharjah Cricket Stadium,1,4.6,Kolkata Knight Riders,Royal Challengers Bangalore,CA Lynn,JH Kallis,JA Morkel,0,1,1,,,,,,,,
729299,2014,2014-04-24,Sharjah Cricket Stadium,1,4.7,Kolkata Knight Riders,Royal Challengers Bangalore,CA Lynn,JH Kallis,JA Morkel,0,0,,,,,,,,,
729299,2014,2014-04-24,Sharjah Cricket Stadium,1,5.1,Kolkata Knight Riders,Royal Challengers Bangalore,JH Kallis,CA Lynn,VR Aaron,0,0,,,,,,,,,
729299,2014,2014-04-24,Sharjah Cricket Stadium,1,5.2,Kolkata Knight Riders,Royal Challengers Bangalore,JH Kallis,CA Lynn,VR Aaron,1,0,,,,,,,,,
729299,2014,2014-04-24,Sharjah Cricket Stadium,1,5.3,Kolkata Knight Riders,Royal Challengers Bangalore,CA Lynn,JH Kallis,VR Aaron,0,0,,,,,,,,,
729299,2014,2014-04-24,Sharjah Cricket Stadium,1,5.4,Kolkata Knight Riders,Royal Challengers Bangalore,CA Lynn,JH Kallis,VR Aaron,1,0,,,,,,,,,
729299,2014,2014-04-24,Sharjah Cricket Stadium,1,5.5,Kolkata Knight Riders,Royal Challengers Bangalore,JH Kallis,CA Lynn,VR Aaron,0,0,,,,,,,,,
729299,2014,2014-04-24,Sharjah Cricket Stadium,1,5.6,Kolkata Knight Riders,Royal Challengers Bangalore,JH Kallis,CA Lynn,VR Aaron,2,0,,,,,,,,,
729299,2014,2014-04-24,Sharjah Cricket Stadium,1,6.1,Kolkata Knight Riders,Royal Challengers Bangalore,CA Lynn,JH Kallis,M Muralitharan,6,0,,,,,,,,,
729299,2014,2014-04-24,Sharjah Cricket Stadium,1,6.2,Kolkata Knight Riders,Royal Challengers Bangalore,CA Lynn,JH Kallis,M Muralitharan,1,0,,,,,,,,,
729299,2014,2014-04-24,Sharjah Cricket Stadium,1,6.3,Kolkata Knight Riders,Royal Challengers Bangalore,JH Kallis,CA Lynn,M Muralitharan,1,0,,,,,,,,,
729299,2014,2014-04-24,Sharjah Cricket Stadium,1,6.4,Kolkata Knight Riders,Royal Challengers Bangalore,CA Lynn,JH Kallis,M Muralitharan,0,0,,,,,,,,,
729299,2014,2014-04-24,Sharjah Cricket Stadium,1,6.5,Kolkata Knight Riders,Royal Challengers Bangalore,CA Lynn,JH Kallis,M Muralitharan,6,0,,,,,,,,,
729299,2014,2014-04-24,Sharjah Cricket Stadium,1,6.6,Kolkata Knight Riders,Royal Challengers Bangalore,CA Lynn,JH Kallis,M Muralitharan,1,0,,,,,,,,,
729299,2014,2014-04-24,Sharjah Cricket Stadium,1,7.1,Kolkata Knight Riders,Royal Challengers Bangalore,CA Lynn,JH Kallis,YS Chahal,1,0,,,,,,,,,
729299,2014,2014-04-24,Sharjah Cricket Stadium,1,7.2,Kolkata Knight Riders,Royal Challengers Bangalore,JH Kallis,CA Lynn,YS Chahal,1,0,,,,,,,,,
729299,2014,2014-04-24,Sharjah Cricket Stadium,1,7.3,Kolkata Knight Riders,Royal Challengers Bangalore,CA Lynn,JH Kallis,YS Chahal,6,0,,,,,,,,,
729299,2014,2014-04-24,Sharjah Cricket Stadium,1,7.4,Kolkata Knight Riders,Royal Challengers Bangalore,CA Lynn,JH Kallis,YS Chahal,0,0,,,,,,,,,
729299,2014,2014-04-24,Sharjah Cricket Stadium,1,7.5,Kolkata Knight Riders,Royal Challengers Bangalore,CA Lynn,JH Kallis,YS Chahal,1,0,,,,,,,,,
729299,2014,2014-04-24,Sharjah Cricket Stadium,1,7.6,Kolkata Knight Riders,Royal Challengers Bangalore,JH Kallis,CA Lynn,YS Chahal,0,0,,,,,,,,,
729299,2014,2014-04-24,Sharjah Cricket Stadium,1,8.1,Kolkata Knight Riders,Royal Challengers Bangalore,CA Lynn,JH Kallis,M Muralitharan,1,0,,,,,,,,,
729299,2014,2014-04-24,Sharjah Cricket Stadium,1,8.2,Kolkata Knight Riders,Royal Challengers Bangalore,JH Kallis,CA Lynn,M Muralitharan,0,0,,,,,,,,,
729299,2014,2014-04-24,Sharjah Cricket Stadium,1,8.3,Kolkata Knight Riders,Royal Challengers Bangalore,JH Kallis,CA Lynn,M Muralitharan,1,0,,,,,,,,,
729299,2014,2014-04-24,Sharjah Cricket Stadium,1,8.4,Kolkata Knight Riders,Royal Challengers Bangalore,CA Lynn,JH Kallis,M Muralitharan,1,0,,,,,,,,,
729299,2014,2014-04-24,Sharjah Cricket Stadium,1,8.5,Kolkata Knight Riders,Royal Challengers Bangalore,JH Kallis,CA Lynn,M Muralitharan,6,0,,,,,,,,,
729299,2014,2014-04-24,Sharjah Cricket Stadium,1,8.6,Kolkata Knight Riders,Royal Challengers Bangalore,JH Kallis,CA Lynn,M Muralitharan,1,0,,,,,,,,,
729299,2014,2014-04-24,Sharjah Cricket Stadium,1,9.1,Kolkata Knight Riders,Royal Challengers Bangalore,JH Kallis,CA Lynn,YS Chahal,2,0,,,,,,,,,
729299,2014,2014-04-24,Sharjah Cricket Stadium,1,9.2,Kolkata Knight Riders,Royal Challengers Bangalore,JH Kallis,CA Lynn,YS Chahal,0,0,,,,,,,,,
729299,2014,2014-04-24,Sharjah Cricket Stadium,1,9.3,Kolkata Knight Riders,Royal Challengers Bangalore,JH Kallis,CA Lynn,YS Chahal,2,0,,,,,,,,,
729299,2014,2014-04-24,Sharjah Cricket Stadium,1,9.4,Kolkata Knight Riders,Royal Challengers Bangalore,JH Kallis,CA Lynn,YS Chahal,1,0,,,,,,,,,
729299,2014,2014-04-24,Sharjah Cricket Stadium,1,9.5,Kolkata Knight Riders,Royal Challengers Bangalore,CA Lynn,JH Kallis,YS Chahal,0,0,,,,,,,,,
729299,2014,2014-04-24,Sharjah Cricket Stadium,1,9.6,Kolkata Knight Riders,Royal Challengers Bangalore,CA Lynn,JH Kallis,YS Chahal,1,0,,,,,,,,,
729299,2014,2014-04-24,Sharjah Cricket Stadium,1,10.1,Kolkata Knight Riders,Royal Challengers Bangalore,CA Lynn,JH Kallis,AB Dinda,1,0,,,,,,,,,
729299,2014,2014-04-24,Sharjah Cricket Stadium,1,10.2,Kolkata Knight Riders,Royal Challengers Bangalore,JH Kallis,CA Lynn,AB Dinda,1,0,,,,,,,,,
729299,2014,2014-04-24,Sharjah Cricket Stadium,1,10.3,Kolkata Knight Riders,Royal Challengers Bangalore,CA Lynn,JH Kallis,AB Dinda,1,0,,,,,,,,,
729299,2014,2014-04-24,Sharjah Cricket Stadium,1,10.4,Kolkata Knight Riders,Royal Challengers Bangalore,JH Kallis,CA Lynn,AB Dinda,1,0,,,,,,,,,
729299,2014,2014-04-24,Sharjah Cricket Stadium,1,10.5,Kolkata Knight Riders,Royal Challengers Bangalore,CA Lynn,JH Kallis,AB Dinda,1,0,,,,,,,,,
729299,2014,2014-04-24,Sharjah Cricket Stadium,1,10.6,Kolkata Knight Riders,Royal Challengers Bangalore,JH Kallis,CA Lynn,AB Dinda,0,1,1,,,,,,,,
729299,2014,2014-04-24,Sharjah Cricket Stadium,1,10.7,Kolkata Knight Riders,Royal Challengers Bangalore,JH Kallis,CA Lynn,AB Dinda,1,0,,,,,,,,,
729299,2014,2014-04-24,Sharjah Cricket Stadium,1,11.1,Kolkata Knight Riders,Royal Challengers Bangalore,JH Kallis,CA Lynn,VR Aaron,1,0,,,,,,,,,
729299,2014,2014-04-24,Sharjah Cricket Stadium,1,11.2,Kolkata Knight Riders,Royal Challengers Bangalore,CA Lynn,JH Kallis,VR Aaron,0,0,,,,,,,,,
729299,2014,2014-04-24,Sharjah Cricket Stadium,1,11.3,Kolkata Knight Riders,Royal Challengers Bangalore,CA Lynn,JH Kallis,VR Aaron,0,0,,,,,,caught,CA Lynn,,
729299,2014,2014-04-24,Sharjah Cricket Stadium,1,11.4,Kolkata Knight Riders,Royal Challengers Bangalore,YK Pathan,JH Kallis,VR Aaron,0,0,,,,,,,,,
729299,2014,2014-04-24,Sharjah Cricket Stadium,1,11.5,Kolkata Knight Riders,Royal Challengers Bangalore,YK Pathan,JH Kallis,VR Aaron,0,0,,,,,,caught,YK Pathan,,
729299,2014,2014-04-24,Sharjah Cricket Stadium,1,11.6,Kolkata Knight Riders,Royal Challengers Bangalore,RV Uthappa,JH Kallis,VR Aaron,1,0,,,,,,,,,
729299,2014,2014-04-24,Sharjah Cricket Stadium,1,12.1,Kolkata Knight Riders,Royal Challengers Bangalore,RV Uthappa,JH Kallis,AB Dinda,1,0,,,,,,,,,
729299,2014,2014-04-24,Sharjah Cricket Stadium,1,12.2,Kolkata Knight Riders,Royal Challengers Bangalore,JH Kallis,RV Uthappa,AB Dinda,1,0,,,,,,,,,
729299,2014,2014-04-24,Sharjah Cricket Stadium,1,12.3,Kolkata Knight Riders,Royal Challengers Bangalore,RV Uthappa,JH Kallis,AB Dinda,2,0,,,,,,,,,
729299,2014,2014-04-24,Sharjah Cricket Stadium,1,12.4,Kolkata Knight Riders,Royal Challengers Bangalore,RV Uthappa,JH Kallis,AB Dinda,0,0,,,,,,,,,
729299,2014,2014-04-24,Sharjah Cricket Stadium,1,12.5,Kolkata Knight Riders,Royal Challengers Bangalore,RV Uthappa,JH Kallis,AB Dinda,1,0,,,,,,,,,
729299,2014,2014-04-24,Sharjah Cricket Stadium,1,12.6,Kolkata Knight Riders,Royal Challengers Bangalore,JH Kallis,RV Uthappa,AB Dinda,0,0,,,,,,,,,
729299,2014,2014-04-24,Sharjah Cricket Stadium,1,13.1,Kolkata Knight Riders,Royal Challengers Bangalore,RV Uthappa,JH Kallis,YS Chahal,1,0,,,,,,,,,
729299,2014,2014-04-24,Sharjah Cricket Stadium,1,13.2,Kolkata Knight Riders,Royal Challengers Bangalore,JH Kallis,RV Uthappa,YS Chahal,0,0,,,,,,,,,
729299,2014,2014-04-24,Sharjah Cricket Stadium,1,13.3,Kolkata Knight Riders,Royal Challengers Bangalore,JH Kallis,RV Uthappa,YS Chahal,1,0,,,,,,,,,
729299,2014,2014-04-24,Sharjah Cricket Stadium,1,13.4,Kolkata Knight Riders,Royal Challengers Bangalore,RV Uthappa,JH Kallis,YS Chahal,1,0,,,,,,,,,
729299,2014,2014-04-24,Sharjah Cricket Stadium,1,13.5,Kolkata Knight Riders,Royal Challengers Bangalore,JH Kallis,RV Uthappa,YS Chahal,1,0,,,,,,,,,
729299,2014,2014-04-24,Sharjah Cricket Stadium,1,13.6,Kolkata Knight Riders,Royal Challengers Bangalore,RV Uthappa,JH Kallis,YS Chahal,0,0,,,,,,,,,
729299,2014,2014-04-24,Sharjah Cricket Stadium,1,14.1,Kolkata Knight Riders,Royal Challengers Bangalore,JH Kallis,RV Uthappa,AB Dinda,1,0,,,,,,,,,
729299,2014,2014-04-24,Sharjah Cricket Stadium,1,14.2,Kolkata Knight Riders,Royal Challengers Bangalore,RV Uthappa,JH Kallis,AB Dinda,0,0,,,,,,,,,
729299,2014,2014-04-24,Sharjah Cricket Stadium,1,14.3,Kolkata Knight Riders,Royal Challengers Bangalore,RV Uthappa,JH Kallis,AB Dinda,2,0,,,,,,,,,
729299,2014,2014-04-24,Sharjah Cricket Stadium,1,14.4,Kolkata Knight Riders,Royal Challengers Bangalore,RV Uthappa,JH Kallis,AB Dinda,1,0,,,,,,,,,
729299,2014,2014-04-24,Sharjah Cricket Stadium,1,14.5,Kolkata Knight Riders,Royal Challengers Bangalore,JH Kallis,RV Uthappa,AB Dinda,1,0,,,,,,,,,
729299,2014,2014-04-24,Sharjah Cricket Stadium,1,14.6,Kolkata Knight Riders,Royal Challengers Bangalore,RV Uthappa,JH Kallis,AB Dinda,1,0,,,,,,,,,
729299,2014,2014-04-24,Sharjah Cricket Stadium,1,15.1,Kolkata Knight Riders,Royal Challengers Bangalore,RV Uthappa,JH Kallis,YS Chahal,1,0,,,,,,,,,
729299,2014,2014-04-24,Sharjah Cricket Stadium,1,15.2,Kolkata Knight Riders,Royal Challengers Bangalore,JH Kallis,RV Uthappa,YS Chahal,0,0,,,,,,caught,JH Kallis,,
729299,2014,2014-04-24,Sharjah Cricket Stadium,1,15.3,Kolkata Knight Riders,Royal Challengers Bangalore,RV Uthappa,SA Yadav,YS Chahal,1,0,,,,,,,,,
729299,2014,2014-04-24,Sharjah Cricket Stadium,1,15.4,Kolkata Knight Riders,Royal Challengers Bangalore,SA Yadav,RV Uthappa,YS Chahal,2,0,,,,,,,,,
729299,2014,2014-04-24,Sharjah Cricket Stadium,1,15.5,Kolkata Knight Riders,Royal Challengers Bangalore,SA Yadav,RV Uthappa,YS Chahal,1,0,,,,,,,,,
729299,2014,2014-04-24,Sharjah Cricket Stadium,1,15.6,Kolkata Knight Riders,Royal Challengers Bangalore,RV Uthappa,SA Yadav,YS Chahal,2,0,,,,,,,,,
729299,2014,2014-04-24,Sharjah Cricket Stadium,1,16.1,Kolkata Knight Riders,Royal Challengers Bangalore,SA Yadav,RV Uthappa,MA Starc,0,0,,,,,,,,,
729299,2014,2014-04-24,Sharjah Cricket Stadium,1,16.2,Kolkata Knight Riders,Royal Challengers Bangalore,SA Yadav,RV Uthappa,MA Starc,2,0,,,,,,,,,
729299,2014,2014-04-24,Sharjah Cricket Stadium,1,16.3,Kolkata Knight Riders,Royal Challengers Bangalore,SA Yadav,RV Uthappa,MA Starc,1,0,,,,,,,,,
729299,2014,2014-04-24,Sharjah Cricket Stadium,1,16.4,Kolkata Knight Riders,Royal Challengers Bangalore,RV Uthappa,SA Yadav,MA Starc,6,0,,,,,,,,,
729299,2014,2014-04-24,Sharjah Cricket Stadium,1,16.5,Kolkata Knight Riders,Royal Challengers Bangalore,RV Uthappa,SA Yadav,MA Starc,1,0,,,,,,,,,
729299,2014,2014-04-24,Sharjah Cricket Stadium,1,16.6,Kolkata Knight Riders,Royal Challengers Bangalore,SA Yadav,RV Uthappa,MA Starc,6,0,,,,,,,,,
729299,2014,2014-04-24,Sharjah Cricket Stadium,1,17.1,Kolkata Knight Riders,Royal Challengers Bangalore,RV Uthappa,SA Yadav,VR Aaron,0,0,,,,,,caught,RV Uthappa,,
729299,2014,2014-04-24,Sharjah Cricket Stadium,1,17.2,Kolkata Knight Riders,Royal Challengers Bangalore,SA Yadav,R Vinay Kumar,VR Aaron,0,0,,,,,,,,,
729299,2014,2014-04-24,Sharjah Cricket Stadium,1,17.3,Kolkata Knight Riders,Royal Challengers Bangalore,SA Yadav,R Vinay Kumar,VR Aaron,0,0,,,,,,,,,
729299,2014,2014-04-24,Sharjah Cricket Stadium,1,17.4,Kolkata Knight Riders,Royal Challengers Bangalore,SA Yadav,R Vinay Kumar,VR Aaron,1,0,,,,,,,,,
729299,2014,2014-04-24,Sharjah Cricket Stadium,1,17.5,Kolkata Knight Riders,Royal Challengers Bangalore,R Vinay Kumar,SA Yadav,VR Aaron,0,1,1,,,,,,,,
729299,2014,2014-04-24,Sharjah Cricket Stadium,1,17.6,Kolkata Knight Riders,Royal Challengers Bangalore,R Vinay Kumar,SA Yadav,VR Aaron,1,0,,,,,,,,,
729299,2014,2014-04-24,Sharjah Cricket Stadium,1,17.7,Kolkata Knight Riders,Royal Challengers Bangalore,SA Yadav,R Vinay Kumar,VR Aaron,1,0,,,,,,,,,
729299,2014,2014-04-24,Sharjah Cricket Stadium,1,18.1,Kolkata Knight Riders,Royal Challengers Bangalore,SA Yadav,R Vinay Kumar,AB Dinda,4,0,,,,,,,,,
729299,2014,2014-04-24,Sharjah Cricket Stadium,1,18.2,Kolkata Knight Riders,Royal Challengers Bangalore,SA Yadav,R Vinay Kumar,AB Dinda,2,0,,,,,,,,,
729299,2014,2014-04-24,Sharjah Cricket Stadium,1,18.3,Kolkata Knight Riders,Royal Challengers Bangalore,SA Yadav,R Vinay Kumar,AB Dinda,0,1,,,,1,,,,,
729299,2014,2014-04-24,Sharjah Cricket Stadium,1,18.4,Kolkata Knight Riders,Royal Challengers Bangalore,R Vinay Kumar,SA Yadav,AB Dinda,1,0,,,,,,,,,
729299,2014,2014-04-24,Sharjah Cricket Stadium,1,18.5,Kolkata Knight Riders,Royal Challengers Bangalore,SA Yadav,R Vinay Kumar,AB Dinda,0,0,,,,,,,,,
729299,2014,2014-04-24,Sharjah Cricket Stadium,1,18.6,Kolkata Knight Riders,Royal Challengers Bangalore,SA Yadav,R Vinay Kumar,AB Dinda,1,0,,,,,,,,,
729299,2014,2014-04-24,Sharjah Cricket Stadium,1,19.1,Kolkata Knight Riders,Royal Challengers Bangalore,SA Yadav,R Vinay Kumar,MA Starc,0,1,1,,,,,,,,
729299,2014,2014-04-24,Sharjah Cricket Stadium,1,19.2,Kolkata Knight Riders,Royal Challengers Bangalore,SA Yadav,R Vinay Kumar,MA Starc,0,1,,,,1,,,,,
729299,2014,2014-04-24,Sharjah Cricket Stadium,1,19.3,Kolkata Knight Riders,Royal Challengers Bangalore,R Vinay Kumar,SA Yadav,MA Starc,0,1,,,1,,,,,,
729299,2014,2014-04-24,Sharjah Cricket Stadium,1,19.4,Kolkata Knight Riders,Royal Challengers Bangalore,SA Yadav,R Vinay Kumar,MA Starc,2,0,,,,,,,,,
729299,2014,2014-04-24,Sharjah Cricket Stadium,1,19.5,Kolkata Knight Riders,Royal Challengers Bangalore,SA Yadav,R Vinay Kumar,MA Starc,1,0,,,,,,,,,
729299,2014,2014-04-24,Sharjah Cricket Stadium,1,19.6,Kolkata Knight Riders,Royal Challengers Bangalore,R Vinay Kumar,SA Yadav,MA Starc,2,0,,,,,,,,,
729299,2014,2014-04-24,Sharjah Cricket Stadium,1,19.7,Kolkata Knight Riders,Royal Challengers Bangalore,R Vinay Kumar,SA Yadav,MA Starc,0,0,,,,,,caught,R Vinay Kumar,,
729299,2014,2014-04-24,Sharjah Cricket Stadium,2,0.1,Royal Challengers Bangalore,Kolkata Knight Riders,PA Patel,YV Takawale,UT Yadav,0,0,,,,,,,,,
729299,2014,2014-04-24,Sharjah Cricket Stadium,2,0.2,Royal Challengers Bangalore,Kolkata Knight Riders,PA Patel,YV Takawale,UT Yadav,2,0,,,,,,,,,
729299,2014,2014-04-24,Sharjah Cricket Stadium,2,0.3,Royal Challengers Bangalore,Kolkata Knight Riders,PA Patel,YV Takawale,UT Yadav,0,0,,,,,,,,,
729299,2014,2014-04-24,Sharjah Cricket Stadium,2,0.4,Royal Challengers Bangalore,Kolkata Knight Riders,PA Patel,YV Takawale,UT Yadav,4,0,,,,,,,,,
729299,2014,2014-04-24,Sharjah Cricket Stadium,2,0.5,Royal Challengers Bangalore,Kolkata Knight Riders,PA Patel,YV Takawale,UT Yadav,1,0,,,,,,,,,
729299,2014,2014-04-24,Sharjah Cricket Stadium,2,0.6,Royal Challengers Bangalore,Kolkata Knight Riders,YV Takawale,PA Patel,UT Yadav,0,1,1,,,,,,,,
729299,2014,2014-04-24,Sharjah Cricket Stadium,2,0.7,Royal Challengers Bangalore,Kolkata Knight Riders,YV Takawale,PA Patel,UT Yadav,0,0,,,,,,,,,
729299,2014,2014-04-24,Sharjah Cricket Stadium,2,1.1,Royal Challengers Bangalore,Kolkata Knight Riders,PA Patel,YV Takawale,M Morkel,1,0,,,,,,,,,
729299,2014,2014-04-24,Sharjah Cricket Stadium,2,1.2,Royal Challengers Bangalore,Kolkata Knight Riders,YV Takawale,PA Patel,M Morkel,0,0,,,,,,,,,
729299,2014,2014-04-24,Sharjah Cricket Stadium,2,1.3,Royal Challengers Bangalore,Kolkata Knight Riders,YV Takawale,PA Patel,M Morkel,1,0,,,,,,,,,
729299,2014,2014-04-24,Sharjah Cricket Stadium,2,1.4,Royal Challengers Bangalore,Kolkata Knight Riders,PA Patel,YV Takawale,M Morkel,0,0,,,,,,,,,
729299,2014,2014-04-24,Sharjah Cricket Stadium,2,1.5,Royal Challengers Bangalore,Kolkata Knight Riders,PA Patel,YV Takawale,M Morkel,0,0,,,,,,,,,
729299,2014,2014-04-24,Sharjah Cricket Stadium,2,1.6,Royal Challengers Bangalore,Kolkata Knight Riders,PA Patel,YV Takawale,M Morkel,0,0,,,,,,,,,
729299,2014,2014-04-24,Sharjah Cricket Stadium,2,2.1,Royal Challengers Bangalore,Kolkata Knight Riders,YV Takawale,PA Patel,UT Yadav,0,0,,,,,,,,,
729299,2014,2014-04-24,Sharjah Cricket Stadium,2,2.2,Royal Challengers Bangalore,Kolkata Knight Riders,YV Takawale,PA Patel,UT Yadav,1,0,,,,,,,,,
729299,2014,2014-04-24,Sharjah Cricket Stadium,2,2.3,Royal Challengers Bangalore,Kolkata Knight Riders,PA Patel,YV Takawale,UT Yadav,4,0,,,,,,,,,
729299,2014,2014-04-24,Sharjah Cricket Stadium,2,2.4,Royal Challengers Bangalore,Kolkata Knight Riders,PA Patel,YV Takawale,UT Yadav,1,0,,,,,,,,,
729299,2014,2014-04-24,Sharjah Cricket Stadium,2,2.5,Royal Challengers Bangalore,Kolkata Knight Riders,YV Takawale,PA Patel,UT Yadav,0,0,,,,,,,,,
729299,2014,2014-04-24,Sharjah Cricket Stadium,2,2.6,Royal Challengers Bangalore,Kolkata Knight Riders,YV Takawale,PA Patel,UT Yadav,4,0,,,,,,,,,
729299,2014,2014-04-24,Sharjah Cricket Stadium,2,3.1,Royal Challengers Bangalore,Kolkata Knight Riders,PA Patel,YV Takawale,M Morkel,0,1,,,,1,,,,,
729299,2014,2014-04-24,Sharjah Cricket Stadium,2,3.2,Royal Challengers Bangalore,Kolkata Knight Riders,YV Takawale,PA Patel,M Morkel,4,0,,,,,,,,,
729299,2014,2014-04-24,Sharjah Cricket Stadium,2,3.3,Royal Challengers Bangalore,Kolkata Knight Riders,YV Takawale,PA Patel,M Morkel,0,0,,,,,,,,,
729299,2014,2014-04-24,Sharjah Cricket Stadium,2,3.4,Royal Challengers Bangalore,Kolkata Knight Riders,YV Takawale,PA Patel,M Morkel,4,0,,,,,,,,,
729299,2014,2014-04-24,Sharjah Cricket Stadium,2,3.5,Royal Challengers Bangalore,Kolkata Knight Riders,YV Takawale,PA Patel,M Morkel,4,0,,,,,,,,,
729299,2014,2014-04-24,Sharjah Cricket Stadium,2,3.6,Royal Challengers Bangalore,Kolkata Knight Riders,YV Takawale,PA Patel,M Morkel,0,0,,,,,,,,,
729299,2014,2014-04-24,Sharjah Cricket Stadium,2,4.1,Royal Challengers Bangalore,Kolkata Knight Riders,PA Patel,YV Takawale,SP Narine,1,0,,,,,,,,,
729299,2014,2014-04-24,Sharjah Cricket Stadium,2,4.2,Royal Challengers Bangalore,Kolkata Knight Riders,YV Takawale,PA Patel,SP Narine,0,0,,,,,,,,,
729299,2014,2014-04-24,Sharjah Cricket Stadium,2,4.3,Royal Challengers Bangalore,Kolkata Knight Riders,YV Takawale,PA Patel,SP Narine,0,0,,,,,,,,,
729299,2014,2014-04-24,Sharjah Cricket Stadium,2,4.4,Royal Challengers Bangalore,Kolkata Knight Riders,YV Takawale,PA Patel,SP Narine,0,0,,,,,,,,,
729299,2014,2014-04-24,Sharjah Cricket Stadium,2,4.5,Royal Challengers Bangalore,Kolkata Knight Riders,YV Takawale,PA Patel,SP Narine,0,0,,,,,,,,,
729299,2014,2014-04-24,Sharjah Cricket Stadium,2,4.6,Royal Challengers Bangalore,Kolkata Knight Riders,YV Takawale,PA Patel,SP Narine,0,0,,,,,,,,,
729299,2014,2014-04-24,Sharjah Cricket Stadium,2,5.1,Royal Challengers Bangalore,Kolkata Knight Riders,PA Patel,YV Takawale,M Morkel,1,0,,,,,,,,,
729299,2014,2014-04-24,Sharjah Cricket Stadium,2,5.2,Royal Challengers Bangalore,Kolkata Knight Riders,YV Takawale,PA Patel,M Morkel,2,0,,,,,,,,,
729299,2014,2014-04-24,Sharjah Cricket Stadium,2,5.3,Royal Challengers Bangalore,Kolkata Knight Riders,YV Takawale,PA Patel,M Morkel,4,0,,,,,,,,,
729299,2014,2014-04-24,Sharjah Cricket Stadium,2,5.4,Royal Challengers Bangalore,Kolkata Knight Riders,YV Takawale,PA Patel,M Morkel,4,0,,,,,,,,,
729299,2014,2014-04-24,Sharjah Cricket Stadium,2,5.5,Royal Challengers Bangalore,Kolkata Knight Riders,YV Takawale,PA Patel,M Morkel,0,0,,,,,,,,,
729299,2014,2014-04-24,Sharjah Cricket Stadium,2,5.6,Royal Challengers Bangalore,Kolkata Knight Riders,YV Takawale,PA Patel,M Morkel,4,0,,,,,,,,,
729299,2014,2014-04-24,Sharjah Cricket Stadium,2,6.1,Royal Challengers Bangalore,Kolkata Knight Riders,PA Patel,YV Takawale,R Vinay Kumar,4,0,,,,,,,,,
729299,2014,2014-04-24,Sharjah Cricket Stadium,2,6.2,Royal Challengers Bangalore,Kolkata Knight Riders,PA Patel,YV Takawale,R Vinay Kumar,1,0,,,,,,,,,
729299,2014,2014-04-24,Sharjah Cricket Stadium,2,6.3,Royal Challengers Bangalore,Kolkata Knight Riders,YV Takawale,PA Patel,R Vinay Kumar,2,0,,,,,,,,,
729299,2014,2014-04-24,Sharjah Cricket Stadium,2,6.4,Royal Challengers Bangalore,Kolkata Knight Riders,YV Takawale,PA Patel,R Vinay Kumar,0,4,,,,4,,,,,
729299,2014,2014-04-24,Sharjah Cricket Stadium,2,6.5,Royal Challengers Bangalore,Kolkata Knight Riders,YV Takawale,PA Patel,R Vinay Kumar,1,0,,,,,,,,,
729299,2014,2014-04-24,Sharjah Cricket Stadium,2,6.6,Royal Challengers Bangalore,Kolkata Knight Riders,PA Patel,YV Takawale,R Vinay Kumar,0,0,,,,,,,,,
729299,2014,2014-04-24,Sharjah Cricket Stadium,2,7.1,Royal Challengers Bangalore,Kolkata Knight Riders,YV Takawale,PA Patel,JH Kallis,1,0,,,,,,,,,
729299,2014,2014-04-24,Sharjah Cricket Stadium,2,7.2,Royal Challengers Bangalore,Kolkata Knight Riders,PA Patel,YV Takawale,JH Kallis,1,0,,,,,,,,,
729299,2014,2014-04-24,Sharjah Cricket Stadium,2,7.3,Royal Challengers Bangalore,Kolkata Knight Riders,YV Takawale,PA Patel,JH Kallis,4,0,,,,,,,,,
729299,2014,2014-04-24,Sharjah Cricket Stadium,2,7.4,Royal Challengers Bangalore,Kolkata Knight Riders,YV Takawale,PA Patel,JH Kallis,0,0,,,,,,lbw,YV Takawale,,
729299,2014,2014-04-24,Sharjah Cricket Stadium,2,7.5,Royal Challengers Bangalore,Kolkata Knight Riders,V Kohli,PA Patel,JH Kallis,0,0,,,,,,,,,
729299,2014,2014-04-24,Sharjah Cricket Stadium,2,7.6,Royal Challengers Bangalore,Kolkata Knight Riders,V Kohli,PA Patel,JH Kallis,0,0,,,,,,,,,
729299,2014,2014-04-24,Sharjah Cricket Stadium,2,8.1,Royal Challengers Bangalore,Kolkata Knight Riders,PA Patel,V Kohli,R Vinay Kumar,0,0,,,,,,caught,PA Patel,,
729299,2014,2014-04-24,Sharjah Cricket Stadium,2,8.2,Royal Challengers Bangalore,Kolkata Knight Riders,Yuvraj Singh,V Kohli,R Vinay Kumar,0,1,1,,,,,,,,
729299,2014,2014-04-24,Sharjah Cricket Stadium,2,8.3,Royal Challengers Bangalore,Kolkata Knight Riders,Yuvraj Singh,V Kohli,R Vinay Kumar,1,0,,,,,,,,,
729299,2014,2014-04-24,Sharjah Cricket Stadium,2,8.4,Royal Challengers Bangalore,Kolkata Knight Riders,V Kohli,Yuvraj Singh,R Vinay Kumar,1,0,,,,,,,,,
729299,2014,2014-04-24,Sharjah Cricket Stadium,2,8.5,Royal Challengers Bangalore,Kolkata Knight Riders,Yuvraj Singh,V Kohli,R Vinay Kumar,1,0,,,,,,,,,
729299,2014,2014-04-24,Sharjah Cricket Stadium,2,8.6,Royal Challengers Bangalore,Kolkata Knight Riders,V Kohli,Yuvraj Singh,R Vinay Kumar,1,0,,,,,,,,,
729299,2014,2014-04-24,Sharjah Cricket Stadium,2,8.7,Royal Challengers Bangalore,Kolkata Knight Riders,Yuvraj Singh,V Kohli,R Vinay Kumar,0,0,,,,,,,,,
729299,2014,2014-04-24,Sharjah Cricket Stadium,2,9.1,Royal Challengers Bangalore,Kolkata Knight Riders,V Kohli,Yuvraj Singh,M Morkel,1,0,,,,,,,,,
729299,2014,2014-04-24,Sharjah Cricket Stadium,2,9.2,Royal Challengers Bangalore,Kolkata Knight Riders,Yuvraj Singh,V Kohli,M Morkel,0,0,,,,,,,,,
729299,2014,2014-04-24,Sharjah Cricket Stadium,2,9.3,Royal Challengers Bangalore,Kolkata Knight Riders,Yuvraj Singh,V Kohli,M Morkel,1,0,,,,,,,,,
729299,2014,2014-04-24,Sharjah Cricket Stadium,2,9.4,Royal Challengers Bangalore,Kolkata Knight Riders,V Kohli,Yuvraj Singh,M Morkel,3,0,,,,,,,,,
729299,2014,2014-04-24,Sharjah Cricket Stadium,2,9.5,Royal Challengers Bangalore,Kolkata Knight Riders,Yuvraj Singh,V Kohli,M Morkel,0,0,,,,,,,,,
729299,2014,2014-04-24,Sharjah Cricket Stadium,2,9.6,Royal Challengers Bangalore,Kolkata Knight Riders,Yuvraj Singh,V Kohli,M Morkel,0,0,,,,,,,,,
729299,2014,2014-04-24,Sharjah Cricket Stadium,2,10.1,Royal Challengers Bangalore,Kolkata Knight Riders,V Kohli,Yuvraj Singh,UT Yadav,0,0,,,,,,,,,
729299,2014,2014-04-24,Sharjah Cricket Stadium,2,10.2,Royal Challengers Bangalore,Kolkata Knight Riders,V Kohli,Yuvraj Singh,UT Yadav,1,0,,,,,,,,,
729299,2014,2014-04-24,Sharjah Cricket Stadium,2,10.3,Royal Challengers Bangalore,Kolkata Knight Riders,Yuvraj Singh,V Kohli,UT Yadav,6,0,,,,,,,,,
729299,2014,2014-04-24,Sharjah Cricket Stadium,2,10.4,Royal Challengers Bangalore,Kolkata Knight Riders,Yuvraj Singh,V Kohli,UT Yadav,1,0,,,,,,,,,
729299,2014,2014-04-24,Sharjah Cricket Stadium,2,10.5,Royal Challengers Bangalore,Kolkata Knight Riders,V Kohli,Yuvraj Singh,UT Yadav,4,0,,,,,,,,,
729299,2014,2014-04-24,Sharjah Cricket Stadium,2,10.6,Royal Challengers Bangalore,Kolkata Knight Riders,V Kohli,Yuvraj Singh,UT Yadav,1,0,,,,,,,,,
729299,2014,2014-04-24,Sharjah Cricket Stadium,2,11.1,Royal Challengers Bangalore,Kolkata Knight Riders,V Kohli,Yuvraj Singh,SP Narine,1,0,,,,,,,,,
729299,2014,2014-04-24,Sharjah Cricket Stadium,2,11.2,Royal Challengers Bangalore,Kolkata Knight Riders,Yuvraj Singh,V Kohli,SP Narine,0,0,,,,,,,,,
729299,2014,2014-04-24,Sharjah Cricket Stadium,2,11.3,Royal Challengers Bangalore,Kolkata Knight Riders,Yuvraj Singh,V Kohli,SP Narine,0,0,,,,,,,,,
729299,2014,2014-04-24,Sharjah Cricket Stadium,2,11.4,Royal Challengers Bangalore,Kolkata Knight Riders,Yuvraj Singh,V Kohli,SP Narine,0,0,,,,,,,,,
729299,2014,2014-04-24,Sharjah Cricket Stadium,2,11.5,Royal Challengers Bangalore,Kolkata Knight Riders,Yuvraj Singh,V Kohli,SP Narine,2,0,,,,,,,,,
729299,2014,2014-04-24,Sharjah Cricket Stadium,2,11.6,Royal Challengers Bangalore,Kolkata Knight Riders,Yuvraj Singh,V Kohli,SP Narine,0,0,,,,,,,,,
729299,2014,2014-04-24,Sharjah Cricket Stadium,2,12.1,Royal Challengers Bangalore,Kolkata Knight Riders,V Kohli,Yuvraj Singh,JH Kallis,4,0,,,,,,,,,
729299,2014,2014-04-24,Sharjah Cricket Stadium,2,12.2,Royal Challengers Bangalore,Kolkata Knight Riders,V Kohli,Yuvraj Singh,JH Kallis,4,0,,,,,,,,,
729299,2014,2014-04-24,Sharjah Cricket Stadium,2,12.3,Royal Challengers Bangalore,Kolkata Knight Riders,V Kohli,Yuvraj Singh,JH Kallis,1,0,,,,,,,,,
729299,2014,2014-04-24,Sharjah Cricket Stadium,2,12.4,Royal Challengers Bangalore,Kolkata Knight Riders,Yuvraj Singh,V Kohli,JH Kallis,0,0,,,,,,,,,
729299,2014,2014-04-24,Sharjah Cricket Stadium,2,12.5,Royal Challengers Bangalore,Kolkata Knight Riders,Yuvraj Singh,V Kohli,JH Kallis,1,0,,,,,,,,,
729299,2014,2014-04-24,Sharjah Cricket Stadium,2,12.6,Royal Challengers Bangalore,Kolkata Knight Riders,V Kohli,Yuvraj Singh,JH Kallis,0,0,,,,,,,,,
729299,2014,2014-04-24,Sharjah Cricket Stadium,2,13.1,Royal Challengers Bangalore,Kolkata Knight Riders,Yuvraj Singh,V Kohli,SP Narine,1,0,,,,,,,,,
729299,2014,2014-04-24,Sharjah Cricket Stadium,2,13.2,Royal Challengers Bangalore,Kolkata Knight Riders,V Kohli,Yuvraj Singh,SP Narine,1,0,,,,,,,,,
729299,2014,2014-04-24,Sharjah Cricket Stadium,2,13.3,Royal Challengers Bangalore,Kolkata Knight Riders,Yuvraj Singh,V Kohli,SP Narine,2,0,,,,,,,,,
729299,2014,2014-04-24,Sharjah Cricket Stadium,2,13.4,Royal Challengers Bangalore,Kolkata Knight Riders,Yuvraj Singh,V Kohli,SP Narine,2,0,,,,,,,,,
729299,2014,2014-04-24,Sharjah Cricket Stadium,2,13.5,Royal Challengers Bangalore,Kolkata Knight Riders,Yuvraj Singh,V Kohli,SP Narine,0,0,,,,,,,,,
729299,2014,2014-04-24,Sharjah Cricket Stadium,2,13.6,Royal Challengers Bangalore,Kolkata Knight Riders,Yuvraj Singh,V Kohli,SP Narine,0,0,,,,,,,,,
729299,2014,2014-04-24,Sharjah Cricket Stadium,2,14.1,Royal Challengers Bangalore,Kolkata Knight Riders,V Kohli,Yuvraj Singh,JH Kallis,1,0,,,,,,,,,
729299,2014,2014-04-24,Sharjah Cricket Stadium,2,14.2,Royal Challengers Bangalore,Kolkata Knight Riders,Yuvraj Singh,V Kohli,JH Kallis,0,0,,,,,,,,,
729299,2014,2014-04-24,Sharjah Cricket Stadium,2,14.3,Royal Challengers Bangalore,Kolkata Knight Riders,Yuvraj Singh,V Kohli,JH Kallis,0,0,,,,,,,,,
729299,2014,2014-04-24,Sharjah Cricket Stadium,2,14.4,Royal Challengers Bangalore,Kolkata Knight Riders,Yuvraj Singh,V Kohli,JH Kallis,4,0,,,,,,,,,
729299,2014,2014-04-24,Sharjah Cricket Stadium,2,14.5,Royal Challengers Bangalore,Kolkata Knight Riders,Yuvraj Singh,V Kohli,JH Kallis,1,0,,,,,,,,,
729299,2014,2014-04-24,Sharjah Cricket Stadium,2,14.6,Royal Challengers Bangalore,Kolkata Knight Riders,V Kohli,Yuvraj Singh,JH Kallis,1,0,,,,,,,,,
729299,2014,2014-04-24,Sharjah Cricket Stadium,2,15.1,Royal Challengers Bangalore,Kolkata Knight Riders,V Kohli,Yuvraj Singh,SP Narine,0,0,,,,,,,,,
729299,2014,2014-04-24,Sharjah Cricket Stadium,2,15.2,Royal Challengers Bangalore,Kolkata Knight Riders,V Kohli,Yuvraj Singh,SP Narine,2,0,,,,,,,,,
729299,2014,2014-04-24,Sharjah Cricket Stadium,2,15.3,Royal Challengers Bangalore,Kolkata Knight Riders,V Kohli,Yuvraj Singh,SP Narine,0,0,,,,,,,,,
729299,2014,2014-04-24,Sharjah Cricket Stadium,2,15.4,Royal Challengers Bangalore,Kolkata Knight Riders,V Kohli,Yuvraj Singh,SP Narine,4,0,,,,,,,,,
729299,2014,2014-04-24,Sharjah Cricket Stadium,2,15.5,Royal Challengers Bangalore,Kolkata Knight Riders,V Kohli,Yuvraj Singh,SP Narine,0,0,,,,,,bowled,V Kohli,,
729299,2014,2014-04-24,Sharjah Cricket Stadium,2,15.6,Royal Challengers Bangalore,Kolkata Knight Riders,AB de Villiers,Yuvraj Singh,SP Narine,1,0,,,,,,,,,
729299,2014,2014-04-24,Sharjah Cricket Stadium,2,16.1,Royal Challengers Bangalore,Kolkata Knight Riders,AB de Villiers,Yuvraj Singh,JH Kallis,0,0,,,,,,,,,
729299,2014,2014-04-24,Sharjah Cricket Stadium,2,16.2,Royal Challengers Bangalore,Kolkata Knight Riders,AB de Villiers,Yuvraj Singh,JH Kallis,1,0,,,,,,,,,
729299,2014,2014-04-24,Sharjah Cricket Stadium,2,16.3,Royal Challengers Bangalore,Kolkata Knight Riders,Yuvraj Singh,AB de Villiers,JH Kallis,0,0,,,,,,,,,
729299,2014,2014-04-24,Sharjah Cricket Stadium,2,16.4,Royal Challengers Bangalore,Kolkata Knight Riders,Yuvraj Singh,AB de Villiers,JH Kallis,1,0,,,,,,,,,
729299,2014,2014-04-24,Sharjah Cricket Stadium,2,16.5,Royal Challengers Bangalore,Kolkata Knight Riders,AB de Villiers,Yuvraj Singh,JH Kallis,0,0,,,,,,,,,
729299,2014,2014-04-24,Sharjah Cricket Stadium,2,16.6,Royal Challengers Bangalore,Kolkata Knight Riders,AB de Villiers,Yuvraj Singh,JH Kallis,1,0,,,,,,,,,
729299,2014,2014-04-24,Sharjah Cricket Stadium,2,17.1,Royal Challengers Bangalore,Kolkata Knight Riders,AB de Villiers,Yuvraj Singh,R Vinay Kumar,1,0,,,,,,,,,
729299,2014,2014-04-24,Sharjah Cricket Stadium,2,17.2,Royal Challengers Bangalore,Kolkata Knight Riders,Yuvraj Singh,AB de Villiers,R Vinay Kumar,0,0,,,,,,,,,
729299,2014,2014-04-24,Sharjah Cricket Stadium,2,17.3,Royal Challengers Bangalore,Kolkata Knight Riders,Yuvraj Singh,AB de Villiers,R Vinay Kumar,0,0,,,,,,,,,
729299,2014,2014-04-24,Sharjah Cricket Stadium,2,17.4,Royal Challengers Bangalore,Kolkata Knight Riders,Yuvraj Singh,AB de Villiers,R Vinay Kumar,4,0,,,,,,,,,
729299,2014,2014-04-24,Sharjah Cricket Stadium,2,17.5,Royal Challengers Bangalore,Kolkata Knight Riders,Yuvraj Singh,AB de Villiers,R Vinay Kumar,1,0,,,,,,,,,
729299,2014,2014-04-24,Sharjah Cricket Stadium,2,17.6,Royal Challengers Bangalore,Kolkata Knight Riders,AB de Villiers,Yuvraj Singh,R Vinay Kumar,1,0,,,,,,,,,
729299,2014,2014-04-24,Sharjah Cricket Stadium,2,18.1,Royal Challengers Bangalore,Kolkata Knight Riders,AB de Villiers,Yuvraj Singh,UT Yadav,4,0,,,,,,,,,
729299,2014,2014-04-24,Sharjah Cricket Stadium,2,18.2,Royal Challengers Bangalore,Kolkata Knight Riders,AB de Villiers,Yuvraj Singh,UT Yadav,1,0,,,,,,,,,
729299,2014,2014-04-24,Sharjah Cricket Stadium,2,18.3,Royal Challengers Bangalore,Kolkata Knight Riders,Yuvraj Singh,AB de Villiers,UT Yadav,0,0,,,,,,,,,
729299,2014,2014-04-24,Sharjah Cricket Stadium,2,18.4,Royal Challengers Bangalore,Kolkata Knight Riders,Yuvraj Singh,AB de Villiers,UT Yadav,2,1,,1,,,,,,,
729299,2014,2014-04-24,Sharjah Cricket Stadium,2,18.5,Royal Challengers Bangalore,Kolkata Knight Riders,Yuvraj Singh,AB de Villiers,UT Yadav,0,0,,,,,,caught,Yuvraj Singh,,
729299,2014,2014-04-24,Sharjah Cricket Stadium,2,18.6,Royal Challengers Bangalore,Kolkata Knight Riders,JA Morkel,AB de Villiers,UT Yadav,1,0,,,,,,,,,
729299,2014,2014-04-24,Sharjah Cricket Stadium,2,18.7,Royal Challengers Bangalore,Kolkata Knight Riders,AB de Villiers,JA Morkel,UT Yadav,0,0,,,,,,,,,
729299,2014,2014-04-24,Sharjah Cricket Stadium,2,19.1,Royal Challengers Bangalore,Kolkata Knight Riders,JA Morkel,AB de Villiers,R Vinay Kumar,1,0,,,,,,,,,
729299,2014,2014-04-24,Sharjah Cricket Stadium,2,19.2,Royal Challengers Bangalore,Kolkata Knight Riders,AB de Villiers,JA Morkel,R Vinay Kumar,1,0,,,,,,,,,
729299,2014,2014-04-24,Sharjah Cricket Stadium,2,19.3,Royal Challengers Bangalore,Kolkata Knight Riders,JA Morkel,AB de Villiers,R Vinay Kumar,1,0,,,,,,,,,
729299,2014,2014-04-24,Sharjah Cricket Stadium,2,19.4,Royal Challengers Bangalore,Kolkata Knight Riders,AB de Villiers,JA Morkel,R Vinay Kumar,0,0,,,,,,caught,AB de Villiers,,
729299,2014,2014-04-24,Sharjah Cricket Stadium,2,19.5,Royal Challengers Bangalore,Kolkata Knight Riders,JA Morkel,MA Starc,R Vinay Kumar,2,0,,,,,,,,,
729299,2014,2014-04-24,Sharjah Cricket Stadium,2,19.6,Royal Challengers Bangalore,Kolkata Knight Riders,JA Morkel,MA Starc,R Vinay Kumar,1,0,,,,,,,,,
