match_id,season,start_date,venue,innings,ball,batting_team,bowling_team,striker,non_striker,bowler,runs_off_bat,extras,wides,noballs,byes,legbyes,penalty,wicket_type,player_dismissed,other_wicket_type,other_player_dismissed
733973,2014,2014-05-03,Wankhede Stadium,1,0.1,Kings XI Punjab,Mumbai Indians,CA Pujara,V Sehwag,Z Khan,0,0,,,,,,,,,
733973,2014,2014-05-03,Wankhede Stadium,1,0.2,Kings XI Punjab,Mumbai Indians,CA Pujara,V Sehwag,Z Khan,4,0,,,,,,,,,
733973,2014,2014-05-03,Wankhede Stadium,1,0.3,Kings XI Punjab,Mumbai Indians,CA Pujara,V Sehwag,Z Khan,0,0,,,,,,,,,
733973,2014,2014-05-03,Wankhede Stadium,1,0.4,Kings XI Punjab,Mumbai Indians,CA Pujara,V Sehwag,Z Khan,0,0,,,,,,,,,
733973,2014,2014-05-03,Wankhede Stadium,1,0.5,Kings XI Punjab,Mumbai Indians,CA Pujara,V Sehwag,Z Khan,0,0,,,,,,,,,
733973,2014,2014-05-03,Wankhede Stadium,1,0.6,Kings XI Punjab,Mumbai Indians,CA Pujara,V Sehwag,Z Khan,1,0,,,,,,,,,
733973,2014,2014-05-03,Wankhede Stadium,1,1.1,Kings XI Punjab,Mumbai Indians,CA Pujara,V Sehwag,JJ Bumrah,0,0,,,,,,,,,
733973,2014,2014-05-03,Wankhede Stadium,1,1.2,Kings XI Punjab,Mumbai Indians,CA Pujara,V Sehwag,JJ Bumrah,0,2,2,,,,,,,,
733973,2014,2014-05-03,Wankhede Stadium,1,1.3,Kings XI Punjab,Mumbai Indians,V Sehwag,CA Pujara,JJ Bumrah,1,0,,,,,,,,,
733973,2014,2014-05-03,Wankhede Stadium,1,1.4,Kings XI Punjab,Mumbai Indians,CA Pujara,V Sehwag,JJ Bumrah,0,0,,,,,,,,,
733973,2014,2014-05-03,Wankhede Stadium,1,1.5,Kings XI Punjab,Mumbai Indians,CA Pujara,V Sehwag,JJ Bumrah,4,0,,,,,,,,,
733973,2014,2014-05-03,Wankhede Stadium,1,1.6,Kings XI Punjab,Mumbai Indians,CA Pujara,V Sehwag,JJ Bumrah,0,1,1,,,,,,,,
733973,2014,2014-05-03,Wankhede Stadium,1,1.7,Kings XI Punjab,Mumbai Indians,CA Pujara,V Sehwag,JJ Bumrah,0,0,,,,,,,,,
733973,2014,2014-05-03,Wankhede Stadium,1,1.8,Kings XI Punjab,Mumbai Indians,CA Pujara,V Sehwag,JJ Bumrah,0,0,,,,,,,,,
733973,2014,2014-05-03,Wankhede Stadium,1,2.1,Kings XI Punjab,Mumbai Indians,V Sehwag,CA Pujara,Z Khan,0,0,,,,,,run out,V Sehwag,,
733973,2014,2014-05-03,Wankhede Stadium,1,2.2,Kings XI Punjab,Mumbai Indians,CA Pujara,WP Saha,Z Khan,1,0,,,,,,,,,
733973,2014,2014-05-03,Wankhede Stadium,1,2.3,Kings XI Punjab,Mumbai Indians,WP Saha,CA Pujara,Z Khan,1,0,,,,,,,,,
733973,2014,2014-05-03,Wankhede Stadium,1,2.4,Kings XI Punjab,Mumbai Indians,CA Pujara,WP Saha,Z Khan,4,0,,,,,,,,,
733973,2014,2014-05-03,Wankhede Stadium,1,2.5,Kings XI Punjab,Mumbai Indians,CA Pujara,WP Saha,Z Khan,0,0,,,,,,,,,
733973,2014,2014-05-03,Wankhede Stadium,1,2.6,Kings XI Punjab,Mumbai Indians,CA Pujara,WP Saha,Z Khan,1,0,,,,,,,,,
733973,2014,2014-05-03,Wankhede Stadium,1,3.1,Kings XI Punjab,Mumbai Indians,CA Pujara,WP Saha,CJ Anderson,4,0,,,,,,,,,
733973,2014,2014-05-03,Wankhede Stadium,1,3.2,Kings XI Punjab,Mumbai Indians,CA Pujara,WP Saha,CJ Anderson,0,0,,,,,,,,,
733973,2014,2014-05-03,Wankhede Stadium,1,3.3,Kings XI Punjab,Mumbai Indians,CA Pujara,WP Saha,CJ Anderson,0,0,,,,,,caught,CA Pujara,,
733973,2014,2014-05-03,Wankhede Stadium,1,3.4,Kings XI Punjab,Mumbai Indians,GJ Maxwell,WP Saha,CJ Anderson,0,0,,,,,,,,,
733973,2014,2014-05-03,Wankhede Stadium,1,3.5,Kings XI Punjab,Mumbai Indians,GJ Maxwell,WP Saha,CJ Anderson,4,0,,,,,,,,,
733973,2014,2014-05-03,Wankhede Stadium,1,3.6,Kings XI Punjab,Mumbai Indians,GJ Maxwell,WP Saha,CJ Anderson,0,1,1,,,,,,,,
733973,2014,2014-05-03,Wankhede Stadium,1,3.7,Kings XI Punjab,Mumbai Indians,GJ Maxwell,WP Saha,CJ Anderson,0,0,,,,,,,,,
733973,2014,2014-05-03,Wankhede Stadium,1,4.1,Kings XI Punjab,Mumbai Indians,WP Saha,GJ Maxwell,JJ Bumrah,0,0,,,,,,,,,
733973,2014,2014-05-03,Wankhede Stadium,1,4.2,Kings XI Punjab,Mumbai Indians,WP Saha,GJ Maxwell,JJ Bumrah,0,0,,,,,,,,,
733973,2014,2014-05-03,Wankhede Stadium,1,4.3,Kings XI Punjab,Mumbai Indians,WP Saha,GJ Maxwell,JJ Bumrah,0,0,,,,,,,,,
733973,2014,2014-05-03,Wankhede Stadium,1,4.4,Kings XI Punjab,Mumbai Indians,WP Saha,GJ Maxwell,JJ Bumrah,1,0,,,,,,,,,
733973,2014,2014-05-03,Wankhede Stadium,1,4.5,Kings XI Punjab,Mumbai Indians,GJ Maxwell,WP Saha,JJ Bumrah,1,0,,,,,,,,,
733973,2014,2014-05-03,Wankhede Stadium,1,4.6,Kings XI Punjab,Mumbai Indians,WP Saha,GJ Maxwell,JJ Bumrah,0,0,,,,,,,,,
733973,2014,2014-05-03,Wankhede Stadium,1,5.1,Kings XI Punjab,Mumbai Indians,GJ Maxwell,WP Saha,SL Malinga,1,0,,,,,,,,,
733973,2014,2014-05-03,Wankhede Stadium,1,5.2,Kings XI Punjab,Mumbai Indians,WP Saha,GJ Maxwell,SL Malinga,0,0,,,,,,,,,
733973,2014,2014-05-03,Wankhede Stadium,1,5.3,Kings XI Punjab,Mumbai Indians,WP Saha,GJ Maxwell,SL Malinga,4,0,,,,,,,,,
733973,2014,2014-05-03,Wankhede Stadium,1,5.4,Kings XI Punjab,Mumbai Indians,WP Saha,GJ Maxwell,SL Malinga,0,0,,,,,,,,,
733973,2014,2014-05-03,Wankhede Stadium,1,5.5,Kings XI Punjab,Mumbai Indians,WP Saha,GJ Maxwell,SL Malinga,0,0,,,,,,,,,
733973,2014,2014-05-03,Wankhede Stadium,1,5.6,Kings XI Punjab,Mumbai Indians,WP Saha,GJ Maxwell,SL Malinga,0,0,,,,,,,,,
733973,2014,2014-05-03,Wankhede Stadium,1,6.1,Kings XI Punjab,Mumbai Indians,GJ Maxwell,WP Saha,JJ Bumrah,0,1,,1,,,,,,,
733973,2014,2014-05-03,Wankhede Stadium,1,6.2,Kings XI Punjab,Mumbai Indians,GJ Maxwell,WP Saha,JJ Bumrah,4,0,,,,,,,,,
733973,2014,2014-05-03,Wankhede Stadium,1,6.3,Kings XI Punjab,Mumbai Indians,GJ Maxwell,WP Saha,JJ Bumrah,0,0,,,,,,,,,
733973,2014,2014-05-03,Wankhede Stadium,1,6.4,Kings XI Punjab,Mumbai Indians,GJ Maxwell,WP Saha,JJ Bumrah,0,0,,,,,,,,,
733973,2014,2014-05-03,Wankhede Stadium,1,6.5,Kings XI Punjab,Mumbai Indians,GJ Maxwell,WP Saha,JJ Bumrah,1,0,,,,,,,,,
733973,2014,2014-05-03,Wankhede Stadium,1,6.6,Kings XI Punjab,Mumbai Indians,WP Saha,GJ Maxwell,JJ Bumrah,0,0,,,,,,,,,
733973,2014,2014-05-03,Wankhede Stadium,1,6.7,Kings XI Punjab,Mumbai Indians,WP Saha,GJ Maxwell,JJ Bumrah,0,0,,,,,,,,,
733973,2014,2014-05-03,Wankhede Stadium,1,7.1,Kings XI Punjab,Mumbai Indians,GJ Maxwell,WP Saha,Harbhajan Singh,1,0,,,,,,,,,
733973,2014,2014-05-03,Wankhede Stadium,1,7.2,Kings XI Punjab,Mumbai Indians,WP Saha,GJ Maxwell,Harbhajan Singh,1,0,,,,,,,,,
733973,2014,2014-05-03,Wankhede Stadium,1,7.3,Kings XI Punjab,Mumbai Indians,GJ Maxwell,WP Saha,Harbhajan Singh,4,0,,,,,,,,,
733973,2014,2014-05-03,Wankhede Stadium,1,7.4,Kings XI Punjab,Mumbai Indians,GJ Maxwell,WP Saha,Harbhajan Singh,1,0,,,,,,,,,
733973,2014,2014-05-03,Wankhede Stadium,1,7.5,Kings XI Punjab,Mumbai Indians,WP Saha,GJ Maxwell,Harbhajan Singh,1,0,,,,,,,,,
733973,2014,2014-05-03,Wankhede Stadium,1,7.6,Kings XI Punjab,Mumbai Indians,GJ Maxwell,WP Saha,Harbhajan Singh,1,0,,,,,,,,,
733973,2014,2014-05-03,Wankhede Stadium,1,8.1,Kings XI Punjab,Mumbai Indians,GJ Maxwell,WP Saha,SL Malinga,6,0,,,,,,,,,
733973,2014,2014-05-03,Wankhede Stadium,1,8.2,Kings XI Punjab,Mumbai Indians,GJ Maxwell,WP Saha,SL Malinga,4,0,,,,,,,,,
733973,2014,2014-05-03,Wankhede Stadium,1,8.3,Kings XI Punjab,Mumbai Indians,GJ Maxwell,WP Saha,SL Malinga,0,0,,,,,,,,,
733973,2014,2014-05-03,Wankhede Stadium,1,8.4,Kings XI Punjab,Mumbai Indians,GJ Maxwell,WP Saha,SL Malinga,1,0,,,,,,,,,
733973,2014,2014-05-03,Wankhede Stadium,1,8.5,Kings XI Punjab,Mumbai Indians,WP Saha,GJ Maxwell,SL Malinga,0,0,,,,,,,,,
733973,2014,2014-05-03,Wankhede Stadium,1,8.6,Kings XI Punjab,Mumbai Indians,WP Saha,GJ Maxwell,SL Malinga,1,0,,,,,,,,,
733973,2014,2014-05-03,Wankhede Stadium,1,9.1,Kings XI Punjab,Mumbai Indians,WP Saha,GJ Maxwell,Harbhajan Singh,0,0,,,,,,,,,
733973,2014,2014-05-03,Wankhede Stadium,1,9.2,Kings XI Punjab,Mumbai Indians,WP Saha,GJ Maxwell,Harbhajan Singh,1,0,,,,,,,,,
733973,2014,2014-05-03,Wankhede Stadium,1,9.3,Kings XI Punjab,Mumbai Indians,GJ Maxwell,WP Saha,Harbhajan Singh,0,1,,,,1,,,,,
733973,2014,2014-05-03,Wankhede Stadium,1,9.4,Kings XI Punjab,Mumbai Indians,WP Saha,GJ Maxwell,Harbhajan Singh,0,0,,,,,,,,,
733973,2014,2014-05-03,Wankhede Stadium,1,9.5,Kings XI Punjab,Mumbai Indians,WP Saha,GJ Maxwell,Harbhajan Singh,1,0,,,,,,,,,
733973,2014,2014-05-03,Wankhede Stadium,1,9.6,Kings XI Punjab,Mumbai Indians,GJ Maxwell,WP Saha,Harbhajan Singh,4,0,,,,,,,,,
733973,2014,2014-05-03,Wankhede Stadium,1,10.1,Kings XI Punjab,Mumbai Indians,WP Saha,GJ Maxwell,KA Pollard,1,0,,,,,,,,,
733973,2014,2014-05-03,Wankhede Stadium,1,10.2,Kings XI Punjab,Mumbai Indians,GJ Maxwell,WP Saha,KA Pollard,0,1,1,,,,,,,,
733973,2014,2014-05-03,Wankhede Stadium,1,10.3,Kings XI Punjab,Mumbai Indians,GJ Maxwell,WP Saha,KA Pollard,2,0,,,,,,,,,
733973,2014,2014-05-03,Wankhede Stadium,1,10.4,Kings XI Punjab,Mumbai Indians,GJ Maxwell,WP Saha,KA Pollard,0,1,,,,1,,,,,
733973,2014,2014-05-03,Wankhede Stadium,1,10.5,Kings XI Punjab,Mumbai Indians,WP Saha,GJ Maxwell,KA Pollard,0,1,,,1,,,,,,
733973,2014,2014-05-03,Wankhede Stadium,1,10.6,Kings XI Punjab,Mumbai Indians,GJ Maxwell,WP Saha,KA Pollard,2,0,,,,,,,,,
733973,2014,2014-05-03,Wankhede Stadium,1,10.7,Kings XI Punjab,Mumbai Indians,GJ Maxwell,WP Saha,KA Pollard,1,0,,,,,,,,,
733973,2014,2014-05-03,Wankhede Stadium,1,11.1,Kings XI Punjab,Mumbai Indians,GJ Maxwell,WP Saha,Harbhajan Singh,6,0,,,,,,,,,
733973,2014,2014-05-03,Wankhede Stadium,1,11.2,Kings XI Punjab,Mumbai Indians,GJ Maxwell,WP Saha,Harbhajan Singh,1,0,,,,,,,,,
733973,2014,2014-05-03,Wankhede Stadium,1,11.3,Kings XI Punjab,Mumbai Indians,WP Saha,GJ Maxwell,Harbhajan Singh,6,0,,,,,,,,,
733973,2014,2014-05-03,Wankhede Stadium,1,11.4,Kings XI Punjab,Mumbai Indians,WP Saha,GJ Maxwell,Harbhajan Singh,1,0,,,,,,,,,
733973,2014,2014-05-03,Wankhede Stadium,1,11.5,Kings XI Punjab,Mumbai Indians,GJ Maxwell,WP Saha,Harbhajan Singh,0,0,,,,,,caught,GJ Maxwell,,
733973,2014,2014-05-03,Wankhede Stadium,1,11.6,Kings XI Punjab,Mumbai Indians,WP Saha,GJ Bailey,Harbhajan Singh,0,0,,,,,,,,,
733973,2014,2014-05-03,Wankhede Stadium,1,12.1,Kings XI Punjab,Mumbai Indians,GJ Bailey,WP Saha,CJ Anderson,4,0,,,,,,,,,
733973,2014,2014-05-03,Wankhede Stadium,1,12.2,Kings XI Punjab,Mumbai Indians,GJ Bailey,WP Saha,CJ Anderson,1,0,,,,,,,,,
733973,2014,2014-05-03,Wankhede Stadium,1,12.3,Kings XI Punjab,Mumbai Indians,WP Saha,GJ Bailey,CJ Anderson,0,0,,,,,,,,,
733973,2014,2014-05-03,Wankhede Stadium,1,12.4,Kings XI Punjab,Mumbai Indians,WP Saha,GJ Bailey,CJ Anderson,1,0,,,,,,,,,
733973,2014,2014-05-03,Wankhede Stadium,1,12.5,Kings XI Punjab,Mumbai Indians,GJ Bailey,WP Saha,CJ Anderson,1,0,,,,,,,,,
733973,2014,2014-05-03,Wankhede Stadium,1,12.6,Kings XI Punjab,Mumbai Indians,WP Saha,GJ Bailey,CJ Anderson,1,0,,,,,,,,,
733973,2014,2014-05-03,Wankhede Stadium,1,13.1,Kings XI Punjab,Mumbai Indians,WP Saha,GJ Bailey,KA Pollard,4,0,,,,,,,,,
733973,2014,2014-05-03,Wankhede Stadium,1,13.2,Kings XI Punjab,Mumbai Indians,WP Saha,GJ Bailey,KA Pollard,1,0,,,,,,,,,
733973,2014,2014-05-03,Wankhede Stadium,1,13.3,Kings XI Punjab,Mumbai Indians,GJ Bailey,WP Saha,KA Pollard,0,0,,,,,,,,,
733973,2014,2014-05-03,Wankhede Stadium,1,13.4,Kings XI Punjab,Mumbai Indians,GJ Bailey,WP Saha,KA Pollard,1,0,,,,,,,,,
733973,2014,2014-05-03,Wankhede Stadium,1,13.5,Kings XI Punjab,Mumbai Indians,WP Saha,GJ Bailey,KA Pollard,4,0,,,,,,,,,
733973,2014,2014-05-03,Wankhede Stadium,1,13.6,Kings XI Punjab,Mumbai Indians,WP Saha,GJ Bailey,KA Pollard,6,0,,,,,,,,,
733973,2014,2014-05-03,Wankhede Stadium,1,14.1,Kings XI Punjab,Mumbai Indians,GJ Bailey,WP Saha,Z Khan,0,0,,,,,,,,,
733973,2014,2014-05-03,Wankhede Stadium,1,14.2,Kings XI Punjab,Mumbai Indians,GJ Bailey,WP Saha,Z Khan,0,0,,,,,,,,,
733973,2014,2014-05-03,Wankhede Stadium,1,14.3,Kings XI Punjab,Mumbai Indians,GJ Bailey,WP Saha,Z Khan,0,0,,,,,,,,,
733973,2014,2014-05-03,Wankhede Stadium,1,14.4,Kings XI Punjab,Mumbai Indians,GJ Bailey,WP Saha,Z Khan,4,0,,,,,,,,,
733973,2014,2014-05-03,Wankhede Stadium,1,14.5,Kings XI Punjab,Mumbai Indians,GJ Bailey,WP Saha,Z Khan,1,0,,,,,,,,,
733973,2014,2014-05-03,Wankhede Stadium,1,14.6,Kings XI Punjab,Mumbai Indians,WP Saha,GJ Bailey,Z Khan,4,0,,,,,,,,,
733973,2014,2014-05-03,Wankhede Stadium,1,15.1,Kings XI Punjab,Mumbai Indians,GJ Bailey,WP Saha,Harbhajan Singh,1,0,,,,,,,,,
733973,2014,2014-05-03,Wankhede Stadium,1,15.2,Kings XI Punjab,Mumbai Indians,WP Saha,GJ Bailey,Harbhajan Singh,1,0,,,,,,,,,
733973,2014,2014-05-03,Wankhede Stadium,1,15.3,Kings XI Punjab,Mumbai Indians,GJ Bailey,WP Saha,Harbhajan Singh,0,0,,,,,,,,,
733973,2014,2014-05-03,Wankhede Stadium,1,15.4,Kings XI Punjab,Mumbai Indians,GJ Bailey,WP Saha,Harbhajan Singh,2,0,,,,,,,,,
733973,2014,2014-05-03,Wankhede Stadium,1,15.5,Kings XI Punjab,Mumbai Indians,GJ Bailey,WP Saha,Harbhajan Singh,0,0,,,,,,caught,GJ Bailey,,
733973,2014,2014-05-03,Wankhede Stadium,1,15.6,Kings XI Punjab,Mumbai Indians,WP Saha,DA Miller,Harbhajan Singh,1,0,,,,,,,,,
733973,2014,2014-05-03,Wankhede Stadium,1,16.1,Kings XI Punjab,Mumbai Indians,WP Saha,DA Miller,JJ Bumrah,1,0,,,,,,,,,
733973,2014,2014-05-03,Wankhede Stadium,1,16.2,Kings XI Punjab,Mumbai Indians,DA Miller,WP Saha,JJ Bumrah,1,0,,,,,,,,,
733973,2014,2014-05-03,Wankhede Stadium,1,16.3,Kings XI Punjab,Mumbai Indians,WP Saha,DA Miller,JJ Bumrah,1,0,,,,,,,,,
733973,2014,2014-05-03,Wankhede Stadium,1,16.4,Kings XI Punjab,Mumbai Indians,DA Miller,WP Saha,JJ Bumrah,2,0,,,,,,,,,
733973,2014,2014-05-03,Wankhede Stadium,1,16.5,Kings XI Punjab,Mumbai Indians,DA Miller,WP Saha,JJ Bumrah,0,0,,,,,,,,,
733973,2014,2014-05-03,Wankhede Stadium,1,16.6,Kings XI Punjab,Mumbai Indians,DA Miller,WP Saha,JJ Bumrah,4,0,,,,,,,,,
733973,2014,2014-05-03,Wankhede Stadium,1,17.1,Kings XI Punjab,Mumbai Indians,WP Saha,DA Miller,SL Malinga,1,0,,,,,,,,,
733973,2014,2014-05-03,Wankhede Stadium,1,17.2,Kings XI Punjab,Mumbai Indians,DA Miller,WP Saha,SL Malinga,1,0,,,,,,,,,
733973,2014,2014-05-03,Wankhede Stadium,1,17.3,Kings XI Punjab,Mumbai Indians,WP Saha,DA Miller,SL Malinga,1,0,,,,,,,,,
733973,2014,2014-05-03,Wankhede Stadium,1,17.4,Kings XI Punjab,Mumbai Indians,DA Miller,WP Saha,SL Malinga,1,0,,,,,,,,,
733973,2014,2014-05-03,Wankhede Stadium,1,17.5,Kings XI Punjab,Mumbai Indians,WP Saha,DA Miller,SL Malinga,0,0,,,,,,,,,
733973,2014,2014-05-03,Wankhede Stadium,1,17.6,Kings XI Punjab,Mumbai Indians,WP Saha,DA Miller,SL Malinga,1,0,,,,,,,,,
733973,2014,2014-05-03,Wankhede Stadium,1,18.1,Kings XI Punjab,Mumbai Indians,WP Saha,DA Miller,Z Khan,6,0,,,,,,,,,
733973,2014,2014-05-03,Wankhede Stadium,1,18.2,Kings XI Punjab,Mumbai Indians,WP Saha,DA Miller,Z Khan,1,0,,,,,,,,,
733973,2014,2014-05-03,Wankhede Stadium,1,18.3,Kings XI Punjab,Mumbai Indians,DA Miller,WP Saha,Z Khan,0,4,,,,4,,,,,
733973,2014,2014-05-03,Wankhede Stadium,1,18.4,Kings XI Punjab,Mumbai Indians,DA Miller,WP Saha,KA Pollard,6,0,,,,,,,,,
733973,2014,2014-05-03,Wankhede Stadium,1,18.5,Kings XI Punjab,Mumbai Indians,DA Miller,WP Saha,KA Pollard,1,0,,,,,,,,,
733973,2014,2014-05-03,Wankhede Stadium,1,18.6,Kings XI Punjab,Mumbai Indians,WP Saha,DA Miller,KA Pollard,2,0,,,,,,,,,
733973,2014,2014-05-03,Wankhede Stadium,1,19.1,Kings XI Punjab,Mumbai Indians,DA Miller,WP Saha,SL Malinga,0,0,,,,,,,,,
733973,2014,2014-05-03,Wankhede Stadium,1,19.2,Kings XI Punjab,Mumbai Indians,DA Miller,WP Saha,SL Malinga,0,0,,,,,,,,,
733973,2014,2014-05-03,Wankhede Stadium,1,19.3,Kings XI Punjab,Mumbai Indians,DA Miller,WP Saha,SL Malinga,0,0,,,,,,caught,DA Miller,,
733973,2014,2014-05-03,Wankhede Stadium,1,19.4,Kings XI Punjab,Mumbai Indians,WP Saha,MG Johnson,SL Malinga,2,0,,,,,,,,,
733973,2014,2014-05-03,Wankhede Stadium,1,19.5,Kings XI Punjab,Mumbai Indians,WP Saha,MG Johnson,SL Malinga,1,0,,,,,,,,,
733973,2014,2014-05-03,Wankhede Stadium,1,19.6,Kings XI Punjab,Mumbai Indians,MG Johnson,WP Saha,SL Malinga,0,0,,,,,,,,,
733973,2014,2014-05-03,Wankhede Stadium,2,0.1,Mumbai Indians,Kings XI Punjab,BR Dunk,CM Gautam,Sandeep Sharma,4,0,,,,,,,,,
733973,2014,2014-05-03,Wankhede Stadium,2,0.2,Mumbai Indians,Kings XI Punjab,BR Dunk,CM Gautam,Sandeep Sharma,0,0,,,,,,,,,
733973,2014,2014-05-03,Wankhede Stadium,2,0.3,Mumbai Indians,Kings XI Punjab,BR Dunk,CM Gautam,Sandeep Sharma,1,0,,,,,,,,,
733973,2014,2014-05-03,Wankhede Stadium,2,0.4,Mumbai Indians,Kings XI Punjab,CM Gautam,BR Dunk,Sandeep Sharma,0,1,,,,1,,,,,
733973,2014,2014-05-03,Wankhede Stadium,2,0.5,Mumbai Indians,Kings XI Punjab,BR Dunk,CM Gautam,Sandeep Sharma,0,0,,,,,,caught,BR Dunk,,
733973,2014,2014-05-03,Wankhede Stadium,2,0.6,Mumbai Indians,Kings XI Punjab,AT Rayudu,CM Gautam,Sandeep Sharma,0,0,,,,,,,,,
733973,2014,2014-05-03,Wankhede Stadium,2,1.1,Mumbai Indians,Kings XI Punjab,CM Gautam,AT Rayudu,L Balaji,0,0,,,,,,,,,
733973,2014,2014-05-03,Wankhede Stadium,2,1.2,Mumbai Indians,Kings XI Punjab,CM Gautam,AT Rayudu,L Balaji,2,0,,,,,,,,,
733973,2014,2014-05-03,Wankhede Stadium,2,1.3,Mumbai Indians,Kings XI Punjab,CM Gautam,AT Rayudu,L Balaji,1,0,,,,,,,,,
733973,2014,2014-05-03,Wankhede Stadium,2,1.4,Mumbai Indians,Kings XI Punjab,AT Rayudu,CM Gautam,L Balaji,4,0,,,,,,,,,
733973,2014,2014-05-03,Wankhede Stadium,2,1.5,Mumbai Indians,Kings XI Punjab,AT Rayudu,CM Gautam,L Balaji,0,0,,,,,,,,,
733973,2014,2014-05-03,Wankhede Stadium,2,1.6,Mumbai Indians,Kings XI Punjab,AT Rayudu,CM Gautam,L Balaji,4,0,,,,,,,,,
733973,2014,2014-05-03,Wankhede Stadium,2,2.1,Mumbai Indians,Kings XI Punjab,CM Gautam,AT Rayudu,Sandeep Sharma,0,1,1,,,,,,,,
733973,2014,2014-05-03,Wankhede Stadium,2,2.2,Mumbai Indians,Kings XI Punjab,CM Gautam,AT Rayudu,Sandeep Sharma,4,0,,,,,,,,,
733973,2014,2014-05-03,Wankhede Stadium,2,2.3,Mumbai Indians,Kings XI Punjab,CM Gautam,AT Rayudu,Sandeep Sharma,0,0,,,,,,,,,
733973,2014,2014-05-03,Wankhede Stadium,2,2.4,Mumbai Indians,Kings XI Punjab,CM Gautam,AT Rayudu,Sandeep Sharma,0,0,,,,,,,,,
733973,2014,2014-05-03,Wankhede Stadium,2,2.5,Mumbai Indians,Kings XI Punjab,CM Gautam,AT Rayudu,Sandeep Sharma,1,0,,,,,,,,,
733973,2014,2014-05-03,Wankhede Stadium,2,2.6,Mumbai Indians,Kings XI Punjab,AT Rayudu,CM Gautam,Sandeep Sharma,0,0,,,,,,lbw,AT Rayudu,,
733973,2014,2014-05-03,Wankhede Stadium,2,2.7,Mumbai Indians,Kings XI Punjab,RG Sharma,CM Gautam,Sandeep Sharma,0,0,,,,,,,,,
733973,2014,2014-05-03,Wankhede Stadium,2,3.1,Mumbai Indians,Kings XI Punjab,CM Gautam,RG Sharma,MG Johnson,1,0,,,,,,,,,
733973,2014,2014-05-03,Wankhede Stadium,2,3.2,Mumbai Indians,Kings XI Punjab,RG Sharma,CM Gautam,MG Johnson,0,0,,,,,,,,,
733973,2014,2014-05-03,Wankhede Stadium,2,3.3,Mumbai Indians,Kings XI Punjab,RG Sharma,CM Gautam,MG Johnson,0,0,,,,,,,,,
733973,2014,2014-05-03,Wankhede Stadium,2,3.4,Mumbai Indians,Kings XI Punjab,RG Sharma,CM Gautam,MG Johnson,0,0,,,,,,,,,
733973,2014,2014-05-03,Wankhede Stadium,2,3.5,Mumbai Indians,Kings XI Punjab,RG Sharma,CM Gautam,MG Johnson,0,0,,,,,,,,,
733973,2014,2014-05-03,Wankhede Stadium,2,3.6,Mumbai Indians,Kings XI Punjab,RG Sharma,CM Gautam,MG Johnson,6,0,,,,,,,,,
733973,2014,2014-05-03,Wankhede Stadium,2,4.1,Mumbai Indians,Kings XI Punjab,CM Gautam,RG Sharma,Sandeep Sharma,0,0,,,,,,,,,
733973,2014,2014-05-03,Wankhede Stadium,2,4.2,Mumbai Indians,Kings XI Punjab,CM Gautam,RG Sharma,Sandeep Sharma,0,0,,,,,,,,,
733973,2014,2014-05-03,Wankhede Stadium,2,4.3,Mumbai Indians,Kings XI Punjab,CM Gautam,RG Sharma,Sandeep Sharma,0,0,,,,,,,,,
733973,2014,2014-05-03,Wankhede Stadium,2,4.4,Mumbai Indians,Kings XI Punjab,CM Gautam,RG Sharma,Sandeep Sharma,6,0,,,,,,,,,
733973,2014,2014-05-03,Wankhede Stadium,2,4.5,Mumbai Indians,Kings XI Punjab,CM Gautam,RG Sharma,Sandeep Sharma,0,0,,,,,,,,,
733973,2014,2014-05-03,Wankhede Stadium,2,4.6,Mumbai Indians,Kings XI Punjab,CM Gautam,RG Sharma,Sandeep Sharma,6,0,,,,,,,,,
733973,2014,2014-05-03,Wankhede Stadium,2,5.1,Mumbai Indians,Kings XI Punjab,RG Sharma,CM Gautam,MG Johnson,0,0,,,,,,,,,
733973,2014,2014-05-03,Wankhede Stadium,2,5.2,Mumbai Indians,Kings XI Punjab,RG Sharma,CM Gautam,MG Johnson,1,0,,,,,,,,,
733973,2014,2014-05-03,Wankhede Stadium,2,5.3,Mumbai Indians,Kings XI Punjab,CM Gautam,RG Sharma,MG Johnson,1,0,,,,,,,,,
733973,2014,2014-05-03,Wankhede Stadium,2,5.4,Mumbai Indians,Kings XI Punjab,RG Sharma,CM Gautam,MG Johnson,0,1,1,,,,,,,,
733973,2014,2014-05-03,Wankhede Stadium,2,5.5,Mumbai Indians,Kings XI Punjab,RG Sharma,CM Gautam,MG Johnson,0,0,,,,,,,,,
733973,2014,2014-05-03,Wankhede Stadium,2,5.6,Mumbai Indians,Kings XI Punjab,RG Sharma,CM Gautam,MG Johnson,4,0,,,,,,,,,
733973,2014,2014-05-03,Wankhede Stadium,2,5.7,Mumbai Indians,Kings XI Punjab,RG Sharma,CM Gautam,MG Johnson,0,0,,,,,,,,,
733973,2014,2014-05-03,Wankhede Stadium,2,6.1,Mumbai Indians,Kings XI Punjab,CM Gautam,RG Sharma,AR Patel,4,0,,,,,,,,,
733973,2014,2014-05-03,Wankhede Stadium,2,6.2,Mumbai Indians,Kings XI Punjab,CM Gautam,RG Sharma,AR Patel,1,0,,,,,,,,,
733973,2014,2014-05-03,Wankhede Stadium,2,6.3,Mumbai Indians,Kings XI Punjab,RG Sharma,CM Gautam,AR Patel,4,0,,,,,,,,,
733973,2014,2014-05-03,Wankhede Stadium,2,6.4,Mumbai Indians,Kings XI Punjab,RG Sharma,CM Gautam,AR Patel,1,0,,,,,,,,,
733973,2014,2014-05-03,Wankhede Stadium,2,6.5,Mumbai Indians,Kings XI Punjab,CM Gautam,RG Sharma,AR Patel,1,0,,,,,,,,,
733973,2014,2014-05-03,Wankhede Stadium,2,6.6,Mumbai Indians,Kings XI Punjab,RG Sharma,CM Gautam,AR Patel,1,0,,,,,,,,,
733973,2014,2014-05-03,Wankhede Stadium,2,7.1,Mumbai Indians,Kings XI Punjab,RG Sharma,CM Gautam,R Dhawan,1,0,,,,,,,,,
733973,2014,2014-05-03,Wankhede Stadium,2,7.2,Mumbai Indians,Kings XI Punjab,CM Gautam,RG Sharma,R Dhawan,0,0,,,,,,,,,
733973,2014,2014-05-03,Wankhede Stadium,2,7.3,Mumbai Indians,Kings XI Punjab,CM Gautam,RG Sharma,R Dhawan,0,0,,,,,,,,,
733973,2014,2014-05-03,Wankhede Stadium,2,7.4,Mumbai Indians,Kings XI Punjab,CM Gautam,RG Sharma,R Dhawan,2,0,,,,,,,,,
733973,2014,2014-05-03,Wankhede Stadium,2,7.5,Mumbai Indians,Kings XI Punjab,CM Gautam,RG Sharma,R Dhawan,0,0,,,,,,,,,
733973,2014,2014-05-03,Wankhede Stadium,2,7.6,Mumbai Indians,Kings XI Punjab,CM Gautam,RG Sharma,R Dhawan,1,0,,,,,,,,,
733973,2014,2014-05-03,Wankhede Stadium,2,8.1,Mumbai Indians,Kings XI Punjab,CM Gautam,RG Sharma,AR Patel,0,0,,,,,,,,,
733973,2014,2014-05-03,Wankhede Stadium,2,8.2,Mumbai Indians,Kings XI Punjab,CM Gautam,RG Sharma,AR Patel,0,0,,,,,,,,,
733973,2014,2014-05-03,Wankhede Stadium,2,8.3,Mumbai Indians,Kings XI Punjab,CM Gautam,RG Sharma,AR Patel,0,1,,,,1,,,,,
733973,2014,2014-05-03,Wankhede Stadium,2,8.4,Mumbai Indians,Kings XI Punjab,RG Sharma,CM Gautam,AR Patel,0,0,,,,,,,,,
733973,2014,2014-05-03,Wankhede Stadium,2,8.5,Mumbai Indians,Kings XI Punjab,RG Sharma,CM Gautam,AR Patel,1,0,,,,,,,,,
733973,2014,2014-05-03,Wankhede Stadium,2,8.6,Mumbai Indians,Kings XI Punjab,CM Gautam,RG Sharma,AR Patel,2,0,,,,,,,,,
733973,2014,2014-05-03,Wankhede Stadium,2,9.1,Mumbai Indians,Kings XI Punjab,RG Sharma,CM Gautam,R Dhawan,0,0,,,,,,,,,
733973,2014,2014-05-03,Wankhede Stadium,2,9.2,Mumbai Indians,Kings XI Punjab,RG Sharma,CM Gautam,R Dhawan,0,0,,,,,,,,,
733973,2014,2014-05-03,Wankhede Stadium,2,9.3,Mumbai Indians,Kings XI Punjab,RG Sharma,CM Gautam,R Dhawan,1,0,,,,,,,,,
733973,2014,2014-05-03,Wankhede Stadium,2,9.4,Mumbai Indians,Kings XI Punjab,CM Gautam,RG Sharma,R Dhawan,0,0,,,,,,lbw,CM Gautam,,
733973,2014,2014-05-03,Wankhede Stadium,2,9.5,Mumbai Indians,Kings XI Punjab,CJ Anderson,RG Sharma,R Dhawan,0,0,,,,,,,,,
733973,2014,2014-05-03,Wankhede Stadium,2,9.6,Mumbai Indians,Kings XI Punjab,CJ Anderson,RG Sharma,R Dhawan,0,0,,,,,,,,,
733973,2014,2014-05-03,Wankhede Stadium,2,10.1,Mumbai Indians,Kings XI Punjab,RG Sharma,CJ Anderson,AR Patel,0,0,,,,,,,,,
733973,2014,2014-05-03,Wankhede Stadium,2,10.2,Mumbai Indians,Kings XI Punjab,RG Sharma,CJ Anderson,AR Patel,0,0,,,,,,,,,
733973,2014,2014-05-03,Wankhede Stadium,2,10.3,Mumbai Indians,Kings XI Punjab,RG Sharma,CJ Anderson,AR Patel,1,0,,,,,,,,,
733973,2014,2014-05-03,Wankhede Stadium,2,10.4,Mumbai Indians,Kings XI Punjab,CJ Anderson,RG Sharma,AR Patel,2,0,,,,,,,,,
733973,2014,2014-05-03,Wankhede Stadium,2,10.5,Mumbai Indians,Kings XI Punjab,CJ Anderson,RG Sharma,AR Patel,1,0,,,,,,,,,
733973,2014,2014-05-03,Wankhede Stadium,2,10.6,Mumbai Indians,Kings XI Punjab,RG Sharma,CJ Anderson,AR Patel,1,0,,,,,,,,,
733973,2014,2014-05-03,Wankhede Stadium,2,11.1,Mumbai Indians,Kings XI Punjab,RG Sharma,CJ Anderson,R Dhawan,6,0,,,,,,,,,
733973,2014,2014-05-03,Wankhede Stadium,2,11.2,Mumbai Indians,Kings XI Punjab,RG Sharma,CJ Anderson,R Dhawan,1,0,,,,,,,,,
733973,2014,2014-05-03,Wankhede Stadium,2,11.3,Mumbai Indians,Kings XI Punjab,CJ Anderson,RG Sharma,R Dhawan,0,0,,,,,,,,,
733973,2014,2014-05-03,Wankhede Stadium,2,11.4,Mumbai Indians,Kings XI Punjab,CJ Anderson,RG Sharma,R Dhawan,0,0,,,,,,,,,
733973,2014,2014-05-03,Wankhede Stadium,2,11.5,Mumbai Indians,Kings XI Punjab,CJ Anderson,RG Sharma,R Dhawan,6,0,,,,,,,,,
733973,2014,2014-05-03,Wankhede Stadium,2,11.6,Mumbai Indians,Kings XI Punjab,CJ Anderson,RG Sharma,R Dhawan,1,0,,,,,,,,,
733973,2014,2014-05-03,Wankhede Stadium,2,12.1,Mumbai Indians,Kings XI Punjab,CJ Anderson,RG Sharma,AR Patel,1,0,,,,,,,,,
733973,2014,2014-05-03,Wankhede Stadium,2,12.2,Mumbai Indians,Kings XI Punjab,RG Sharma,CJ Anderson,AR Patel,1,0,,,,,,,,,
733973,2014,2014-05-03,Wankhede Stadium,2,12.3,Mumbai Indians,Kings XI Punjab,CJ Anderson,RG Sharma,AR Patel,4,0,,,,,,,,,
733973,2014,2014-05-03,Wankhede Stadium,2,12.4,Mumbai Indians,Kings XI Punjab,CJ Anderson,RG Sharma,AR Patel,6,0,,,,,,,,,
733973,2014,2014-05-03,Wankhede Stadium,2,12.5,Mumbai Indians,Kings XI Punjab,CJ Anderson,RG Sharma,AR Patel,4,0,,,,,,,,,
733973,2014,2014-05-03,Wankhede Stadium,2,12.6,Mumbai Indians,Kings XI Punjab,CJ Anderson,RG Sharma,AR Patel,4,0,,,,,,,,,
733973,2014,2014-05-03,Wankhede Stadium,2,13.1,Mumbai Indians,Kings XI Punjab,RG Sharma,CJ Anderson,L Balaji,0,0,,,,,,,,,
733973,2014,2014-05-03,Wankhede Stadium,2,13.2,Mumbai Indians,Kings XI Punjab,RG Sharma,CJ Anderson,L Balaji,0,0,,,,,,,,,
733973,2014,2014-05-03,Wankhede Stadium,2,13.3,Mumbai Indians,Kings XI Punjab,RG Sharma,CJ Anderson,L Balaji,1,0,,,,,,,,,
733973,2014,2014-05-03,Wankhede Stadium,2,13.4,Mumbai Indians,Kings XI Punjab,CJ Anderson,RG Sharma,L Balaji,1,0,,,,,,,,,
733973,2014,2014-05-03,Wankhede Stadium,2,13.5,Mumbai Indians,Kings XI Punjab,RG Sharma,CJ Anderson,L Balaji,4,0,,,,,,,,,
733973,2014,2014-05-03,Wankhede Stadium,2,13.6,Mumbai Indians,Kings XI Punjab,RG Sharma,CJ Anderson,L Balaji,0,0,,,,,,,,,
733973,2014,2014-05-03,Wankhede Stadium,2,14.1,Mumbai Indians,Kings XI Punjab,CJ Anderson,RG Sharma,MG Johnson,0,0,,,,,,,,,
733973,2014,2014-05-03,Wankhede Stadium,2,14.2,Mumbai Indians,Kings XI Punjab,CJ Anderson,RG Sharma,MG Johnson,0,0,,,,,,,,,
733973,2014,2014-05-03,Wankhede Stadium,2,14.3,Mumbai Indians,Kings XI Punjab,CJ Anderson,RG Sharma,MG Johnson,0,0,,,,,,,,,
733973,2014,2014-05-03,Wankhede Stadium,2,14.4,Mumbai Indians,Kings XI Punjab,CJ Anderson,RG Sharma,MG Johnson,2,0,,,,,,,,,
733973,2014,2014-05-03,Wankhede Stadium,2,14.5,Mumbai Indians,Kings XI Punjab,CJ Anderson,RG Sharma,MG Johnson,0,0,,,,,,,,,
733973,2014,2014-05-03,Wankhede Stadium,2,14.6,Mumbai Indians,Kings XI Punjab,CJ Anderson,RG Sharma,MG Johnson,1,0,,,,,,,,,
733973,2014,2014-05-03,Wankhede Stadium,2,15.1,Mumbai Indians,Kings XI Punjab,CJ Anderson,RG Sharma,L Balaji,0,1,,,,1,,,,,
733973,2014,2014-05-03,Wankhede Stadium,2,15.2,Mumbai Indians,Kings XI Punjab,RG Sharma,CJ Anderson,L Balaji,4,0,,,,,,,,,
733973,2014,2014-05-03,Wankhede Stadium,2,15.3,Mumbai Indians,Kings XI Punjab,RG Sharma,CJ Anderson,L Balaji,0,0,,,,,,caught,RG Sharma,,
733973,2014,2014-05-03,Wankhede Stadium,2,15.4,Mumbai Indians,Kings XI Punjab,CJ Anderson,KA Pollard,L Balaji,1,0,,,,,,,,,
733973,2014,2014-05-03,Wankhede Stadium,2,15.5,Mumbai Indians,Kings XI Punjab,KA Pollard,CJ Anderson,L Balaji,0,0,,,,,,,,,
733973,2014,2014-05-03,Wankhede Stadium,2,15.6,Mumbai Indians,Kings XI Punjab,KA Pollard,CJ Anderson,L Balaji,0,0,,,,,,,,,
733973,2014,2014-05-03,Wankhede Stadium,2,16.1,Mumbai Indians,Kings XI Punjab,CJ Anderson,KA Pollard,R Dhawan,1,0,,,,,,,,,
733973,2014,2014-05-03,Wankhede Stadium,2,16.2,Mumbai Indians,Kings XI Punjab,KA Pollard,CJ Anderson,R Dhawan,1,0,,,,,,,,,
733973,2014,2014-05-03,Wankhede Stadium,2,16.3,Mumbai Indians,Kings XI Punjab,CJ Anderson,KA Pollard,R Dhawan,0,0,,,,,,,,,
733973,2014,2014-05-03,Wankhede Stadium,2,16.4,Mumbai Indians,Kings XI Punjab,CJ Anderson,KA Pollard,R Dhawan,0,0,,,,,,caught,CJ Anderson,,
733973,2014,2014-05-03,Wankhede Stadium,2,16.5,Mumbai Indians,Kings XI Punjab,KA Pollard,AP Tare,R Dhawan,1,0,,,,,,,,,
733973,2014,2014-05-03,Wankhede Stadium,2,16.6,Mumbai Indians,Kings XI Punjab,AP Tare,KA Pollard,R Dhawan,1,0,,,,,,,,,
733973,2014,2014-05-03,Wankhede Stadium,2,17.1,Mumbai Indians,Kings XI Punjab,AP Tare,KA Pollard,L Balaji,2,0,,,,,,,,,
733973,2014,2014-05-03,Wankhede Stadium,2,17.2,Mumbai Indians,Kings XI Punjab,AP Tare,KA Pollard,L Balaji,4,0,,,,,,,,,
733973,2014,2014-05-03,Wankhede Stadium,2,17.3,Mumbai Indians,Kings XI Punjab,AP Tare,KA Pollard,L Balaji,1,0,,,,,,,,,
733973,2014,2014-05-03,Wankhede Stadium,2,17.4,Mumbai Indians,Kings XI Punjab,KA Pollard,AP Tare,L Balaji,1,0,,,,,,,,,
733973,2014,2014-05-03,Wankhede Stadium,2,17.5,Mumbai Indians,Kings XI Punjab,AP Tare,KA Pollard,L Balaji,2,0,,,,,,,,,
733973,2014,2014-05-03,Wankhede Stadium,2,17.6,Mumbai Indians,Kings XI Punjab,AP Tare,KA Pollard,L Balaji,6,0,,,,,,,,,
733973,2014,2014-05-03,Wankhede Stadium,2,18.1,Mumbai Indians,Kings XI Punjab,KA Pollard,AP Tare,MG Johnson,6,0,,,,,,,,,
733973,2014,2014-05-03,Wankhede Stadium,2,18.2,Mumbai Indians,Kings XI Punjab,KA Pollard,AP Tare,MG Johnson,0,1,1,,,,,,,,
733973,2014,2014-05-03,Wankhede Stadium,2,18.3,Mumbai Indians,Kings XI Punjab,KA Pollard,AP Tare,MG Johnson,2,0,,,,,,,,,
733973,2014,2014-05-03,Wankhede Stadium,2,18.4,Mumbai Indians,Kings XI Punjab,KA Pollard,AP Tare,MG Johnson,2,0,,,,,,,,,
733973,2014,2014-05-03,Wankhede Stadium,2,18.5,Mumbai Indians,Kings XI Punjab,KA Pollard,AP Tare,MG Johnson,4,0,,,,,,,,,
733973,2014,2014-05-03,Wankhede Stadium,2,18.6,Mumbai Indians,Kings XI Punjab,KA Pollard,AP Tare,MG Johnson,4,0,,,,,,,,,
733973,2014,2014-05-03,Wankhede Stadium,2,18.7,Mumbai Indians,Kings XI Punjab,KA Pollard,AP Tare,MG Johnson,1,0,,,,,,,,,
733973,2014,2014-05-03,Wankhede Stadium,2,19.1,Mumbai Indians,Kings XI Punjab,KA Pollard,AP Tare,Sandeep Sharma,6,0,,,,,,,,,
