match_id,season,start_date,venue,innings,ball,batting_team,bowling_team,striker,non_striker,bowler,runs_off_bat,extras,wides,noballs,byes,legbyes,penalty,wicket_type,player_dismissed,other_wicket_type,other_player_dismissed
734001,2014,2014-05-12,"Rajiv Gandhi International Stadium, Uppal",1,0.1,Sunrisers Hyderabad,Mumbai Indians,AJ Finch,S Dhawan,CJ Anderson,0,0,,,,,,,,,
734001,2014,2014-05-12,"Rajiv Gandhi International Stadium, Uppal",1,0.2,Sunrisers Hyderabad,Mumbai Indians,AJ Finch,S Dhawan,CJ Anderson,0,0,,,,,,,,,
734001,2014,2014-05-12,"Rajiv Gandhi International Stadium, Uppal",1,0.3,Sunrisers Hyderabad,Mumbai Indians,AJ Finch,S Dhawan,CJ Anderson,0,0,,,,,,,,,
734001,2014,2014-05-12,"Rajiv Gandhi International Stadium, Uppal",1,0.4,Sunrisers Hyderabad,Mumbai Indians,AJ Finch,S Dhawan,CJ Anderson,0,0,,,,,,,,,
734001,2014,2014-05-12,"Rajiv Gandhi International Stadium, Uppal",1,0.5,Sunrisers Hyderabad,Mumbai Indians,AJ Finch,S Dhawan,CJ Anderson,4,0,,,,,,,,,
734001,2014,2014-05-12,"Rajiv Gandhi International Stadium, Uppal",1,0.6,Sunrisers Hyderabad,Mumbai Indians,AJ Finch,S Dhawan,CJ Anderson,0,0,,,,,,,,,
734001,2014,2014-05-12,"Rajiv Gandhi International Stadium, Uppal",1,1.1,Sunrisers Hyderabad,Mumbai Indians,S Dhawan,AJ Finch,JJ Bumrah,0,0,,,,,,,,,
734001,2014,2014-05-12,"Rajiv Gandhi International Stadium, Uppal",1,1.2,Sunrisers Hyderabad,Mumbai Indians,S Dhawan,AJ Finch,JJ Bumrah,1,0,,,,,,,,,
734001,2014,2014-05-12,"Rajiv Gandhi International Stadium, Uppal",1,1.3,Sunrisers Hyderabad,Mumbai Indians,AJ Finch,S Dhawan,JJ Bumrah,0,0,,,,,,,,,
734001,2014,2014-05-12,"Rajiv Gandhi International Stadium, Uppal",1,1.4,Sunrisers Hyderabad,Mumbai Indians,AJ Finch,S Dhawan,JJ Bumrah,0,0,,,,,,,,,
734001,2014,2014-05-12,"Rajiv Gandhi International Stadium, Uppal",1,1.5,Sunrisers Hyderabad,Mumbai Indians,AJ Finch,S Dhawan,JJ Bumrah,0,0,,,,,,,,,
734001,2014,2014-05-12,"Rajiv Gandhi International Stadium, Uppal",1,1.6,Sunrisers Hyderabad,Mumbai Indians,AJ Finch,S Dhawan,JJ Bumrah,0,0,,,,,,,,,
734001,2014,2014-05-12,"Rajiv Gandhi International Stadium, Uppal",1,2.1,Sunrisers Hyderabad,Mumbai Indians,S Dhawan,AJ Finch,CJ Anderson,0,2,2,,,,,,,,
734001,2014,2014-05-12,"Rajiv Gandhi International Stadium, Uppal",1,2.2,Sunrisers Hyderabad,Mumbai Indians,AJ Finch,S Dhawan,CJ Anderson,4,0,,,,,,,,,
734001,2014,2014-05-12,"Rajiv Gandhi International Stadium, Uppal",1,2.3,Sunrisers Hyderabad,Mumbai Indians,AJ Finch,S Dhawan,CJ Anderson,1,0,,,,,,,,,
734001,2014,2014-05-12,"Rajiv Gandhi International Stadium, Uppal",1,2.4,Sunrisers Hyderabad,Mumbai Indians,S Dhawan,AJ Finch,CJ Anderson,0,0,,,,,,,,,
734001,2014,2014-05-12,"Rajiv Gandhi International Stadium, Uppal",1,2.5,Sunrisers Hyderabad,Mumbai Indians,S Dhawan,AJ Finch,CJ Anderson,0,0,,,,,,,,,
734001,2014,2014-05-12,"Rajiv Gandhi International Stadium, Uppal",1,2.6,Sunrisers Hyderabad,Mumbai Indians,S Dhawan,AJ Finch,CJ Anderson,0,1,1,,,,,,,,
734001,2014,2014-05-12,"Rajiv Gandhi International Stadium, Uppal",1,2.7,Sunrisers Hyderabad,Mumbai Indians,S Dhawan,AJ Finch,CJ Anderson,1,0,,,,,,,,,
734001,2014,2014-05-12,"Rajiv Gandhi International Stadium, Uppal",1,2.8,Sunrisers Hyderabad,Mumbai Indians,AJ Finch,S Dhawan,CJ Anderson,4,0,,,,,,,,,
734001,2014,2014-05-12,"Rajiv Gandhi International Stadium, Uppal",1,3.1,Sunrisers Hyderabad,Mumbai Indians,S Dhawan,AJ Finch,Harbhajan Singh,0,0,,,,,,,,,
734001,2014,2014-05-12,"Rajiv Gandhi International Stadium, Uppal",1,3.2,Sunrisers Hyderabad,Mumbai Indians,S Dhawan,AJ Finch,Harbhajan Singh,4,0,,,,,,,,,
734001,2014,2014-05-12,"Rajiv Gandhi International Stadium, Uppal",1,3.3,Sunrisers Hyderabad,Mumbai Indians,S Dhawan,AJ Finch,Harbhajan Singh,1,0,,,,,,,,,
734001,2014,2014-05-12,"Rajiv Gandhi International Stadium, Uppal",1,3.4,Sunrisers Hyderabad,Mumbai Indians,AJ Finch,S Dhawan,Harbhajan Singh,0,0,,,,,,,,,
734001,2014,2014-05-12,"Rajiv Gandhi International Stadium, Uppal",1,3.5,Sunrisers Hyderabad,Mumbai Indians,AJ Finch,S Dhawan,Harbhajan Singh,1,0,,,,,,,,,
734001,2014,2014-05-12,"Rajiv Gandhi International Stadium, Uppal",1,3.6,Sunrisers Hyderabad,Mumbai Indians,S Dhawan,AJ Finch,Harbhajan Singh,0,0,,,,,,,,,
734001,2014,2014-05-12,"Rajiv Gandhi International Stadium, Uppal",1,4.1,Sunrisers Hyderabad,Mumbai Indians,AJ Finch,S Dhawan,SL Malinga,0,0,,,,,,,,,
734001,2014,2014-05-12,"Rajiv Gandhi International Stadium, Uppal",1,4.2,Sunrisers Hyderabad,Mumbai Indians,AJ Finch,S Dhawan,SL Malinga,2,0,,,,,,,,,
734001,2014,2014-05-12,"Rajiv Gandhi International Stadium, Uppal",1,4.3,Sunrisers Hyderabad,Mumbai Indians,AJ Finch,S Dhawan,SL Malinga,0,0,,,,,,,,,
734001,2014,2014-05-12,"Rajiv Gandhi International Stadium, Uppal",1,4.4,Sunrisers Hyderabad,Mumbai Indians,AJ Finch,S Dhawan,SL Malinga,1,0,,,,,,,,,
734001,2014,2014-05-12,"Rajiv Gandhi International Stadium, Uppal",1,4.5,Sunrisers Hyderabad,Mumbai Indians,S Dhawan,AJ Finch,SL Malinga,4,0,,,,,,,,,
734001,2014,2014-05-12,"Rajiv Gandhi International Stadium, Uppal",1,4.6,Sunrisers Hyderabad,Mumbai Indians,S Dhawan,AJ Finch,SL Malinga,0,0,,,,,,bowled,S Dhawan,,
734001,2014,2014-05-12,"Rajiv Gandhi International Stadium, Uppal",1,5.1,Sunrisers Hyderabad,Mumbai Indians,AJ Finch,KL Rahul,PP Ojha,1,0,,,,,,,,,
734001,2014,2014-05-12,"Rajiv Gandhi International Stadium, Uppal",1,5.2,Sunrisers Hyderabad,Mumbai Indians,KL Rahul,AJ Finch,PP Ojha,1,0,,,,,,,,,
734001,2014,2014-05-12,"Rajiv Gandhi International Stadium, Uppal",1,5.3,Sunrisers Hyderabad,Mumbai Indians,AJ Finch,KL Rahul,PP Ojha,0,0,,,,,,,,,
734001,2014,2014-05-12,"Rajiv Gandhi International Stadium, Uppal",1,5.4,Sunrisers Hyderabad,Mumbai Indians,AJ Finch,KL Rahul,PP Ojha,6,0,,,,,,,,,
734001,2014,2014-05-12,"Rajiv Gandhi International Stadium, Uppal",1,5.5,Sunrisers Hyderabad,Mumbai Indians,AJ Finch,KL Rahul,PP Ojha,0,0,,,,,,,,,
734001,2014,2014-05-12,"Rajiv Gandhi International Stadium, Uppal",1,5.6,Sunrisers Hyderabad,Mumbai Indians,AJ Finch,KL Rahul,PP Ojha,4,0,,,,,,,,,
734001,2014,2014-05-12,"Rajiv Gandhi International Stadium, Uppal",1,6.1,Sunrisers Hyderabad,Mumbai Indians,KL Rahul,AJ Finch,Harbhajan Singh,1,0,,,,,,,,,
734001,2014,2014-05-12,"Rajiv Gandhi International Stadium, Uppal",1,6.2,Sunrisers Hyderabad,Mumbai Indians,AJ Finch,KL Rahul,Harbhajan Singh,0,0,,,,,,,,,
734001,2014,2014-05-12,"Rajiv Gandhi International Stadium, Uppal",1,6.3,Sunrisers Hyderabad,Mumbai Indians,AJ Finch,KL Rahul,Harbhajan Singh,4,0,,,,,,,,,
734001,2014,2014-05-12,"Rajiv Gandhi International Stadium, Uppal",1,6.4,Sunrisers Hyderabad,Mumbai Indians,AJ Finch,KL Rahul,Harbhajan Singh,0,0,,,,,,,,,
734001,2014,2014-05-12,"Rajiv Gandhi International Stadium, Uppal",1,6.5,Sunrisers Hyderabad,Mumbai Indians,AJ Finch,KL Rahul,Harbhajan Singh,1,0,,,,,,,,,
734001,2014,2014-05-12,"Rajiv Gandhi International Stadium, Uppal",1,6.6,Sunrisers Hyderabad,Mumbai Indians,KL Rahul,AJ Finch,Harbhajan Singh,0,0,,,,,,,,,
734001,2014,2014-05-12,"Rajiv Gandhi International Stadium, Uppal",1,7.1,Sunrisers Hyderabad,Mumbai Indians,AJ Finch,KL Rahul,PP Ojha,4,0,,,,,,,,,
734001,2014,2014-05-12,"Rajiv Gandhi International Stadium, Uppal",1,7.2,Sunrisers Hyderabad,Mumbai Indians,AJ Finch,KL Rahul,PP Ojha,0,0,,,,,,,,,
734001,2014,2014-05-12,"Rajiv Gandhi International Stadium, Uppal",1,7.3,Sunrisers Hyderabad,Mumbai Indians,AJ Finch,KL Rahul,PP Ojha,6,0,,,,,,,,,
734001,2014,2014-05-12,"Rajiv Gandhi International Stadium, Uppal",1,7.4,Sunrisers Hyderabad,Mumbai Indians,AJ Finch,KL Rahul,PP Ojha,0,0,,,,,,,,,
734001,2014,2014-05-12,"Rajiv Gandhi International Stadium, Uppal",1,7.5,Sunrisers Hyderabad,Mumbai Indians,AJ Finch,KL Rahul,PP Ojha,1,0,,,,,,,,,
734001,2014,2014-05-12,"Rajiv Gandhi International Stadium, Uppal",1,7.6,Sunrisers Hyderabad,Mumbai Indians,KL Rahul,AJ Finch,PP Ojha,0,0,,,,,,,,,
734001,2014,2014-05-12,"Rajiv Gandhi International Stadium, Uppal",1,8.1,Sunrisers Hyderabad,Mumbai Indians,AJ Finch,KL Rahul,JJ Bumrah,1,0,,,,,,,,,
734001,2014,2014-05-12,"Rajiv Gandhi International Stadium, Uppal",1,8.2,Sunrisers Hyderabad,Mumbai Indians,KL Rahul,AJ Finch,JJ Bumrah,4,0,,,,,,,,,
734001,2014,2014-05-12,"Rajiv Gandhi International Stadium, Uppal",1,8.3,Sunrisers Hyderabad,Mumbai Indians,KL Rahul,AJ Finch,JJ Bumrah,0,0,,,,,,,,,
734001,2014,2014-05-12,"Rajiv Gandhi International Stadium, Uppal",1,8.4,Sunrisers Hyderabad,Mumbai Indians,KL Rahul,AJ Finch,JJ Bumrah,0,0,,,,,,,,,
734001,2014,2014-05-12,"Rajiv Gandhi International Stadium, Uppal",1,8.5,Sunrisers Hyderabad,Mumbai Indians,KL Rahul,AJ Finch,JJ Bumrah,2,0,,,,,,,,,
734001,2014,2014-05-12,"Rajiv Gandhi International Stadium, Uppal",1,8.6,Sunrisers Hyderabad,Mumbai Indians,KL Rahul,AJ Finch,JJ Bumrah,1,0,,,,,,,,,
734001,2014,2014-05-12,"Rajiv Gandhi International Stadium, Uppal",1,9.1,Sunrisers Hyderabad,Mumbai Indians,KL Rahul,AJ Finch,PP Ojha,0,0,,,,,,,,,
734001,2014,2014-05-12,"Rajiv Gandhi International Stadium, Uppal",1,9.2,Sunrisers Hyderabad,Mumbai Indians,KL Rahul,AJ Finch,PP Ojha,0,0,,,,,,,,,
734001,2014,2014-05-12,"Rajiv Gandhi International Stadium, Uppal",1,9.3,Sunrisers Hyderabad,Mumbai Indians,KL Rahul,AJ Finch,PP Ojha,1,0,,,,,,,,,
734001,2014,2014-05-12,"Rajiv Gandhi International Stadium, Uppal",1,9.4,Sunrisers Hyderabad,Mumbai Indians,AJ Finch,KL Rahul,PP Ojha,1,0,,,,,,,,,
734001,2014,2014-05-12,"Rajiv Gandhi International Stadium, Uppal",1,9.5,Sunrisers Hyderabad,Mumbai Indians,KL Rahul,AJ Finch,PP Ojha,0,0,,,,,,run out,KL Rahul,,
734001,2014,2014-05-12,"Rajiv Gandhi International Stadium, Uppal",1,9.6,Sunrisers Hyderabad,Mumbai Indians,DA Warner,AJ Finch,PP Ojha,0,0,,,,,,,,,
734001,2014,2014-05-12,"Rajiv Gandhi International Stadium, Uppal",1,10.1,Sunrisers Hyderabad,Mumbai Indians,AJ Finch,DA Warner,KA Pollard,1,0,,,,,,,,,
734001,2014,2014-05-12,"Rajiv Gandhi International Stadium, Uppal",1,10.2,Sunrisers Hyderabad,Mumbai Indians,DA Warner,AJ Finch,KA Pollard,1,0,,,,,,,,,
734001,2014,2014-05-12,"Rajiv Gandhi International Stadium, Uppal",1,10.3,Sunrisers Hyderabad,Mumbai Indians,AJ Finch,DA Warner,KA Pollard,0,0,,,,,,,,,
734001,2014,2014-05-12,"Rajiv Gandhi International Stadium, Uppal",1,10.4,Sunrisers Hyderabad,Mumbai Indians,AJ Finch,DA Warner,KA Pollard,1,0,,,,,,,,,
734001,2014,2014-05-12,"Rajiv Gandhi International Stadium, Uppal",1,10.5,Sunrisers Hyderabad,Mumbai Indians,DA Warner,AJ Finch,KA Pollard,0,0,,,,,,,,,
734001,2014,2014-05-12,"Rajiv Gandhi International Stadium, Uppal",1,10.6,Sunrisers Hyderabad,Mumbai Indians,DA Warner,AJ Finch,KA Pollard,0,0,,,,,,,,,
734001,2014,2014-05-12,"Rajiv Gandhi International Stadium, Uppal",1,11.1,Sunrisers Hyderabad,Mumbai Indians,AJ Finch,DA Warner,PP Ojha,1,0,,,,,,,,,
734001,2014,2014-05-12,"Rajiv Gandhi International Stadium, Uppal",1,11.2,Sunrisers Hyderabad,Mumbai Indians,DA Warner,AJ Finch,PP Ojha,0,0,,,,,,,,,
734001,2014,2014-05-12,"Rajiv Gandhi International Stadium, Uppal",1,11.3,Sunrisers Hyderabad,Mumbai Indians,DA Warner,AJ Finch,PP Ojha,4,0,,,,,,,,,
734001,2014,2014-05-12,"Rajiv Gandhi International Stadium, Uppal",1,11.4,Sunrisers Hyderabad,Mumbai Indians,DA Warner,AJ Finch,PP Ojha,1,0,,,,,,,,,
734001,2014,2014-05-12,"Rajiv Gandhi International Stadium, Uppal",1,11.5,Sunrisers Hyderabad,Mumbai Indians,AJ Finch,DA Warner,PP Ojha,0,0,,,,,,,,,
734001,2014,2014-05-12,"Rajiv Gandhi International Stadium, Uppal",1,11.6,Sunrisers Hyderabad,Mumbai Indians,AJ Finch,DA Warner,PP Ojha,1,0,,,,,,,,,
734001,2014,2014-05-12,"Rajiv Gandhi International Stadium, Uppal",1,12.1,Sunrisers Hyderabad,Mumbai Indians,AJ Finch,DA Warner,Harbhajan Singh,0,0,,,,,,,,,
734001,2014,2014-05-12,"Rajiv Gandhi International Stadium, Uppal",1,12.2,Sunrisers Hyderabad,Mumbai Indians,AJ Finch,DA Warner,Harbhajan Singh,0,0,,,,,,,,,
734001,2014,2014-05-12,"Rajiv Gandhi International Stadium, Uppal",1,12.3,Sunrisers Hyderabad,Mumbai Indians,AJ Finch,DA Warner,Harbhajan Singh,1,0,,,,,,,,,
734001,2014,2014-05-12,"Rajiv Gandhi International Stadium, Uppal",1,12.4,Sunrisers Hyderabad,Mumbai Indians,DA Warner,AJ Finch,Harbhajan Singh,0,0,,,,,,,,,
734001,2014,2014-05-12,"Rajiv Gandhi International Stadium, Uppal",1,12.5,Sunrisers Hyderabad,Mumbai Indians,DA Warner,AJ Finch,Harbhajan Singh,0,0,,,,,,,,,
734001,2014,2014-05-12,"Rajiv Gandhi International Stadium, Uppal",1,12.6,Sunrisers Hyderabad,Mumbai Indians,DA Warner,AJ Finch,Harbhajan Singh,2,0,,,,,,,,,
734001,2014,2014-05-12,"Rajiv Gandhi International Stadium, Uppal",1,13.1,Sunrisers Hyderabad,Mumbai Indians,AJ Finch,DA Warner,SL Malinga,0,0,,,,,,,,,
734001,2014,2014-05-12,"Rajiv Gandhi International Stadium, Uppal",1,13.2,Sunrisers Hyderabad,Mumbai Indians,AJ Finch,DA Warner,SL Malinga,1,0,,,,,,,,,
734001,2014,2014-05-12,"Rajiv Gandhi International Stadium, Uppal",1,13.3,Sunrisers Hyderabad,Mumbai Indians,DA Warner,AJ Finch,SL Malinga,4,0,,,,,,,,,
734001,2014,2014-05-12,"Rajiv Gandhi International Stadium, Uppal",1,13.4,Sunrisers Hyderabad,Mumbai Indians,DA Warner,AJ Finch,SL Malinga,1,0,,,,,,,,,
734001,2014,2014-05-12,"Rajiv Gandhi International Stadium, Uppal",1,13.5,Sunrisers Hyderabad,Mumbai Indians,AJ Finch,DA Warner,SL Malinga,1,0,,,,,,,,,
734001,2014,2014-05-12,"Rajiv Gandhi International Stadium, Uppal",1,13.6,Sunrisers Hyderabad,Mumbai Indians,DA Warner,AJ Finch,SL Malinga,1,0,,,,,,,,,
734001,2014,2014-05-12,"Rajiv Gandhi International Stadium, Uppal",1,14.1,Sunrisers Hyderabad,Mumbai Indians,DA Warner,AJ Finch,Harbhajan Singh,2,0,,,,,,,,,
734001,2014,2014-05-12,"Rajiv Gandhi International Stadium, Uppal",1,14.2,Sunrisers Hyderabad,Mumbai Indians,DA Warner,AJ Finch,Harbhajan Singh,4,0,,,,,,,,,
734001,2014,2014-05-12,"Rajiv Gandhi International Stadium, Uppal",1,14.3,Sunrisers Hyderabad,Mumbai Indians,DA Warner,AJ Finch,Harbhajan Singh,0,1,1,,,,,,,,
734001,2014,2014-05-12,"Rajiv Gandhi International Stadium, Uppal",1,14.4,Sunrisers Hyderabad,Mumbai Indians,DA Warner,AJ Finch,Harbhajan Singh,0,0,,,,,,,,,
734001,2014,2014-05-12,"Rajiv Gandhi International Stadium, Uppal",1,14.5,Sunrisers Hyderabad,Mumbai Indians,DA Warner,AJ Finch,Harbhajan Singh,1,0,,,,,,,,,
734001,2014,2014-05-12,"Rajiv Gandhi International Stadium, Uppal",1,14.6,Sunrisers Hyderabad,Mumbai Indians,AJ Finch,DA Warner,Harbhajan Singh,4,0,,,,,,,,,
734001,2014,2014-05-12,"Rajiv Gandhi International Stadium, Uppal",1,14.7,Sunrisers Hyderabad,Mumbai Indians,AJ Finch,DA Warner,Harbhajan Singh,0,0,,,,,,,,,
734001,2014,2014-05-12,"Rajiv Gandhi International Stadium, Uppal",1,15.1,Sunrisers Hyderabad,Mumbai Indians,DA Warner,AJ Finch,JJ Bumrah,4,0,,,,,,,,,
734001,2014,2014-05-12,"Rajiv Gandhi International Stadium, Uppal",1,15.2,Sunrisers Hyderabad,Mumbai Indians,DA Warner,AJ Finch,JJ Bumrah,1,0,,,,,,,,,
734001,2014,2014-05-12,"Rajiv Gandhi International Stadium, Uppal",1,15.3,Sunrisers Hyderabad,Mumbai Indians,AJ Finch,DA Warner,JJ Bumrah,2,0,,,,,,,,,
734001,2014,2014-05-12,"Rajiv Gandhi International Stadium, Uppal",1,15.4,Sunrisers Hyderabad,Mumbai Indians,AJ Finch,DA Warner,JJ Bumrah,0,0,,,,,,,,,
734001,2014,2014-05-12,"Rajiv Gandhi International Stadium, Uppal",1,15.5,Sunrisers Hyderabad,Mumbai Indians,AJ Finch,DA Warner,JJ Bumrah,0,0,,,,,,,,,
734001,2014,2014-05-12,"Rajiv Gandhi International Stadium, Uppal",1,15.6,Sunrisers Hyderabad,Mumbai Indians,AJ Finch,DA Warner,JJ Bumrah,2,0,,,,,,,,,
734001,2014,2014-05-12,"Rajiv Gandhi International Stadium, Uppal",1,16.1,Sunrisers Hyderabad,Mumbai Indians,DA Warner,AJ Finch,SL Malinga,1,0,,,,,,,,,
734001,2014,2014-05-12,"Rajiv Gandhi International Stadium, Uppal",1,16.2,Sunrisers Hyderabad,Mumbai Indians,AJ Finch,DA Warner,SL Malinga,1,0,,,,,,,,,
734001,2014,2014-05-12,"Rajiv Gandhi International Stadium, Uppal",1,16.3,Sunrisers Hyderabad,Mumbai Indians,DA Warner,AJ Finch,SL Malinga,1,0,,,,,,,,,
734001,2014,2014-05-12,"Rajiv Gandhi International Stadium, Uppal",1,16.4,Sunrisers Hyderabad,Mumbai Indians,AJ Finch,DA Warner,SL Malinga,2,0,,,,,,,,,
734001,2014,2014-05-12,"Rajiv Gandhi International Stadium, Uppal",1,16.5,Sunrisers Hyderabad,Mumbai Indians,AJ Finch,DA Warner,SL Malinga,0,0,,,,,,,,,
734001,2014,2014-05-12,"Rajiv Gandhi International Stadium, Uppal",1,16.6,Sunrisers Hyderabad,Mumbai Indians,AJ Finch,DA Warner,SL Malinga,1,0,,,,,,,,,
734001,2014,2014-05-12,"Rajiv Gandhi International Stadium, Uppal",1,17.1,Sunrisers Hyderabad,Mumbai Indians,AJ Finch,DA Warner,JJ Bumrah,1,0,,,,,,,,,
734001,2014,2014-05-12,"Rajiv Gandhi International Stadium, Uppal",1,17.2,Sunrisers Hyderabad,Mumbai Indians,DA Warner,AJ Finch,JJ Bumrah,1,0,,,,,,,,,
734001,2014,2014-05-12,"Rajiv Gandhi International Stadium, Uppal",1,17.3,Sunrisers Hyderabad,Mumbai Indians,AJ Finch,DA Warner,JJ Bumrah,1,0,,,,,,,,,
734001,2014,2014-05-12,"Rajiv Gandhi International Stadium, Uppal",1,17.4,Sunrisers Hyderabad,Mumbai Indians,DA Warner,AJ Finch,JJ Bumrah,1,0,,,,,,,,,
734001,2014,2014-05-12,"Rajiv Gandhi International Stadium, Uppal",1,17.5,Sunrisers Hyderabad,Mumbai Indians,AJ Finch,DA Warner,JJ Bumrah,1,0,,,,,,,,,
734001,2014,2014-05-12,"Rajiv Gandhi International Stadium, Uppal",1,17.6,Sunrisers Hyderabad,Mumbai Indians,DA Warner,AJ Finch,JJ Bumrah,1,0,,,,,,,,,
734001,2014,2014-05-12,"Rajiv Gandhi International Stadium, Uppal",1,18.1,Sunrisers Hyderabad,Mumbai Indians,DA Warner,AJ Finch,SL Malinga,1,0,,,,,,,,,
734001,2014,2014-05-12,"Rajiv Gandhi International Stadium, Uppal",1,18.2,Sunrisers Hyderabad,Mumbai Indians,AJ Finch,DA Warner,SL Malinga,0,1,,,,1,,,,,
734001,2014,2014-05-12,"Rajiv Gandhi International Stadium, Uppal",1,18.3,Sunrisers Hyderabad,Mumbai Indians,DA Warner,AJ Finch,SL Malinga,6,0,,,,,,,,,
734001,2014,2014-05-12,"Rajiv Gandhi International Stadium, Uppal",1,18.4,Sunrisers Hyderabad,Mumbai Indians,DA Warner,AJ Finch,SL Malinga,1,0,,,,,,,,,
734001,2014,2014-05-12,"Rajiv Gandhi International Stadium, Uppal",1,18.5,Sunrisers Hyderabad,Mumbai Indians,AJ Finch,DA Warner,SL Malinga,0,0,,,,,,caught,AJ Finch,,
734001,2014,2014-05-12,"Rajiv Gandhi International Stadium, Uppal",1,18.6,Sunrisers Hyderabad,Mumbai Indians,DA Warner,NV Ojha,SL Malinga,6,0,,,,,,,,,
734001,2014,2014-05-12,"Rajiv Gandhi International Stadium, Uppal",1,19.1,Sunrisers Hyderabad,Mumbai Indians,NV Ojha,DA Warner,KA Pollard,0,0,,,,,,,,,
734001,2014,2014-05-12,"Rajiv Gandhi International Stadium, Uppal",1,19.2,Sunrisers Hyderabad,Mumbai Indians,NV Ojha,DA Warner,KA Pollard,0,1,1,,,,,,,,
734001,2014,2014-05-12,"Rajiv Gandhi International Stadium, Uppal",1,19.3,Sunrisers Hyderabad,Mumbai Indians,NV Ojha,DA Warner,KA Pollard,6,0,,,,,,,,,
734001,2014,2014-05-12,"Rajiv Gandhi International Stadium, Uppal",1,19.4,Sunrisers Hyderabad,Mumbai Indians,NV Ojha,DA Warner,KA Pollard,1,0,,,,,,,,,
734001,2014,2014-05-12,"Rajiv Gandhi International Stadium, Uppal",1,19.5,Sunrisers Hyderabad,Mumbai Indians,DA Warner,NV Ojha,KA Pollard,2,0,,,,,,,,,
734001,2014,2014-05-12,"Rajiv Gandhi International Stadium, Uppal",1,19.6,Sunrisers Hyderabad,Mumbai Indians,DA Warner,NV Ojha,KA Pollard,4,0,,,,,,,,,
734001,2014,2014-05-12,"Rajiv Gandhi International Stadium, Uppal",1,19.7,Sunrisers Hyderabad,Mumbai Indians,DA Warner,NV Ojha,KA Pollard,4,0,,,,,,,,,
734001,2014,2014-05-12,"Rajiv Gandhi International Stadium, Uppal",2,0.1,Mumbai Indians,Sunrisers Hyderabad,LMP Simmons,CM Gautam,DW Steyn,0,0,,,,,,,,,
734001,2014,2014-05-12,"Rajiv Gandhi International Stadium, Uppal",2,0.2,Mumbai Indians,Sunrisers Hyderabad,LMP Simmons,CM Gautam,DW Steyn,0,0,,,,,,,,,
734001,2014,2014-05-12,"Rajiv Gandhi International Stadium, Uppal",2,0.3,Mumbai Indians,Sunrisers Hyderabad,LMP Simmons,CM Gautam,DW Steyn,0,0,,,,,,,,,
734001,2014,2014-05-12,"Rajiv Gandhi International Stadium, Uppal",2,0.4,Mumbai Indians,Sunrisers Hyderabad,LMP Simmons,CM Gautam,DW Steyn,1,0,,,,,,,,,
734001,2014,2014-05-12,"Rajiv Gandhi International Stadium, Uppal",2,0.5,Mumbai Indians,Sunrisers Hyderabad,CM Gautam,LMP Simmons,DW Steyn,1,0,,,,,,,,,
734001,2014,2014-05-12,"Rajiv Gandhi International Stadium, Uppal",2,0.6,Mumbai Indians,Sunrisers Hyderabad,LMP Simmons,CM Gautam,DW Steyn,0,0,,,,,,,,,
734001,2014,2014-05-12,"Rajiv Gandhi International Stadium, Uppal",2,1.1,Mumbai Indians,Sunrisers Hyderabad,CM Gautam,LMP Simmons,B Kumar,0,0,,,,,,,,,
734001,2014,2014-05-12,"Rajiv Gandhi International Stadium, Uppal",2,1.2,Mumbai Indians,Sunrisers Hyderabad,CM Gautam,LMP Simmons,B Kumar,0,0,,,,,,caught,CM Gautam,,
734001,2014,2014-05-12,"Rajiv Gandhi International Stadium, Uppal",2,1.3,Mumbai Indians,Sunrisers Hyderabad,AT Rayudu,LMP Simmons,B Kumar,1,0,,,,,,,,,
734001,2014,2014-05-12,"Rajiv Gandhi International Stadium, Uppal",2,1.4,Mumbai Indians,Sunrisers Hyderabad,LMP Simmons,AT Rayudu,B Kumar,0,0,,,,,,,,,
734001,2014,2014-05-12,"Rajiv Gandhi International Stadium, Uppal",2,1.5,Mumbai Indians,Sunrisers Hyderabad,LMP Simmons,AT Rayudu,B Kumar,0,0,,,,,,,,,
734001,2014,2014-05-12,"Rajiv Gandhi International Stadium, Uppal",2,1.6,Mumbai Indians,Sunrisers Hyderabad,LMP Simmons,AT Rayudu,B Kumar,0,0,,,,,,,,,
734001,2014,2014-05-12,"Rajiv Gandhi International Stadium, Uppal",2,2.1,Mumbai Indians,Sunrisers Hyderabad,AT Rayudu,LMP Simmons,DW Steyn,1,0,,,,,,,,,
734001,2014,2014-05-12,"Rajiv Gandhi International Stadium, Uppal",2,2.2,Mumbai Indians,Sunrisers Hyderabad,LMP Simmons,AT Rayudu,DW Steyn,0,0,,,,,,,,,
734001,2014,2014-05-12,"Rajiv Gandhi International Stadium, Uppal",2,2.3,Mumbai Indians,Sunrisers Hyderabad,LMP Simmons,AT Rayudu,DW Steyn,0,0,,,,,,,,,
734001,2014,2014-05-12,"Rajiv Gandhi International Stadium, Uppal",2,2.4,Mumbai Indians,Sunrisers Hyderabad,LMP Simmons,AT Rayudu,DW Steyn,2,0,,,,,,,,,
734001,2014,2014-05-12,"Rajiv Gandhi International Stadium, Uppal",2,2.5,Mumbai Indians,Sunrisers Hyderabad,LMP Simmons,AT Rayudu,DW Steyn,2,0,,,,,,,,,
734001,2014,2014-05-12,"Rajiv Gandhi International Stadium, Uppal",2,2.6,Mumbai Indians,Sunrisers Hyderabad,LMP Simmons,AT Rayudu,DW Steyn,1,0,,,,,,,,,
734001,2014,2014-05-12,"Rajiv Gandhi International Stadium, Uppal",2,3.1,Mumbai Indians,Sunrisers Hyderabad,LMP Simmons,AT Rayudu,B Kumar,1,0,,,,,,,,,
734001,2014,2014-05-12,"Rajiv Gandhi International Stadium, Uppal",2,3.2,Mumbai Indians,Sunrisers Hyderabad,AT Rayudu,LMP Simmons,B Kumar,4,0,,,,,,,,,
734001,2014,2014-05-12,"Rajiv Gandhi International Stadium, Uppal",2,3.3,Mumbai Indians,Sunrisers Hyderabad,AT Rayudu,LMP Simmons,B Kumar,0,0,,,,,,,,,
734001,2014,2014-05-12,"Rajiv Gandhi International Stadium, Uppal",2,3.4,Mumbai Indians,Sunrisers Hyderabad,AT Rayudu,LMP Simmons,B Kumar,2,0,,,,,,,,,
734001,2014,2014-05-12,"Rajiv Gandhi International Stadium, Uppal",2,3.5,Mumbai Indians,Sunrisers Hyderabad,AT Rayudu,LMP Simmons,B Kumar,0,0,,,,,,,,,
734001,2014,2014-05-12,"Rajiv Gandhi International Stadium, Uppal",2,3.6,Mumbai Indians,Sunrisers Hyderabad,AT Rayudu,LMP Simmons,B Kumar,0,0,,,,,,,,,
734001,2014,2014-05-12,"Rajiv Gandhi International Stadium, Uppal",2,4.1,Mumbai Indians,Sunrisers Hyderabad,LMP Simmons,AT Rayudu,IK Pathan,0,0,,,,,,,,,
734001,2014,2014-05-12,"Rajiv Gandhi International Stadium, Uppal",2,4.2,Mumbai Indians,Sunrisers Hyderabad,LMP Simmons,AT Rayudu,IK Pathan,6,0,,,,,,,,,
734001,2014,2014-05-12,"Rajiv Gandhi International Stadium, Uppal",2,4.3,Mumbai Indians,Sunrisers Hyderabad,LMP Simmons,AT Rayudu,IK Pathan,4,0,,,,,,,,,
734001,2014,2014-05-12,"Rajiv Gandhi International Stadium, Uppal",2,4.4,Mumbai Indians,Sunrisers Hyderabad,LMP Simmons,AT Rayudu,IK Pathan,0,0,,,,,,,,,
734001,2014,2014-05-12,"Rajiv Gandhi International Stadium, Uppal",2,4.5,Mumbai Indians,Sunrisers Hyderabad,LMP Simmons,AT Rayudu,IK Pathan,0,0,,,,,,,,,
734001,2014,2014-05-12,"Rajiv Gandhi International Stadium, Uppal",2,4.6,Mumbai Indians,Sunrisers Hyderabad,LMP Simmons,AT Rayudu,IK Pathan,6,0,,,,,,,,,
734001,2014,2014-05-12,"Rajiv Gandhi International Stadium, Uppal",2,5.1,Mumbai Indians,Sunrisers Hyderabad,AT Rayudu,LMP Simmons,B Kumar,2,0,,,,,,,,,
734001,2014,2014-05-12,"Rajiv Gandhi International Stadium, Uppal",2,5.2,Mumbai Indians,Sunrisers Hyderabad,AT Rayudu,LMP Simmons,B Kumar,0,0,,,,,,,,,
734001,2014,2014-05-12,"Rajiv Gandhi International Stadium, Uppal",2,5.3,Mumbai Indians,Sunrisers Hyderabad,AT Rayudu,LMP Simmons,B Kumar,1,0,,,,,,,,,
734001,2014,2014-05-12,"Rajiv Gandhi International Stadium, Uppal",2,5.4,Mumbai Indians,Sunrisers Hyderabad,LMP Simmons,AT Rayudu,B Kumar,0,0,,,,,,,,,
734001,2014,2014-05-12,"Rajiv Gandhi International Stadium, Uppal",2,5.5,Mumbai Indians,Sunrisers Hyderabad,LMP Simmons,AT Rayudu,B Kumar,1,0,,,,,,,,,
734001,2014,2014-05-12,"Rajiv Gandhi International Stadium, Uppal",2,5.6,Mumbai Indians,Sunrisers Hyderabad,AT Rayudu,LMP Simmons,B Kumar,2,0,,,,,,,,,
734001,2014,2014-05-12,"Rajiv Gandhi International Stadium, Uppal",2,6.1,Mumbai Indians,Sunrisers Hyderabad,LMP Simmons,AT Rayudu,A Mishra,1,0,,,,,,,,,
734001,2014,2014-05-12,"Rajiv Gandhi International Stadium, Uppal",2,6.2,Mumbai Indians,Sunrisers Hyderabad,AT Rayudu,LMP Simmons,A Mishra,6,0,,,,,,,,,
734001,2014,2014-05-12,"Rajiv Gandhi International Stadium, Uppal",2,6.3,Mumbai Indians,Sunrisers Hyderabad,AT Rayudu,LMP Simmons,A Mishra,2,0,,,,,,,,,
734001,2014,2014-05-12,"Rajiv Gandhi International Stadium, Uppal",2,6.4,Mumbai Indians,Sunrisers Hyderabad,AT Rayudu,LMP Simmons,A Mishra,0,0,,,,,,,,,
734001,2014,2014-05-12,"Rajiv Gandhi International Stadium, Uppal",2,6.5,Mumbai Indians,Sunrisers Hyderabad,AT Rayudu,LMP Simmons,A Mishra,1,0,,,,,,,,,
734001,2014,2014-05-12,"Rajiv Gandhi International Stadium, Uppal",2,6.6,Mumbai Indians,Sunrisers Hyderabad,LMP Simmons,AT Rayudu,A Mishra,0,0,,,,,,,,,
734001,2014,2014-05-12,"Rajiv Gandhi International Stadium, Uppal",2,7.1,Mumbai Indians,Sunrisers Hyderabad,AT Rayudu,LMP Simmons,KV Sharma,1,0,,,,,,,,,
734001,2014,2014-05-12,"Rajiv Gandhi International Stadium, Uppal",2,7.2,Mumbai Indians,Sunrisers Hyderabad,LMP Simmons,AT Rayudu,KV Sharma,0,0,,,,,,,,,
734001,2014,2014-05-12,"Rajiv Gandhi International Stadium, Uppal",2,7.3,Mumbai Indians,Sunrisers Hyderabad,LMP Simmons,AT Rayudu,KV Sharma,0,0,,,,,,,,,
734001,2014,2014-05-12,"Rajiv Gandhi International Stadium, Uppal",2,7.4,Mumbai Indians,Sunrisers Hyderabad,LMP Simmons,AT Rayudu,KV Sharma,1,0,,,,,,,,,
734001,2014,2014-05-12,"Rajiv Gandhi International Stadium, Uppal",2,7.5,Mumbai Indians,Sunrisers Hyderabad,AT Rayudu,LMP Simmons,KV Sharma,0,0,,,,,,,,,
734001,2014,2014-05-12,"Rajiv Gandhi International Stadium, Uppal",2,7.6,Mumbai Indians,Sunrisers Hyderabad,AT Rayudu,LMP Simmons,KV Sharma,1,0,,,,,,,,,
734001,2014,2014-05-12,"Rajiv Gandhi International Stadium, Uppal",2,8.1,Mumbai Indians,Sunrisers Hyderabad,AT Rayudu,LMP Simmons,A Mishra,1,0,,,,,,,,,
734001,2014,2014-05-12,"Rajiv Gandhi International Stadium, Uppal",2,8.2,Mumbai Indians,Sunrisers Hyderabad,LMP Simmons,AT Rayudu,A Mishra,1,0,,,,,,,,,
734001,2014,2014-05-12,"Rajiv Gandhi International Stadium, Uppal",2,8.3,Mumbai Indians,Sunrisers Hyderabad,AT Rayudu,LMP Simmons,A Mishra,1,0,,,,,,,,,
734001,2014,2014-05-12,"Rajiv Gandhi International Stadium, Uppal",2,8.4,Mumbai Indians,Sunrisers Hyderabad,LMP Simmons,AT Rayudu,A Mishra,6,0,,,,,,,,,
734001,2014,2014-05-12,"Rajiv Gandhi International Stadium, Uppal",2,8.5,Mumbai Indians,Sunrisers Hyderabad,LMP Simmons,AT Rayudu,A Mishra,0,0,,,,,,,,,
734001,2014,2014-05-12,"Rajiv Gandhi International Stadium, Uppal",2,8.6,Mumbai Indians,Sunrisers Hyderabad,LMP Simmons,AT Rayudu,A Mishra,2,0,,,,,,,,,
734001,2014,2014-05-12,"Rajiv Gandhi International Stadium, Uppal",2,9.1,Mumbai Indians,Sunrisers Hyderabad,AT Rayudu,LMP Simmons,KV Sharma,0,0,,,,,,,,,
734001,2014,2014-05-12,"Rajiv Gandhi International Stadium, Uppal",2,9.2,Mumbai Indians,Sunrisers Hyderabad,AT Rayudu,LMP Simmons,KV Sharma,1,0,,,,,,,,,
734001,2014,2014-05-12,"Rajiv Gandhi International Stadium, Uppal",2,9.3,Mumbai Indians,Sunrisers Hyderabad,LMP Simmons,AT Rayudu,KV Sharma,2,0,,,,,,,,,
734001,2014,2014-05-12,"Rajiv Gandhi International Stadium, Uppal",2,9.4,Mumbai Indians,Sunrisers Hyderabad,LMP Simmons,AT Rayudu,KV Sharma,4,0,,,,,,,,,
734001,2014,2014-05-12,"Rajiv Gandhi International Stadium, Uppal",2,9.5,Mumbai Indians,Sunrisers Hyderabad,LMP Simmons,AT Rayudu,KV Sharma,0,0,,,,,,,,,
734001,2014,2014-05-12,"Rajiv Gandhi International Stadium, Uppal",2,9.6,Mumbai Indians,Sunrisers Hyderabad,LMP Simmons,AT Rayudu,KV Sharma,6,0,,,,,,,,,
734001,2014,2014-05-12,"Rajiv Gandhi International Stadium, Uppal",2,10.1,Mumbai Indians,Sunrisers Hyderabad,AT Rayudu,LMP Simmons,MC Henriques,0,0,,,,,,,,,
734001,2014,2014-05-12,"Rajiv Gandhi International Stadium, Uppal",2,10.2,Mumbai Indians,Sunrisers Hyderabad,AT Rayudu,LMP Simmons,MC Henriques,4,0,,,,,,,,,
734001,2014,2014-05-12,"Rajiv Gandhi International Stadium, Uppal",2,10.3,Mumbai Indians,Sunrisers Hyderabad,AT Rayudu,LMP Simmons,MC Henriques,0,0,,,,,,,,,
734001,2014,2014-05-12,"Rajiv Gandhi International Stadium, Uppal",2,10.4,Mumbai Indians,Sunrisers Hyderabad,AT Rayudu,LMP Simmons,MC Henriques,0,0,,,,,,,,,
734001,2014,2014-05-12,"Rajiv Gandhi International Stadium, Uppal",2,10.5,Mumbai Indians,Sunrisers Hyderabad,AT Rayudu,LMP Simmons,MC Henriques,1,0,,,,,,,,,
734001,2014,2014-05-12,"Rajiv Gandhi International Stadium, Uppal",2,10.6,Mumbai Indians,Sunrisers Hyderabad,LMP Simmons,AT Rayudu,MC Henriques,0,0,,,,,,,,,
734001,2014,2014-05-12,"Rajiv Gandhi International Stadium, Uppal",2,11.1,Mumbai Indians,Sunrisers Hyderabad,AT Rayudu,LMP Simmons,IK Pathan,1,0,,,,,,,,,
734001,2014,2014-05-12,"Rajiv Gandhi International Stadium, Uppal",2,11.2,Mumbai Indians,Sunrisers Hyderabad,LMP Simmons,AT Rayudu,IK Pathan,0,0,,,,,,,,,
734001,2014,2014-05-12,"Rajiv Gandhi International Stadium, Uppal",2,11.3,Mumbai Indians,Sunrisers Hyderabad,LMP Simmons,AT Rayudu,IK Pathan,1,0,,,,,,,,,
734001,2014,2014-05-12,"Rajiv Gandhi International Stadium, Uppal",2,11.4,Mumbai Indians,Sunrisers Hyderabad,AT Rayudu,LMP Simmons,IK Pathan,4,0,,,,,,,,,
734001,2014,2014-05-12,"Rajiv Gandhi International Stadium, Uppal",2,11.5,Mumbai Indians,Sunrisers Hyderabad,AT Rayudu,LMP Simmons,IK Pathan,6,0,,,,,,,,,
734001,2014,2014-05-12,"Rajiv Gandhi International Stadium, Uppal",2,11.6,Mumbai Indians,Sunrisers Hyderabad,AT Rayudu,LMP Simmons,IK Pathan,1,0,,,,,,,,,
734001,2014,2014-05-12,"Rajiv Gandhi International Stadium, Uppal",2,12.1,Mumbai Indians,Sunrisers Hyderabad,AT Rayudu,LMP Simmons,DW Steyn,4,0,,,,,,,,,
734001,2014,2014-05-12,"Rajiv Gandhi International Stadium, Uppal",2,12.2,Mumbai Indians,Sunrisers Hyderabad,AT Rayudu,LMP Simmons,DW Steyn,1,0,,,,,,,,,
734001,2014,2014-05-12,"Rajiv Gandhi International Stadium, Uppal",2,12.3,Mumbai Indians,Sunrisers Hyderabad,LMP Simmons,AT Rayudu,DW Steyn,2,0,,,,,,,,,
734001,2014,2014-05-12,"Rajiv Gandhi International Stadium, Uppal",2,12.4,Mumbai Indians,Sunrisers Hyderabad,LMP Simmons,AT Rayudu,DW Steyn,0,0,,,,,,,,,
734001,2014,2014-05-12,"Rajiv Gandhi International Stadium, Uppal",2,12.5,Mumbai Indians,Sunrisers Hyderabad,LMP Simmons,AT Rayudu,DW Steyn,4,0,,,,,,,,,
734001,2014,2014-05-12,"Rajiv Gandhi International Stadium, Uppal",2,12.6,Mumbai Indians,Sunrisers Hyderabad,LMP Simmons,AT Rayudu,DW Steyn,1,0,,,,,,,,,
734001,2014,2014-05-12,"Rajiv Gandhi International Stadium, Uppal",2,13.1,Mumbai Indians,Sunrisers Hyderabad,AT Rayudu,LMP Simmons,A Mishra,1,0,,,,,,,,,
734001,2014,2014-05-12,"Rajiv Gandhi International Stadium, Uppal",2,13.2,Mumbai Indians,Sunrisers Hyderabad,LMP Simmons,AT Rayudu,A Mishra,4,0,,,,,,,,,
734001,2014,2014-05-12,"Rajiv Gandhi International Stadium, Uppal",2,13.3,Mumbai Indians,Sunrisers Hyderabad,LMP Simmons,AT Rayudu,A Mishra,1,0,,,,,,,,,
734001,2014,2014-05-12,"Rajiv Gandhi International Stadium, Uppal",2,13.4,Mumbai Indians,Sunrisers Hyderabad,AT Rayudu,LMP Simmons,A Mishra,4,0,,,,,,,,,
734001,2014,2014-05-12,"Rajiv Gandhi International Stadium, Uppal",2,13.5,Mumbai Indians,Sunrisers Hyderabad,AT Rayudu,LMP Simmons,A Mishra,1,0,,,,,,,,,
734001,2014,2014-05-12,"Rajiv Gandhi International Stadium, Uppal",2,13.6,Mumbai Indians,Sunrisers Hyderabad,LMP Simmons,AT Rayudu,A Mishra,1,0,,,,,,,,,
734001,2014,2014-05-12,"Rajiv Gandhi International Stadium, Uppal",2,14.1,Mumbai Indians,Sunrisers Hyderabad,LMP Simmons,AT Rayudu,MC Henriques,1,0,,,,,,,,,
734001,2014,2014-05-12,"Rajiv Gandhi International Stadium, Uppal",2,14.2,Mumbai Indians,Sunrisers Hyderabad,AT Rayudu,LMP Simmons,MC Henriques,4,0,,,,,,,,,
734001,2014,2014-05-12,"Rajiv Gandhi International Stadium, Uppal",2,14.3,Mumbai Indians,Sunrisers Hyderabad,AT Rayudu,LMP Simmons,MC Henriques,1,0,,,,,,,,,
734001,2014,2014-05-12,"Rajiv Gandhi International Stadium, Uppal",2,14.4,Mumbai Indians,Sunrisers Hyderabad,LMP Simmons,AT Rayudu,MC Henriques,1,0,,,,,,,,,
734001,2014,2014-05-12,"Rajiv Gandhi International Stadium, Uppal",2,14.5,Mumbai Indians,Sunrisers Hyderabad,AT Rayudu,LMP Simmons,MC Henriques,0,0,,,,,,,,,
734001,2014,2014-05-12,"Rajiv Gandhi International Stadium, Uppal",2,14.6,Mumbai Indians,Sunrisers Hyderabad,AT Rayudu,LMP Simmons,MC Henriques,1,0,,,,,,,,,
734001,2014,2014-05-12,"Rajiv Gandhi International Stadium, Uppal",2,15.1,Mumbai Indians,Sunrisers Hyderabad,AT Rayudu,LMP Simmons,B Kumar,1,0,,,,,,,,,
734001,2014,2014-05-12,"Rajiv Gandhi International Stadium, Uppal",2,15.2,Mumbai Indians,Sunrisers Hyderabad,LMP Simmons,AT Rayudu,B Kumar,1,0,,,,,,,,,
734001,2014,2014-05-12,"Rajiv Gandhi International Stadium, Uppal",2,15.3,Mumbai Indians,Sunrisers Hyderabad,AT Rayudu,LMP Simmons,B Kumar,1,0,,,,,,,,,
734001,2014,2014-05-12,"Rajiv Gandhi International Stadium, Uppal",2,15.4,Mumbai Indians,Sunrisers Hyderabad,LMP Simmons,AT Rayudu,B Kumar,4,0,,,,,,,,,
734001,2014,2014-05-12,"Rajiv Gandhi International Stadium, Uppal",2,15.5,Mumbai Indians,Sunrisers Hyderabad,LMP Simmons,AT Rayudu,B Kumar,0,0,,,,,,bowled,LMP Simmons,,
734001,2014,2014-05-12,"Rajiv Gandhi International Stadium, Uppal",2,15.6,Mumbai Indians,Sunrisers Hyderabad,RG Sharma,AT Rayudu,B Kumar,0,0,,,,,,,,,
734001,2014,2014-05-12,"Rajiv Gandhi International Stadium, Uppal",2,16.1,Mumbai Indians,Sunrisers Hyderabad,AT Rayudu,RG Sharma,MC Henriques,0,1,1,,,,,,,,
734001,2014,2014-05-12,"Rajiv Gandhi International Stadium, Uppal",2,16.2,Mumbai Indians,Sunrisers Hyderabad,AT Rayudu,RG Sharma,MC Henriques,4,0,,,,,,,,,
734001,2014,2014-05-12,"Rajiv Gandhi International Stadium, Uppal",2,16.3,Mumbai Indians,Sunrisers Hyderabad,AT Rayudu,RG Sharma,MC Henriques,0,1,1,,,,,,,,
734001,2014,2014-05-12,"Rajiv Gandhi International Stadium, Uppal",2,16.4,Mumbai Indians,Sunrisers Hyderabad,AT Rayudu,RG Sharma,MC Henriques,1,0,,,,,,,,,
734001,2014,2014-05-12,"Rajiv Gandhi International Stadium, Uppal",2,16.5,Mumbai Indians,Sunrisers Hyderabad,RG Sharma,AT Rayudu,MC Henriques,1,0,,,,,,,,,
734001,2014,2014-05-12,"Rajiv Gandhi International Stadium, Uppal",2,16.6,Mumbai Indians,Sunrisers Hyderabad,AT Rayudu,RG Sharma,MC Henriques,0,0,,,,,,,,,
734001,2014,2014-05-12,"Rajiv Gandhi International Stadium, Uppal",2,16.7,Mumbai Indians,Sunrisers Hyderabad,AT Rayudu,RG Sharma,MC Henriques,0,1,1,,,,,,,,
734001,2014,2014-05-12,"Rajiv Gandhi International Stadium, Uppal",2,16.8,Mumbai Indians,Sunrisers Hyderabad,AT Rayudu,RG Sharma,MC Henriques,0,0,,,,,,caught and bowled,AT Rayudu,,
734001,2014,2014-05-12,"Rajiv Gandhi International Stadium, Uppal",2,16.9,Mumbai Indians,Sunrisers Hyderabad,KA Pollard,RG Sharma,MC Henriques,1,0,,,,,,,,,
734001,2014,2014-05-12,"Rajiv Gandhi International Stadium, Uppal",2,17.1,Mumbai Indians,Sunrisers Hyderabad,KA Pollard,RG Sharma,DW Steyn,0,0,,,,,,,,,
734001,2014,2014-05-12,"Rajiv Gandhi International Stadium, Uppal",2,17.2,Mumbai Indians,Sunrisers Hyderabad,KA Pollard,RG Sharma,DW Steyn,0,0,,,,,,,,,
734001,2014,2014-05-12,"Rajiv Gandhi International Stadium, Uppal",2,17.3,Mumbai Indians,Sunrisers Hyderabad,KA Pollard,RG Sharma,DW Steyn,0,0,,,,,,,,,
734001,2014,2014-05-12,"Rajiv Gandhi International Stadium, Uppal",2,17.4,Mumbai Indians,Sunrisers Hyderabad,KA Pollard,RG Sharma,DW Steyn,1,0,,,,,,,,,
734001,2014,2014-05-12,"Rajiv Gandhi International Stadium, Uppal",2,17.5,Mumbai Indians,Sunrisers Hyderabad,RG Sharma,KA Pollard,DW Steyn,4,0,,,,,,,,,
734001,2014,2014-05-12,"Rajiv Gandhi International Stadium, Uppal",2,17.6,Mumbai Indians,Sunrisers Hyderabad,RG Sharma,KA Pollard,DW Steyn,4,0,,,,,,,,,
734001,2014,2014-05-12,"Rajiv Gandhi International Stadium, Uppal",2,18.1,Mumbai Indians,Sunrisers Hyderabad,KA Pollard,RG Sharma,KV Sharma,3,0,,,,,,,,,
734001,2014,2014-05-12,"Rajiv Gandhi International Stadium, Uppal",2,18.2,Mumbai Indians,Sunrisers Hyderabad,RG Sharma,KA Pollard,KV Sharma,1,0,,,,,,,,,
734001,2014,2014-05-12,"Rajiv Gandhi International Stadium, Uppal",2,18.3,Mumbai Indians,Sunrisers Hyderabad,KA Pollard,RG Sharma,KV Sharma,1,0,,,,,,,,,
734001,2014,2014-05-12,"Rajiv Gandhi International Stadium, Uppal",2,18.4,Mumbai Indians,Sunrisers Hyderabad,RG Sharma,KA Pollard,KV Sharma,4,0,,,,,,,,,
