match_id,season,start_date,venue,innings,ball,batting_team,bowling_team,striker,non_striker,bowler,runs_off_bat,extras,wides,noballs,byes,legbyes,penalty,wicket_type,player_dismissed,other_wicket_type,other_player_dismissed
734009,2014,2014-05-14,Barabati Stadium,1,0.1,Mumbai Indians,Kolkata Knight Riders,LMP Simmons,CM Gautam,M Morkel,0,0,,,,,,,,,
734009,2014,2014-05-14,Barabati Stadium,1,0.2,Mumbai Indians,Kolkata Knight Riders,LMP Simmons,CM Gautam,M Morkel,0,1,,,,1,,,,,
734009,2014,2014-05-14,Barabati Stadium,1,0.3,Mumbai Indians,Kolkata Knight Riders,CM Gautam,LMP Simmons,M Morkel,0,0,,,,,,,,,
734009,2014,2014-05-14,Barabati Stadium,1,0.4,Mumbai Indians,Kolkata Knight Riders,CM Gautam,LMP Simmons,M Morkel,0,0,,,,,,,,,
734009,2014,2014-05-14,Barabati Stadium,1,0.5,Mumbai Indians,Kolkata Knight Riders,CM Gautam,LMP Simmons,M Morkel,0,2,2,,,,,,,,
734009,2014,2014-05-14,Barabati Stadium,1,0.6,Mumbai Indians,Kolkata Knight Riders,LMP Simmons,CM Gautam,M Morkel,0,0,,,,,,,,,
734009,2014,2014-05-14,Barabati Stadium,1,0.7,Mumbai Indians,Kolkata Knight Riders,LMP Simmons,CM Gautam,M Morkel,0,0,,,,,,,,,
734009,2014,2014-05-14,Barabati Stadium,1,1.1,Mumbai Indians,Kolkata Knight Riders,CM Gautam,LMP Simmons,UT Yadav,0,0,,,,,,,,,
734009,2014,2014-05-14,Barabati Stadium,1,1.2,Mumbai Indians,Kolkata Knight Riders,CM Gautam,LMP Simmons,UT Yadav,0,0,,,,,,,,,
734009,2014,2014-05-14,Barabati Stadium,1,1.3,Mumbai Indians,Kolkata Knight Riders,CM Gautam,LMP Simmons,UT Yadav,4,0,,,,,,,,,
734009,2014,2014-05-14,Barabati Stadium,1,1.4,Mumbai Indians,Kolkata Knight Riders,CM Gautam,LMP Simmons,UT Yadav,1,0,,,,,,,,,
734009,2014,2014-05-14,Barabati Stadium,1,1.5,Mumbai Indians,Kolkata Knight Riders,LMP Simmons,CM Gautam,UT Yadav,1,0,,,,,,,,,
734009,2014,2014-05-14,Barabati Stadium,1,1.6,Mumbai Indians,Kolkata Knight Riders,CM Gautam,LMP Simmons,UT Yadav,3,0,,,,,,,,,
734009,2014,2014-05-14,Barabati Stadium,1,2.1,Mumbai Indians,Kolkata Knight Riders,CM Gautam,LMP Simmons,M Morkel,0,0,,,,,,,,,
734009,2014,2014-05-14,Barabati Stadium,1,2.2,Mumbai Indians,Kolkata Knight Riders,CM Gautam,LMP Simmons,M Morkel,0,0,,,,,,caught,CM Gautam,,
734009,2014,2014-05-14,Barabati Stadium,1,2.3,Mumbai Indians,Kolkata Knight Riders,AT Rayudu,LMP Simmons,M Morkel,0,1,1,,,,,,,,
734009,2014,2014-05-14,Barabati Stadium,1,2.4,Mumbai Indians,Kolkata Knight Riders,AT Rayudu,LMP Simmons,M Morkel,1,1,,1,,,,,,,
734009,2014,2014-05-14,Barabati Stadium,1,2.5,Mumbai Indians,Kolkata Knight Riders,LMP Simmons,AT Rayudu,M Morkel,0,1,1,,,,,,,,
734009,2014,2014-05-14,Barabati Stadium,1,2.6,Mumbai Indians,Kolkata Knight Riders,LMP Simmons,AT Rayudu,M Morkel,1,0,,,,,,,,,
734009,2014,2014-05-14,Barabati Stadium,1,2.7,Mumbai Indians,Kolkata Knight Riders,AT Rayudu,LMP Simmons,M Morkel,0,0,,,,,,,,,
734009,2014,2014-05-14,Barabati Stadium,1,2.8,Mumbai Indians,Kolkata Knight Riders,AT Rayudu,LMP Simmons,M Morkel,6,0,,,,,,,,,
734009,2014,2014-05-14,Barabati Stadium,1,2.9,Mumbai Indians,Kolkata Knight Riders,AT Rayudu,LMP Simmons,M Morkel,0,0,,,,,,,,,
734009,2014,2014-05-14,Barabati Stadium,1,3.1,Mumbai Indians,Kolkata Knight Riders,LMP Simmons,AT Rayudu,Shakib Al Hasan,0,0,,,,,,,,,
734009,2014,2014-05-14,Barabati Stadium,1,3.2,Mumbai Indians,Kolkata Knight Riders,LMP Simmons,AT Rayudu,Shakib Al Hasan,0,0,,,,,,,,,
734009,2014,2014-05-14,Barabati Stadium,1,3.3,Mumbai Indians,Kolkata Knight Riders,LMP Simmons,AT Rayudu,Shakib Al Hasan,4,0,,,,,,,,,
734009,2014,2014-05-14,Barabati Stadium,1,3.4,Mumbai Indians,Kolkata Knight Riders,LMP Simmons,AT Rayudu,Shakib Al Hasan,0,0,,,,,,,,,
734009,2014,2014-05-14,Barabati Stadium,1,3.5,Mumbai Indians,Kolkata Knight Riders,LMP Simmons,AT Rayudu,Shakib Al Hasan,4,0,,,,,,,,,
734009,2014,2014-05-14,Barabati Stadium,1,3.6,Mumbai Indians,Kolkata Knight Riders,LMP Simmons,AT Rayudu,Shakib Al Hasan,1,0,,,,,,,,,
734009,2014,2014-05-14,Barabati Stadium,1,4.1,Mumbai Indians,Kolkata Knight Riders,LMP Simmons,AT Rayudu,SP Narine,1,0,,,,,,,,,
734009,2014,2014-05-14,Barabati Stadium,1,4.2,Mumbai Indians,Kolkata Knight Riders,AT Rayudu,LMP Simmons,SP Narine,0,0,,,,,,,,,
734009,2014,2014-05-14,Barabati Stadium,1,4.3,Mumbai Indians,Kolkata Knight Riders,AT Rayudu,LMP Simmons,SP Narine,0,0,,,,,,,,,
734009,2014,2014-05-14,Barabati Stadium,1,4.4,Mumbai Indians,Kolkata Knight Riders,AT Rayudu,LMP Simmons,SP Narine,2,0,,,,,,,,,
734009,2014,2014-05-14,Barabati Stadium,1,4.5,Mumbai Indians,Kolkata Knight Riders,AT Rayudu,LMP Simmons,SP Narine,0,0,,,,,,,,,
734009,2014,2014-05-14,Barabati Stadium,1,4.6,Mumbai Indians,Kolkata Knight Riders,AT Rayudu,LMP Simmons,SP Narine,0,0,,,,,,,,,
734009,2014,2014-05-14,Barabati Stadium,1,5.1,Mumbai Indians,Kolkata Knight Riders,LMP Simmons,AT Rayudu,Shakib Al Hasan,0,0,,,,,,bowled,LMP Simmons,,
734009,2014,2014-05-14,Barabati Stadium,1,5.2,Mumbai Indians,Kolkata Knight Riders,RG Sharma,AT Rayudu,Shakib Al Hasan,0,0,,,,,,,,,
734009,2014,2014-05-14,Barabati Stadium,1,5.3,Mumbai Indians,Kolkata Knight Riders,RG Sharma,AT Rayudu,Shakib Al Hasan,0,0,,,,,,,,,
734009,2014,2014-05-14,Barabati Stadium,1,5.4,Mumbai Indians,Kolkata Knight Riders,RG Sharma,AT Rayudu,Shakib Al Hasan,0,0,,,,,,,,,
734009,2014,2014-05-14,Barabati Stadium,1,5.5,Mumbai Indians,Kolkata Knight Riders,RG Sharma,AT Rayudu,Shakib Al Hasan,1,0,,,,,,,,,
734009,2014,2014-05-14,Barabati Stadium,1,5.6,Mumbai Indians,Kolkata Knight Riders,AT Rayudu,RG Sharma,Shakib Al Hasan,1,0,,,,,,,,,
734009,2014,2014-05-14,Barabati Stadium,1,6.1,Mumbai Indians,Kolkata Knight Riders,AT Rayudu,RG Sharma,UT Yadav,0,0,,,,,,,,,
734009,2014,2014-05-14,Barabati Stadium,1,6.2,Mumbai Indians,Kolkata Knight Riders,AT Rayudu,RG Sharma,UT Yadav,4,0,,,,,,,,,
734009,2014,2014-05-14,Barabati Stadium,1,6.3,Mumbai Indians,Kolkata Knight Riders,AT Rayudu,RG Sharma,UT Yadav,0,0,,,,,,,,,
734009,2014,2014-05-14,Barabati Stadium,1,6.4,Mumbai Indians,Kolkata Knight Riders,AT Rayudu,RG Sharma,UT Yadav,1,0,,,,,,,,,
734009,2014,2014-05-14,Barabati Stadium,1,6.5,Mumbai Indians,Kolkata Knight Riders,RG Sharma,AT Rayudu,UT Yadav,0,0,,,,,,,,,
734009,2014,2014-05-14,Barabati Stadium,1,6.6,Mumbai Indians,Kolkata Knight Riders,RG Sharma,AT Rayudu,UT Yadav,1,0,,,,,,,,,
734009,2014,2014-05-14,Barabati Stadium,1,7.1,Mumbai Indians,Kolkata Knight Riders,RG Sharma,AT Rayudu,PP Chawla,0,0,,,,,,,,,
734009,2014,2014-05-14,Barabati Stadium,1,7.2,Mumbai Indians,Kolkata Knight Riders,RG Sharma,AT Rayudu,PP Chawla,1,0,,,,,,,,,
734009,2014,2014-05-14,Barabati Stadium,1,7.3,Mumbai Indians,Kolkata Knight Riders,AT Rayudu,RG Sharma,PP Chawla,1,0,,,,,,,,,
734009,2014,2014-05-14,Barabati Stadium,1,7.4,Mumbai Indians,Kolkata Knight Riders,RG Sharma,AT Rayudu,PP Chawla,0,0,,,,,,,,,
734009,2014,2014-05-14,Barabati Stadium,1,7.5,Mumbai Indians,Kolkata Knight Riders,RG Sharma,AT Rayudu,PP Chawla,1,0,,,,,,,,,
734009,2014,2014-05-14,Barabati Stadium,1,7.6,Mumbai Indians,Kolkata Knight Riders,AT Rayudu,RG Sharma,PP Chawla,0,0,,,,,,,,,
734009,2014,2014-05-14,Barabati Stadium,1,8.1,Mumbai Indians,Kolkata Knight Riders,RG Sharma,AT Rayudu,YK Pathan,2,0,,,,,,,,,
734009,2014,2014-05-14,Barabati Stadium,1,8.2,Mumbai Indians,Kolkata Knight Riders,RG Sharma,AT Rayudu,YK Pathan,0,0,,,,,,,,,
734009,2014,2014-05-14,Barabati Stadium,1,8.3,Mumbai Indians,Kolkata Knight Riders,RG Sharma,AT Rayudu,YK Pathan,1,0,,,,,,,,,
734009,2014,2014-05-14,Barabati Stadium,1,8.4,Mumbai Indians,Kolkata Knight Riders,AT Rayudu,RG Sharma,YK Pathan,4,0,,,,,,,,,
734009,2014,2014-05-14,Barabati Stadium,1,8.5,Mumbai Indians,Kolkata Knight Riders,AT Rayudu,RG Sharma,YK Pathan,2,0,,,,,,,,,
734009,2014,2014-05-14,Barabati Stadium,1,8.6,Mumbai Indians,Kolkata Knight Riders,AT Rayudu,RG Sharma,YK Pathan,1,0,,,,,,,,,
734009,2014,2014-05-14,Barabati Stadium,1,9.1,Mumbai Indians,Kolkata Knight Riders,AT Rayudu,RG Sharma,PP Chawla,2,0,,,,,,,,,
734009,2014,2014-05-14,Barabati Stadium,1,9.2,Mumbai Indians,Kolkata Knight Riders,AT Rayudu,RG Sharma,PP Chawla,1,0,,,,,,,,,
734009,2014,2014-05-14,Barabati Stadium,1,9.3,Mumbai Indians,Kolkata Knight Riders,RG Sharma,AT Rayudu,PP Chawla,1,0,,,,,,,,,
734009,2014,2014-05-14,Barabati Stadium,1,9.4,Mumbai Indians,Kolkata Knight Riders,AT Rayudu,RG Sharma,PP Chawla,1,0,,,,,,,,,
734009,2014,2014-05-14,Barabati Stadium,1,9.5,Mumbai Indians,Kolkata Knight Riders,RG Sharma,AT Rayudu,PP Chawla,0,0,,,,,,,,,
734009,2014,2014-05-14,Barabati Stadium,1,9.6,Mumbai Indians,Kolkata Knight Riders,RG Sharma,AT Rayudu,PP Chawla,1,0,,,,,,,,,
734009,2014,2014-05-14,Barabati Stadium,1,10.1,Mumbai Indians,Kolkata Knight Riders,RG Sharma,AT Rayudu,Shakib Al Hasan,0,0,,,,,,,,,
734009,2014,2014-05-14,Barabati Stadium,1,10.2,Mumbai Indians,Kolkata Knight Riders,RG Sharma,AT Rayudu,Shakib Al Hasan,0,0,,,,,,,,,
734009,2014,2014-05-14,Barabati Stadium,1,10.3,Mumbai Indians,Kolkata Knight Riders,RG Sharma,AT Rayudu,Shakib Al Hasan,0,0,,,,,,,,,
734009,2014,2014-05-14,Barabati Stadium,1,10.4,Mumbai Indians,Kolkata Knight Riders,RG Sharma,AT Rayudu,Shakib Al Hasan,1,0,,,,,,,,,
734009,2014,2014-05-14,Barabati Stadium,1,10.5,Mumbai Indians,Kolkata Knight Riders,AT Rayudu,RG Sharma,Shakib Al Hasan,0,0,,,,,,,,,
734009,2014,2014-05-14,Barabati Stadium,1,10.6,Mumbai Indians,Kolkata Knight Riders,AT Rayudu,RG Sharma,Shakib Al Hasan,1,0,,,,,,,,,
734009,2014,2014-05-14,Barabati Stadium,1,11.1,Mumbai Indians,Kolkata Knight Riders,AT Rayudu,RG Sharma,PP Chawla,1,0,,,,,,,,,
734009,2014,2014-05-14,Barabati Stadium,1,11.2,Mumbai Indians,Kolkata Knight Riders,RG Sharma,AT Rayudu,PP Chawla,0,0,,,,,,,,,
734009,2014,2014-05-14,Barabati Stadium,1,11.3,Mumbai Indians,Kolkata Knight Riders,RG Sharma,AT Rayudu,PP Chawla,1,0,,,,,,,,,
734009,2014,2014-05-14,Barabati Stadium,1,11.4,Mumbai Indians,Kolkata Knight Riders,AT Rayudu,RG Sharma,PP Chawla,4,0,,,,,,,,,
734009,2014,2014-05-14,Barabati Stadium,1,11.5,Mumbai Indians,Kolkata Knight Riders,AT Rayudu,RG Sharma,PP Chawla,0,0,,,,,,caught,AT Rayudu,,
734009,2014,2014-05-14,Barabati Stadium,1,11.6,Mumbai Indians,Kolkata Knight Riders,CJ Anderson,RG Sharma,PP Chawla,0,0,,,,,,,,,
734009,2014,2014-05-14,Barabati Stadium,1,12.1,Mumbai Indians,Kolkata Knight Riders,RG Sharma,CJ Anderson,M Morkel,0,0,,,,,,,,,
734009,2014,2014-05-14,Barabati Stadium,1,12.2,Mumbai Indians,Kolkata Knight Riders,RG Sharma,CJ Anderson,M Morkel,0,0,,,,,,,,,
734009,2014,2014-05-14,Barabati Stadium,1,12.3,Mumbai Indians,Kolkata Knight Riders,RG Sharma,CJ Anderson,M Morkel,1,0,,,,,,,,,
734009,2014,2014-05-14,Barabati Stadium,1,12.4,Mumbai Indians,Kolkata Knight Riders,CJ Anderson,RG Sharma,M Morkel,0,0,,,,,,,,,
734009,2014,2014-05-14,Barabati Stadium,1,12.5,Mumbai Indians,Kolkata Knight Riders,CJ Anderson,RG Sharma,M Morkel,1,0,,,,,,,,,
734009,2014,2014-05-14,Barabati Stadium,1,12.6,Mumbai Indians,Kolkata Knight Riders,RG Sharma,CJ Anderson,M Morkel,4,0,,,,,,,,,
734009,2014,2014-05-14,Barabati Stadium,1,13.1,Mumbai Indians,Kolkata Knight Riders,CJ Anderson,RG Sharma,PP Chawla,2,0,,,,,,,,,
734009,2014,2014-05-14,Barabati Stadium,1,13.2,Mumbai Indians,Kolkata Knight Riders,CJ Anderson,RG Sharma,PP Chawla,0,0,,,,,,,,,
734009,2014,2014-05-14,Barabati Stadium,1,13.3,Mumbai Indians,Kolkata Knight Riders,CJ Anderson,RG Sharma,PP Chawla,6,0,,,,,,,,,
734009,2014,2014-05-14,Barabati Stadium,1,13.4,Mumbai Indians,Kolkata Knight Riders,CJ Anderson,RG Sharma,PP Chawla,4,0,,,,,,,,,
734009,2014,2014-05-14,Barabati Stadium,1,13.5,Mumbai Indians,Kolkata Knight Riders,CJ Anderson,RG Sharma,PP Chawla,1,0,,,,,,,,,
734009,2014,2014-05-14,Barabati Stadium,1,13.6,Mumbai Indians,Kolkata Knight Riders,RG Sharma,CJ Anderson,PP Chawla,4,0,,,,,,,,,
734009,2014,2014-05-14,Barabati Stadium,1,14.1,Mumbai Indians,Kolkata Knight Riders,CJ Anderson,RG Sharma,SP Narine,1,0,,,,,,,,,
734009,2014,2014-05-14,Barabati Stadium,1,14.2,Mumbai Indians,Kolkata Knight Riders,RG Sharma,CJ Anderson,SP Narine,0,0,,,,,,,,,
734009,2014,2014-05-14,Barabati Stadium,1,14.3,Mumbai Indians,Kolkata Knight Riders,RG Sharma,CJ Anderson,SP Narine,1,0,,,,,,,,,
734009,2014,2014-05-14,Barabati Stadium,1,14.4,Mumbai Indians,Kolkata Knight Riders,CJ Anderson,RG Sharma,SP Narine,3,0,,,,,,,,,
734009,2014,2014-05-14,Barabati Stadium,1,14.5,Mumbai Indians,Kolkata Knight Riders,RG Sharma,CJ Anderson,SP Narine,1,0,,,,,,,,,
734009,2014,2014-05-14,Barabati Stadium,1,14.6,Mumbai Indians,Kolkata Knight Riders,CJ Anderson,RG Sharma,SP Narine,0,0,,,,,,,,,
734009,2014,2014-05-14,Barabati Stadium,1,15.1,Mumbai Indians,Kolkata Knight Riders,RG Sharma,CJ Anderson,M Morkel,0,0,,,,,,,,,
734009,2014,2014-05-14,Barabati Stadium,1,15.2,Mumbai Indians,Kolkata Knight Riders,RG Sharma,CJ Anderson,M Morkel,2,0,,,,,,,,,
734009,2014,2014-05-14,Barabati Stadium,1,15.3,Mumbai Indians,Kolkata Knight Riders,RG Sharma,CJ Anderson,M Morkel,6,0,,,,,,,,,
734009,2014,2014-05-14,Barabati Stadium,1,15.4,Mumbai Indians,Kolkata Knight Riders,RG Sharma,CJ Anderson,M Morkel,0,1,1,,,,,,,,
734009,2014,2014-05-14,Barabati Stadium,1,15.5,Mumbai Indians,Kolkata Knight Riders,RG Sharma,CJ Anderson,M Morkel,6,0,,,,,,,,,
734009,2014,2014-05-14,Barabati Stadium,1,15.6,Mumbai Indians,Kolkata Knight Riders,RG Sharma,CJ Anderson,M Morkel,1,0,,,,,,,,,
734009,2014,2014-05-14,Barabati Stadium,1,15.7,Mumbai Indians,Kolkata Knight Riders,CJ Anderson,RG Sharma,M Morkel,0,0,,,,,,caught,CJ Anderson,,
734009,2014,2014-05-14,Barabati Stadium,1,16.1,Mumbai Indians,Kolkata Knight Riders,RG Sharma,KA Pollard,Shakib Al Hasan,1,0,,,,,,,,,
734009,2014,2014-05-14,Barabati Stadium,1,16.2,Mumbai Indians,Kolkata Knight Riders,KA Pollard,RG Sharma,Shakib Al Hasan,0,0,,,,,,,,,
734009,2014,2014-05-14,Barabati Stadium,1,16.3,Mumbai Indians,Kolkata Knight Riders,KA Pollard,RG Sharma,Shakib Al Hasan,0,0,,,,,,,,,
734009,2014,2014-05-14,Barabati Stadium,1,16.4,Mumbai Indians,Kolkata Knight Riders,KA Pollard,RG Sharma,Shakib Al Hasan,2,0,,,,,,,,,
734009,2014,2014-05-14,Barabati Stadium,1,16.5,Mumbai Indians,Kolkata Knight Riders,KA Pollard,RG Sharma,Shakib Al Hasan,1,0,,,,,,,,,
734009,2014,2014-05-14,Barabati Stadium,1,16.6,Mumbai Indians,Kolkata Knight Riders,RG Sharma,KA Pollard,Shakib Al Hasan,4,0,,,,,,,,,
734009,2014,2014-05-14,Barabati Stadium,1,17.1,Mumbai Indians,Kolkata Knight Riders,KA Pollard,RG Sharma,SP Narine,1,0,,,,,,,,,
734009,2014,2014-05-14,Barabati Stadium,1,17.2,Mumbai Indians,Kolkata Knight Riders,RG Sharma,KA Pollard,SP Narine,1,0,,,,,,,,,
734009,2014,2014-05-14,Barabati Stadium,1,17.3,Mumbai Indians,Kolkata Knight Riders,KA Pollard,RG Sharma,SP Narine,1,0,,,,,,,,,
734009,2014,2014-05-14,Barabati Stadium,1,17.4,Mumbai Indians,Kolkata Knight Riders,RG Sharma,KA Pollard,SP Narine,2,0,,,,,,,,,
734009,2014,2014-05-14,Barabati Stadium,1,17.5,Mumbai Indians,Kolkata Knight Riders,RG Sharma,KA Pollard,SP Narine,0,0,,,,,,,,,
734009,2014,2014-05-14,Barabati Stadium,1,17.6,Mumbai Indians,Kolkata Knight Riders,RG Sharma,KA Pollard,SP Narine,0,0,,,,,,,,,
734009,2014,2014-05-14,Barabati Stadium,1,18.1,Mumbai Indians,Kolkata Knight Riders,KA Pollard,RG Sharma,UT Yadav,1,0,,,,,,,,,
734009,2014,2014-05-14,Barabati Stadium,1,18.2,Mumbai Indians,Kolkata Knight Riders,RG Sharma,KA Pollard,UT Yadav,1,0,,,,,,,,,
734009,2014,2014-05-14,Barabati Stadium,1,18.3,Mumbai Indians,Kolkata Knight Riders,KA Pollard,RG Sharma,UT Yadav,1,0,,,,,,,,,
734009,2014,2014-05-14,Barabati Stadium,1,18.4,Mumbai Indians,Kolkata Knight Riders,RG Sharma,KA Pollard,UT Yadav,4,0,,,,,,,,,
734009,2014,2014-05-14,Barabati Stadium,1,18.5,Mumbai Indians,Kolkata Knight Riders,RG Sharma,KA Pollard,UT Yadav,1,0,,,,,,,,,
734009,2014,2014-05-14,Barabati Stadium,1,18.6,Mumbai Indians,Kolkata Knight Riders,KA Pollard,RG Sharma,UT Yadav,1,0,,,,,,,,,
734009,2014,2014-05-14,Barabati Stadium,1,19.1,Mumbai Indians,Kolkata Knight Riders,KA Pollard,RG Sharma,SP Narine,1,0,,,,,,,,,
734009,2014,2014-05-14,Barabati Stadium,1,19.2,Mumbai Indians,Kolkata Knight Riders,RG Sharma,KA Pollard,SP Narine,0,0,,,,,,bowled,RG Sharma,,
734009,2014,2014-05-14,Barabati Stadium,1,19.3,Mumbai Indians,Kolkata Knight Riders,AP Tare,KA Pollard,SP Narine,1,0,,,,,,,,,
734009,2014,2014-05-14,Barabati Stadium,1,19.4,Mumbai Indians,Kolkata Knight Riders,KA Pollard,AP Tare,SP Narine,1,0,,,,,,,,,
734009,2014,2014-05-14,Barabati Stadium,1,19.5,Mumbai Indians,Kolkata Knight Riders,AP Tare,KA Pollard,SP Narine,0,0,,,,,,,,,
734009,2014,2014-05-14,Barabati Stadium,1,19.6,Mumbai Indians,Kolkata Knight Riders,AP Tare,KA Pollard,SP Narine,1,0,,,,,,,,,
734009,2014,2014-05-14,Barabati Stadium,2,0.1,Kolkata Knight Riders,Mumbai Indians,RV Uthappa,G Gambhir,SL Malinga,0,0,,,,,,,,,
734009,2014,2014-05-14,Barabati Stadium,2,0.2,Kolkata Knight Riders,Mumbai Indians,RV Uthappa,G Gambhir,SL Malinga,4,0,,,,,,,,,
734009,2014,2014-05-14,Barabati Stadium,2,0.3,Kolkata Knight Riders,Mumbai Indians,RV Uthappa,G Gambhir,SL Malinga,0,0,,,,,,,,,
734009,2014,2014-05-14,Barabati Stadium,2,0.4,Kolkata Knight Riders,Mumbai Indians,RV Uthappa,G Gambhir,SL Malinga,0,0,,,,,,,,,
734009,2014,2014-05-14,Barabati Stadium,2,0.5,Kolkata Knight Riders,Mumbai Indians,RV Uthappa,G Gambhir,SL Malinga,1,0,,,,,,,,,
734009,2014,2014-05-14,Barabati Stadium,2,0.6,Kolkata Knight Riders,Mumbai Indians,G Gambhir,RV Uthappa,SL Malinga,0,1,1,,,,,,,,
734009,2014,2014-05-14,Barabati Stadium,2,0.7,Kolkata Knight Riders,Mumbai Indians,G Gambhir,RV Uthappa,SL Malinga,1,0,,,,,,,,,
734009,2014,2014-05-14,Barabati Stadium,2,1.1,Kolkata Knight Riders,Mumbai Indians,G Gambhir,RV Uthappa,JJ Bumrah,0,1,,,,1,,,,,
734009,2014,2014-05-14,Barabati Stadium,2,1.2,Kolkata Knight Riders,Mumbai Indians,RV Uthappa,G Gambhir,JJ Bumrah,0,0,,,,,,,,,
734009,2014,2014-05-14,Barabati Stadium,2,1.3,Kolkata Knight Riders,Mumbai Indians,RV Uthappa,G Gambhir,JJ Bumrah,1,0,,,,,,,,,
734009,2014,2014-05-14,Barabati Stadium,2,1.4,Kolkata Knight Riders,Mumbai Indians,G Gambhir,RV Uthappa,JJ Bumrah,0,0,,,,,,,,,
734009,2014,2014-05-14,Barabati Stadium,2,1.5,Kolkata Knight Riders,Mumbai Indians,G Gambhir,RV Uthappa,JJ Bumrah,0,0,,,,,,,,,
734009,2014,2014-05-14,Barabati Stadium,2,1.6,Kolkata Knight Riders,Mumbai Indians,G Gambhir,RV Uthappa,JJ Bumrah,4,0,,,,,,,,,
734009,2014,2014-05-14,Barabati Stadium,2,2.1,Kolkata Knight Riders,Mumbai Indians,RV Uthappa,G Gambhir,Harbhajan Singh,1,0,,,,,,,,,
734009,2014,2014-05-14,Barabati Stadium,2,2.2,Kolkata Knight Riders,Mumbai Indians,G Gambhir,RV Uthappa,Harbhajan Singh,1,0,,,,,,,,,
734009,2014,2014-05-14,Barabati Stadium,2,2.3,Kolkata Knight Riders,Mumbai Indians,RV Uthappa,G Gambhir,Harbhajan Singh,1,0,,,,,,,,,
734009,2014,2014-05-14,Barabati Stadium,2,2.4,Kolkata Knight Riders,Mumbai Indians,G Gambhir,RV Uthappa,Harbhajan Singh,0,0,,,,,,,,,
734009,2014,2014-05-14,Barabati Stadium,2,2.5,Kolkata Knight Riders,Mumbai Indians,G Gambhir,RV Uthappa,Harbhajan Singh,1,0,,,,,,,,,
734009,2014,2014-05-14,Barabati Stadium,2,2.6,Kolkata Knight Riders,Mumbai Indians,RV Uthappa,G Gambhir,Harbhajan Singh,4,0,,,,,,,,,
734009,2014,2014-05-14,Barabati Stadium,2,3.1,Kolkata Knight Riders,Mumbai Indians,G Gambhir,RV Uthappa,JJ Bumrah,0,0,,,,,,,,,
734009,2014,2014-05-14,Barabati Stadium,2,3.2,Kolkata Knight Riders,Mumbai Indians,G Gambhir,RV Uthappa,JJ Bumrah,0,0,,,,,,,,,
734009,2014,2014-05-14,Barabati Stadium,2,3.3,Kolkata Knight Riders,Mumbai Indians,G Gambhir,RV Uthappa,JJ Bumrah,1,0,,,,,,,,,
734009,2014,2014-05-14,Barabati Stadium,2,3.4,Kolkata Knight Riders,Mumbai Indians,RV Uthappa,G Gambhir,JJ Bumrah,4,0,,,,,,,,,
734009,2014,2014-05-14,Barabati Stadium,2,3.5,Kolkata Knight Riders,Mumbai Indians,RV Uthappa,G Gambhir,JJ Bumrah,4,0,,,,,,,,,
734009,2014,2014-05-14,Barabati Stadium,2,3.6,Kolkata Knight Riders,Mumbai Indians,RV Uthappa,G Gambhir,JJ Bumrah,1,0,,,,,,,,,
734009,2014,2014-05-14,Barabati Stadium,2,4.1,Kolkata Knight Riders,Mumbai Indians,RV Uthappa,G Gambhir,PP Ojha,0,0,,,,,,,,,
734009,2014,2014-05-14,Barabati Stadium,2,4.2,Kolkata Knight Riders,Mumbai Indians,RV Uthappa,G Gambhir,PP Ojha,0,0,,,,,,,,,
734009,2014,2014-05-14,Barabati Stadium,2,4.3,Kolkata Knight Riders,Mumbai Indians,RV Uthappa,G Gambhir,PP Ojha,6,0,,,,,,,,,
734009,2014,2014-05-14,Barabati Stadium,2,4.4,Kolkata Knight Riders,Mumbai Indians,RV Uthappa,G Gambhir,PP Ojha,0,0,,,,,,,,,
734009,2014,2014-05-14,Barabati Stadium,2,4.5,Kolkata Knight Riders,Mumbai Indians,RV Uthappa,G Gambhir,PP Ojha,1,0,,,,,,,,,
734009,2014,2014-05-14,Barabati Stadium,2,4.6,Kolkata Knight Riders,Mumbai Indians,G Gambhir,RV Uthappa,PP Ojha,2,0,,,,,,,,,
734009,2014,2014-05-14,Barabati Stadium,2,5.1,Kolkata Knight Riders,Mumbai Indians,RV Uthappa,G Gambhir,SL Malinga,0,0,,,,,,,,,
734009,2014,2014-05-14,Barabati Stadium,2,5.2,Kolkata Knight Riders,Mumbai Indians,RV Uthappa,G Gambhir,SL Malinga,0,1,1,,,,,,,,
734009,2014,2014-05-14,Barabati Stadium,2,5.3,Kolkata Knight Riders,Mumbai Indians,RV Uthappa,G Gambhir,SL Malinga,0,0,,,,,,,,,
734009,2014,2014-05-14,Barabati Stadium,2,5.4,Kolkata Knight Riders,Mumbai Indians,RV Uthappa,G Gambhir,SL Malinga,0,0,,,,,,,,,
734009,2014,2014-05-14,Barabati Stadium,2,5.5,Kolkata Knight Riders,Mumbai Indians,RV Uthappa,G Gambhir,SL Malinga,0,0,,,,,,,,,
734009,2014,2014-05-14,Barabati Stadium,2,5.6,Kolkata Knight Riders,Mumbai Indians,RV Uthappa,G Gambhir,SL Malinga,4,0,,,,,,,,,
734009,2014,2014-05-14,Barabati Stadium,2,5.7,Kolkata Knight Riders,Mumbai Indians,RV Uthappa,G Gambhir,SL Malinga,0,0,,,,,,,,,
734009,2014,2014-05-14,Barabati Stadium,2,6.1,Kolkata Knight Riders,Mumbai Indians,G Gambhir,RV Uthappa,PP Ojha,1,0,,,,,,,,,
734009,2014,2014-05-14,Barabati Stadium,2,6.2,Kolkata Knight Riders,Mumbai Indians,RV Uthappa,G Gambhir,PP Ojha,1,0,,,,,,,,,
734009,2014,2014-05-14,Barabati Stadium,2,6.3,Kolkata Knight Riders,Mumbai Indians,G Gambhir,RV Uthappa,PP Ojha,2,0,,,,,,,,,
734009,2014,2014-05-14,Barabati Stadium,2,6.4,Kolkata Knight Riders,Mumbai Indians,G Gambhir,RV Uthappa,PP Ojha,0,0,,,,,,,,,
734009,2014,2014-05-14,Barabati Stadium,2,6.5,Kolkata Knight Riders,Mumbai Indians,G Gambhir,RV Uthappa,PP Ojha,1,0,,,,,,,,,
734009,2014,2014-05-14,Barabati Stadium,2,6.6,Kolkata Knight Riders,Mumbai Indians,RV Uthappa,G Gambhir,PP Ojha,0,0,,,,,,,,,
734009,2014,2014-05-14,Barabati Stadium,2,7.1,Kolkata Knight Riders,Mumbai Indians,G Gambhir,RV Uthappa,Harbhajan Singh,0,0,,,,,,,,,
734009,2014,2014-05-14,Barabati Stadium,2,7.2,Kolkata Knight Riders,Mumbai Indians,G Gambhir,RV Uthappa,Harbhajan Singh,0,0,,,,,,bowled,G Gambhir,,
734009,2014,2014-05-14,Barabati Stadium,2,7.3,Kolkata Knight Riders,Mumbai Indians,MK Pandey,RV Uthappa,Harbhajan Singh,0,1,1,,,,,,,,
734009,2014,2014-05-14,Barabati Stadium,2,7.4,Kolkata Knight Riders,Mumbai Indians,MK Pandey,RV Uthappa,Harbhajan Singh,0,0,,,,,,,,,
734009,2014,2014-05-14,Barabati Stadium,2,7.5,Kolkata Knight Riders,Mumbai Indians,MK Pandey,RV Uthappa,Harbhajan Singh,1,0,,,,,,,,,
734009,2014,2014-05-14,Barabati Stadium,2,7.6,Kolkata Knight Riders,Mumbai Indians,RV Uthappa,MK Pandey,Harbhajan Singh,1,0,,,,,,,,,
734009,2014,2014-05-14,Barabati Stadium,2,7.7,Kolkata Knight Riders,Mumbai Indians,MK Pandey,RV Uthappa,Harbhajan Singh,0,0,,,,,,,,,
734009,2014,2014-05-14,Barabati Stadium,2,8.1,Kolkata Knight Riders,Mumbai Indians,RV Uthappa,MK Pandey,PP Ojha,1,0,,,,,,,,,
734009,2014,2014-05-14,Barabati Stadium,2,8.2,Kolkata Knight Riders,Mumbai Indians,MK Pandey,RV Uthappa,PP Ojha,1,0,,,,,,,,,
734009,2014,2014-05-14,Barabati Stadium,2,8.3,Kolkata Knight Riders,Mumbai Indians,RV Uthappa,MK Pandey,PP Ojha,1,0,,,,,,,,,
734009,2014,2014-05-14,Barabati Stadium,2,8.4,Kolkata Knight Riders,Mumbai Indians,MK Pandey,RV Uthappa,PP Ojha,0,0,,,,,,,,,
734009,2014,2014-05-14,Barabati Stadium,2,8.5,Kolkata Knight Riders,Mumbai Indians,MK Pandey,RV Uthappa,PP Ojha,1,0,,,,,,,,,
734009,2014,2014-05-14,Barabati Stadium,2,8.6,Kolkata Knight Riders,Mumbai Indians,RV Uthappa,MK Pandey,PP Ojha,4,0,,,,,,,,,
734009,2014,2014-05-14,Barabati Stadium,2,9.1,Kolkata Knight Riders,Mumbai Indians,MK Pandey,RV Uthappa,Harbhajan Singh,1,0,,,,,,,,,
734009,2014,2014-05-14,Barabati Stadium,2,9.2,Kolkata Knight Riders,Mumbai Indians,RV Uthappa,MK Pandey,Harbhajan Singh,4,0,,,,,,,,,
734009,2014,2014-05-14,Barabati Stadium,2,9.3,Kolkata Knight Riders,Mumbai Indians,RV Uthappa,MK Pandey,Harbhajan Singh,1,0,,,,,,,,,
734009,2014,2014-05-14,Barabati Stadium,2,9.4,Kolkata Knight Riders,Mumbai Indians,MK Pandey,RV Uthappa,Harbhajan Singh,0,0,,,,,,,,,
734009,2014,2014-05-14,Barabati Stadium,2,9.5,Kolkata Knight Riders,Mumbai Indians,MK Pandey,RV Uthappa,Harbhajan Singh,0,0,,,,,,,,,
734009,2014,2014-05-14,Barabati Stadium,2,9.6,Kolkata Knight Riders,Mumbai Indians,MK Pandey,RV Uthappa,Harbhajan Singh,1,0,,,,,,,,,
734009,2014,2014-05-14,Barabati Stadium,2,10.1,Kolkata Knight Riders,Mumbai Indians,MK Pandey,RV Uthappa,LMP Simmons,2,0,,,,,,,,,
734009,2014,2014-05-14,Barabati Stadium,2,10.2,Kolkata Knight Riders,Mumbai Indians,MK Pandey,RV Uthappa,LMP Simmons,1,0,,,,,,,,,
734009,2014,2014-05-14,Barabati Stadium,2,10.3,Kolkata Knight Riders,Mumbai Indians,RV Uthappa,MK Pandey,LMP Simmons,4,0,,,,,,,,,
734009,2014,2014-05-14,Barabati Stadium,2,10.4,Kolkata Knight Riders,Mumbai Indians,RV Uthappa,MK Pandey,LMP Simmons,1,0,,,,,,,,,
734009,2014,2014-05-14,Barabati Stadium,2,10.5,Kolkata Knight Riders,Mumbai Indians,MK Pandey,RV Uthappa,LMP Simmons,1,0,,,,,,,,,
734009,2014,2014-05-14,Barabati Stadium,2,10.6,Kolkata Knight Riders,Mumbai Indians,RV Uthappa,MK Pandey,LMP Simmons,1,0,,,,,,,,,
734009,2014,2014-05-14,Barabati Stadium,2,11.1,Kolkata Knight Riders,Mumbai Indians,RV Uthappa,MK Pandey,KA Pollard,0,0,,,,,,,,,
734009,2014,2014-05-14,Barabati Stadium,2,11.2,Kolkata Knight Riders,Mumbai Indians,RV Uthappa,MK Pandey,KA Pollard,1,0,,,,,,,,,
734009,2014,2014-05-14,Barabati Stadium,2,11.3,Kolkata Knight Riders,Mumbai Indians,MK Pandey,RV Uthappa,KA Pollard,2,0,,,,,,,,,
734009,2014,2014-05-14,Barabati Stadium,2,11.4,Kolkata Knight Riders,Mumbai Indians,MK Pandey,RV Uthappa,KA Pollard,1,0,,,,,,,,,
734009,2014,2014-05-14,Barabati Stadium,2,11.5,Kolkata Knight Riders,Mumbai Indians,RV Uthappa,MK Pandey,KA Pollard,2,0,,,,,,,,,
734009,2014,2014-05-14,Barabati Stadium,2,11.6,Kolkata Knight Riders,Mumbai Indians,RV Uthappa,MK Pandey,KA Pollard,1,0,,,,,,,,,
734009,2014,2014-05-14,Barabati Stadium,2,12.1,Kolkata Knight Riders,Mumbai Indians,RV Uthappa,MK Pandey,PP Ojha,0,0,,,,,,,,,
734009,2014,2014-05-14,Barabati Stadium,2,12.2,Kolkata Knight Riders,Mumbai Indians,RV Uthappa,MK Pandey,PP Ojha,2,0,,,,,,,,,
734009,2014,2014-05-14,Barabati Stadium,2,12.3,Kolkata Knight Riders,Mumbai Indians,RV Uthappa,MK Pandey,PP Ojha,1,0,,,,,,,,,
734009,2014,2014-05-14,Barabati Stadium,2,12.4,Kolkata Knight Riders,Mumbai Indians,MK Pandey,RV Uthappa,PP Ojha,0,0,,,,,,,,,
734009,2014,2014-05-14,Barabati Stadium,2,12.5,Kolkata Knight Riders,Mumbai Indians,MK Pandey,RV Uthappa,PP Ojha,0,0,,,,,,,,,
734009,2014,2014-05-14,Barabati Stadium,2,12.6,Kolkata Knight Riders,Mumbai Indians,MK Pandey,RV Uthappa,PP Ojha,0,0,,,,,,,,,
734009,2014,2014-05-14,Barabati Stadium,2,13.1,Kolkata Knight Riders,Mumbai Indians,RV Uthappa,MK Pandey,JJ Bumrah,0,0,,,,,,,,,
734009,2014,2014-05-14,Barabati Stadium,2,13.2,Kolkata Knight Riders,Mumbai Indians,RV Uthappa,MK Pandey,JJ Bumrah,4,0,,,,,,,,,
734009,2014,2014-05-14,Barabati Stadium,2,13.3,Kolkata Knight Riders,Mumbai Indians,RV Uthappa,MK Pandey,JJ Bumrah,1,0,,,,,,,,,
734009,2014,2014-05-14,Barabati Stadium,2,13.4,Kolkata Knight Riders,Mumbai Indians,MK Pandey,RV Uthappa,JJ Bumrah,1,0,,,,,,,,,
734009,2014,2014-05-14,Barabati Stadium,2,13.5,Kolkata Knight Riders,Mumbai Indians,RV Uthappa,MK Pandey,JJ Bumrah,1,0,,,,,,,,,
734009,2014,2014-05-14,Barabati Stadium,2,13.6,Kolkata Knight Riders,Mumbai Indians,MK Pandey,RV Uthappa,JJ Bumrah,1,0,,,,,,,,,
734009,2014,2014-05-14,Barabati Stadium,2,14.1,Kolkata Knight Riders,Mumbai Indians,MK Pandey,RV Uthappa,Harbhajan Singh,0,0,,,,,,bowled,MK Pandey,,
734009,2014,2014-05-14,Barabati Stadium,2,14.2,Kolkata Knight Riders,Mumbai Indians,YK Pathan,RV Uthappa,Harbhajan Singh,0,0,,,,,,,,,
734009,2014,2014-05-14,Barabati Stadium,2,14.3,Kolkata Knight Riders,Mumbai Indians,YK Pathan,RV Uthappa,Harbhajan Singh,0,0,,,,,,,,,
734009,2014,2014-05-14,Barabati Stadium,2,14.4,Kolkata Knight Riders,Mumbai Indians,YK Pathan,RV Uthappa,Harbhajan Singh,1,0,,,,,,,,,
734009,2014,2014-05-14,Barabati Stadium,2,14.5,Kolkata Knight Riders,Mumbai Indians,RV Uthappa,YK Pathan,Harbhajan Singh,2,0,,,,,,,,,
734009,2014,2014-05-14,Barabati Stadium,2,14.6,Kolkata Knight Riders,Mumbai Indians,RV Uthappa,YK Pathan,Harbhajan Singh,1,0,,,,,,,,,
734009,2014,2014-05-14,Barabati Stadium,2,15.1,Kolkata Knight Riders,Mumbai Indians,RV Uthappa,YK Pathan,LMP Simmons,6,0,,,,,,,,,
734009,2014,2014-05-14,Barabati Stadium,2,15.2,Kolkata Knight Riders,Mumbai Indians,RV Uthappa,YK Pathan,LMP Simmons,6,0,,,,,,,,,
734009,2014,2014-05-14,Barabati Stadium,2,15.3,Kolkata Knight Riders,Mumbai Indians,RV Uthappa,YK Pathan,LMP Simmons,1,0,,,,,,,,,
734009,2014,2014-05-14,Barabati Stadium,2,15.4,Kolkata Knight Riders,Mumbai Indians,YK Pathan,RV Uthappa,LMP Simmons,2,0,,,,,,,,,
734009,2014,2014-05-14,Barabati Stadium,2,15.5,Kolkata Knight Riders,Mumbai Indians,YK Pathan,RV Uthappa,LMP Simmons,1,0,,,,,,,,,
734009,2014,2014-05-14,Barabati Stadium,2,15.6,Kolkata Knight Riders,Mumbai Indians,RV Uthappa,YK Pathan,LMP Simmons,0,0,,,,,,bowled,RV Uthappa,,
734009,2014,2014-05-14,Barabati Stadium,2,16.1,Kolkata Knight Riders,Mumbai Indians,YK Pathan,Shakib Al Hasan,SL Malinga,0,1,1,,,,,,,,
734009,2014,2014-05-14,Barabati Stadium,2,16.2,Kolkata Knight Riders,Mumbai Indians,YK Pathan,Shakib Al Hasan,SL Malinga,4,0,,,,,,,,,
734009,2014,2014-05-14,Barabati Stadium,2,16.3,Kolkata Knight Riders,Mumbai Indians,YK Pathan,Shakib Al Hasan,SL Malinga,1,0,,,,,,,,,
734009,2014,2014-05-14,Barabati Stadium,2,16.4,Kolkata Knight Riders,Mumbai Indians,Shakib Al Hasan,YK Pathan,SL Malinga,0,0,,,,,,,,,
734009,2014,2014-05-14,Barabati Stadium,2,16.5,Kolkata Knight Riders,Mumbai Indians,Shakib Al Hasan,YK Pathan,SL Malinga,4,0,,,,,,,,,
734009,2014,2014-05-14,Barabati Stadium,2,16.6,Kolkata Knight Riders,Mumbai Indians,Shakib Al Hasan,YK Pathan,SL Malinga,1,0,,,,,,,,,
734009,2014,2014-05-14,Barabati Stadium,2,16.7,Kolkata Knight Riders,Mumbai Indians,YK Pathan,Shakib Al Hasan,SL Malinga,1,0,,,,,,,,,
734009,2014,2014-05-14,Barabati Stadium,2,17.1,Kolkata Knight Riders,Mumbai Indians,YK Pathan,Shakib Al Hasan,LMP Simmons,4,0,,,,,,,,,
734009,2014,2014-05-14,Barabati Stadium,2,17.2,Kolkata Knight Riders,Mumbai Indians,YK Pathan,Shakib Al Hasan,LMP Simmons,1,0,,,,,,,,,
734009,2014,2014-05-14,Barabati Stadium,2,17.3,Kolkata Knight Riders,Mumbai Indians,Shakib Al Hasan,YK Pathan,LMP Simmons,1,0,,,,,,,,,
734009,2014,2014-05-14,Barabati Stadium,2,17.4,Kolkata Knight Riders,Mumbai Indians,YK Pathan,Shakib Al Hasan,LMP Simmons,1,0,,,,,,,,,
734009,2014,2014-05-14,Barabati Stadium,2,17.5,Kolkata Knight Riders,Mumbai Indians,Shakib Al Hasan,YK Pathan,LMP Simmons,1,0,,,,,,,,,
734009,2014,2014-05-14,Barabati Stadium,2,17.6,Kolkata Knight Riders,Mumbai Indians,YK Pathan,Shakib Al Hasan,LMP Simmons,0,0,,,,,,,,,
734009,2014,2014-05-14,Barabati Stadium,2,18.1,Kolkata Knight Riders,Mumbai Indians,Shakib Al Hasan,YK Pathan,SL Malinga,2,0,,,,,,,,,
734009,2014,2014-05-14,Barabati Stadium,2,18.2,Kolkata Knight Riders,Mumbai Indians,Shakib Al Hasan,YK Pathan,SL Malinga,0,0,,,,,,,,,
734009,2014,2014-05-14,Barabati Stadium,2,18.3,Kolkata Knight Riders,Mumbai Indians,Shakib Al Hasan,YK Pathan,SL Malinga,0,0,,,,,,caught,Shakib Al Hasan,,
734009,2014,2014-05-14,Barabati Stadium,2,18.4,Kolkata Knight Riders,Mumbai Indians,YK Pathan,RN ten Doeschate,SL Malinga,4,0,,,,,,,,,
