match_id,season,start_date,venue,innings,ball,batting_team,bowling_team,striker,non_striker,bowler,runs_off_bat,extras,wides,noballs,byes,legbyes,penalty,wicket_type,player_dismissed,other_wicket_type,other_player_dismissed
829745,2015,2015-04-22,M Chinnaswamy Stadium,1,0.1,Chennai Super Kings,Royal Challengers Bangalore,DR Smith,BB McCullum,MA Starc,0,0,,,,,,,,,
829745,2015,2015-04-22,M Chinnaswamy Stadium,1,0.2,Chennai Super Kings,Royal Challengers Bangalore,DR Smith,BB McCullum,MA Starc,0,0,,,,,,,,,
829745,2015,2015-04-22,M Chinnaswamy Stadium,1,0.3,Chennai Super Kings,Royal Challengers Bangalore,DR Smith,BB McCullum,MA Starc,1,0,,,,,,,,,
829745,2015,2015-04-22,M Chinnaswamy Stadium,1,0.4,Chennai Super Kings,Royal Challengers Bangalore,BB McCullum,DR Smith,MA Starc,0,4,,,,4,,,,,
829745,2015,2015-04-22,M Chinnaswamy Stadium,1,0.5,Chennai Super Kings,Royal Challengers Bangalore,BB McCullum,DR Smith,MA Starc,0,0,,,,,,,,,
829745,2015,2015-04-22,M Chinnaswamy Stadium,1,0.6,Chennai Super Kings,Royal Challengers Bangalore,BB McCullum,DR Smith,MA Starc,4,0,,,,,,,,,
829745,2015,2015-04-22,M Chinnaswamy Stadium,1,1.1,Chennai Super Kings,Royal Challengers Bangalore,DR Smith,BB McCullum,YS Chahal,2,0,,,,,,,,,
829745,2015,2015-04-22,M Chinnaswamy Stadium,1,1.2,Chennai Super Kings,Royal Challengers Bangalore,DR Smith,BB McCullum,YS Chahal,1,0,,,,,,,,,
829745,2015,2015-04-22,M Chinnaswamy Stadium,1,1.3,Chennai Super Kings,Royal Challengers Bangalore,BB McCullum,DR Smith,YS Chahal,0,0,,,,,,,,,
829745,2015,2015-04-22,M Chinnaswamy Stadium,1,1.4,Chennai Super Kings,Royal Challengers Bangalore,BB McCullum,DR Smith,YS Chahal,0,0,,,,,,,,,
829745,2015,2015-04-22,M Chinnaswamy Stadium,1,1.5,Chennai Super Kings,Royal Challengers Bangalore,BB McCullum,DR Smith,YS Chahal,0,0,,,,,,caught,BB McCullum,,
829745,2015,2015-04-22,M Chinnaswamy Stadium,1,1.6,Chennai Super Kings,Royal Challengers Bangalore,SK Raina,DR Smith,YS Chahal,4,0,,,,,,,,,
829745,2015,2015-04-22,M Chinnaswamy Stadium,1,2.1,Chennai Super Kings,Royal Challengers Bangalore,DR Smith,SK Raina,MA Starc,0,0,,,,,,,,,
829745,2015,2015-04-22,M Chinnaswamy Stadium,1,2.2,Chennai Super Kings,Royal Challengers Bangalore,DR Smith,SK Raina,MA Starc,0,0,,,,,,,,,
829745,2015,2015-04-22,M Chinnaswamy Stadium,1,2.3,Chennai Super Kings,Royal Challengers Bangalore,DR Smith,SK Raina,MA Starc,0,0,,,,,,,,,
829745,2015,2015-04-22,M Chinnaswamy Stadium,1,2.4,Chennai Super Kings,Royal Challengers Bangalore,DR Smith,SK Raina,MA Starc,0,0,,,,,,,,,
829745,2015,2015-04-22,M Chinnaswamy Stadium,1,2.5,Chennai Super Kings,Royal Challengers Bangalore,DR Smith,SK Raina,MA Starc,1,0,,,,,,,,,
829745,2015,2015-04-22,M Chinnaswamy Stadium,1,2.6,Chennai Super Kings,Royal Challengers Bangalore,SK Raina,DR Smith,MA Starc,0,0,,,,,,,,,
829745,2015,2015-04-22,M Chinnaswamy Stadium,1,3.1,Chennai Super Kings,Royal Challengers Bangalore,DR Smith,SK Raina,YS Chahal,4,0,,,,,,,,,
829745,2015,2015-04-22,M Chinnaswamy Stadium,1,3.2,Chennai Super Kings,Royal Challengers Bangalore,DR Smith,SK Raina,YS Chahal,1,0,,,,,,,,,
829745,2015,2015-04-22,M Chinnaswamy Stadium,1,3.3,Chennai Super Kings,Royal Challengers Bangalore,SK Raina,DR Smith,YS Chahal,1,0,,,,,,,,,
829745,2015,2015-04-22,M Chinnaswamy Stadium,1,3.4,Chennai Super Kings,Royal Challengers Bangalore,DR Smith,SK Raina,YS Chahal,0,0,,,,,,,,,
829745,2015,2015-04-22,M Chinnaswamy Stadium,1,3.5,Chennai Super Kings,Royal Challengers Bangalore,DR Smith,SK Raina,YS Chahal,0,0,,,,,,,,,
829745,2015,2015-04-22,M Chinnaswamy Stadium,1,3.6,Chennai Super Kings,Royal Challengers Bangalore,DR Smith,SK Raina,YS Chahal,6,0,,,,,,,,,
829745,2015,2015-04-22,M Chinnaswamy Stadium,1,4.1,Chennai Super Kings,Royal Challengers Bangalore,SK Raina,DR Smith,HV Patel,0,0,,,,,,,,,
829745,2015,2015-04-22,M Chinnaswamy Stadium,1,4.2,Chennai Super Kings,Royal Challengers Bangalore,SK Raina,DR Smith,HV Patel,0,0,,,,,,,,,
829745,2015,2015-04-22,M Chinnaswamy Stadium,1,4.3,Chennai Super Kings,Royal Challengers Bangalore,SK Raina,DR Smith,HV Patel,4,0,,,,,,,,,
829745,2015,2015-04-22,M Chinnaswamy Stadium,1,4.4,Chennai Super Kings,Royal Challengers Bangalore,SK Raina,DR Smith,HV Patel,4,0,,,,,,,,,
829745,2015,2015-04-22,M Chinnaswamy Stadium,1,4.5,Chennai Super Kings,Royal Challengers Bangalore,SK Raina,DR Smith,HV Patel,0,0,,,,,,,,,
829745,2015,2015-04-22,M Chinnaswamy Stadium,1,4.6,Chennai Super Kings,Royal Challengers Bangalore,SK Raina,DR Smith,HV Patel,0,1,,,,1,,,,,
829745,2015,2015-04-22,M Chinnaswamy Stadium,1,5.1,Chennai Super Kings,Royal Challengers Bangalore,SK Raina,DR Smith,D Wiese,0,0,,,,,,,,,
829745,2015,2015-04-22,M Chinnaswamy Stadium,1,5.2,Chennai Super Kings,Royal Challengers Bangalore,SK Raina,DR Smith,D Wiese,0,0,,,,,,,,,
829745,2015,2015-04-22,M Chinnaswamy Stadium,1,5.3,Chennai Super Kings,Royal Challengers Bangalore,SK Raina,DR Smith,D Wiese,0,0,,,,,,,,,
829745,2015,2015-04-22,M Chinnaswamy Stadium,1,5.4,Chennai Super Kings,Royal Challengers Bangalore,SK Raina,DR Smith,D Wiese,6,0,,,,,,,,,
829745,2015,2015-04-22,M Chinnaswamy Stadium,1,5.5,Chennai Super Kings,Royal Challengers Bangalore,SK Raina,DR Smith,D Wiese,0,1,,,,1,,,,,
829745,2015,2015-04-22,M Chinnaswamy Stadium,1,5.6,Chennai Super Kings,Royal Challengers Bangalore,DR Smith,SK Raina,D Wiese,0,0,,,,,,,,,
829745,2015,2015-04-22,M Chinnaswamy Stadium,1,6.1,Chennai Super Kings,Royal Challengers Bangalore,SK Raina,DR Smith,HV Patel,0,0,,,,,,,,,
829745,2015,2015-04-22,M Chinnaswamy Stadium,1,6.2,Chennai Super Kings,Royal Challengers Bangalore,SK Raina,DR Smith,HV Patel,1,0,,,,,,,,,
829745,2015,2015-04-22,M Chinnaswamy Stadium,1,6.3,Chennai Super Kings,Royal Challengers Bangalore,DR Smith,SK Raina,HV Patel,0,0,,,,,,,,,
829745,2015,2015-04-22,M Chinnaswamy Stadium,1,6.4,Chennai Super Kings,Royal Challengers Bangalore,DR Smith,SK Raina,HV Patel,0,0,,,,,,,,,
829745,2015,2015-04-22,M Chinnaswamy Stadium,1,6.5,Chennai Super Kings,Royal Challengers Bangalore,DR Smith,SK Raina,HV Patel,1,0,,,,,,,,,
829745,2015,2015-04-22,M Chinnaswamy Stadium,1,6.6,Chennai Super Kings,Royal Challengers Bangalore,SK Raina,DR Smith,HV Patel,0,0,,,,,,,,,
829745,2015,2015-04-22,M Chinnaswamy Stadium,1,7.1,Chennai Super Kings,Royal Challengers Bangalore,DR Smith,SK Raina,D Wiese,0,0,,,,,,,,,
829745,2015,2015-04-22,M Chinnaswamy Stadium,1,7.2,Chennai Super Kings,Royal Challengers Bangalore,DR Smith,SK Raina,D Wiese,6,0,,,,,,,,,
829745,2015,2015-04-22,M Chinnaswamy Stadium,1,7.3,Chennai Super Kings,Royal Challengers Bangalore,DR Smith,SK Raina,D Wiese,6,0,,,,,,,,,
829745,2015,2015-04-22,M Chinnaswamy Stadium,1,7.4,Chennai Super Kings,Royal Challengers Bangalore,DR Smith,SK Raina,D Wiese,4,0,,,,,,,,,
829745,2015,2015-04-22,M Chinnaswamy Stadium,1,7.5,Chennai Super Kings,Royal Challengers Bangalore,DR Smith,SK Raina,D Wiese,0,0,,,,,,,,,
829745,2015,2015-04-22,M Chinnaswamy Stadium,1,7.6,Chennai Super Kings,Royal Challengers Bangalore,DR Smith,SK Raina,D Wiese,1,0,,,,,,,,,
829745,2015,2015-04-22,M Chinnaswamy Stadium,1,8.1,Chennai Super Kings,Royal Challengers Bangalore,DR Smith,SK Raina,HV Patel,4,0,,,,,,,,,
829745,2015,2015-04-22,M Chinnaswamy Stadium,1,8.2,Chennai Super Kings,Royal Challengers Bangalore,DR Smith,SK Raina,HV Patel,1,0,,,,,,,,,
829745,2015,2015-04-22,M Chinnaswamy Stadium,1,8.3,Chennai Super Kings,Royal Challengers Bangalore,SK Raina,DR Smith,HV Patel,1,0,,,,,,,,,
829745,2015,2015-04-22,M Chinnaswamy Stadium,1,8.4,Chennai Super Kings,Royal Challengers Bangalore,DR Smith,SK Raina,HV Patel,0,0,,,,,,,,,
829745,2015,2015-04-22,M Chinnaswamy Stadium,1,8.5,Chennai Super Kings,Royal Challengers Bangalore,DR Smith,SK Raina,HV Patel,0,0,,,,,,caught,DR Smith,,
829745,2015,2015-04-22,M Chinnaswamy Stadium,1,8.6,Chennai Super Kings,Royal Challengers Bangalore,MS Dhoni,SK Raina,HV Patel,4,0,,,,,,,,,
829745,2015,2015-04-22,M Chinnaswamy Stadium,1,9.1,Chennai Super Kings,Royal Challengers Bangalore,SK Raina,MS Dhoni,Iqbal Abdulla,6,0,,,,,,,,,
829745,2015,2015-04-22,M Chinnaswamy Stadium,1,9.2,Chennai Super Kings,Royal Challengers Bangalore,SK Raina,MS Dhoni,Iqbal Abdulla,1,0,,,,,,,,,
829745,2015,2015-04-22,M Chinnaswamy Stadium,1,9.3,Chennai Super Kings,Royal Challengers Bangalore,MS Dhoni,SK Raina,Iqbal Abdulla,0,0,,,,,,,,,
829745,2015,2015-04-22,M Chinnaswamy Stadium,1,9.4,Chennai Super Kings,Royal Challengers Bangalore,MS Dhoni,SK Raina,Iqbal Abdulla,0,0,,,,,,,,,
829745,2015,2015-04-22,M Chinnaswamy Stadium,1,9.5,Chennai Super Kings,Royal Challengers Bangalore,MS Dhoni,SK Raina,Iqbal Abdulla,0,0,,,,,,,,,
829745,2015,2015-04-22,M Chinnaswamy Stadium,1,9.6,Chennai Super Kings,Royal Challengers Bangalore,MS Dhoni,SK Raina,Iqbal Abdulla,0,0,,,,,,,,,
829745,2015,2015-04-22,M Chinnaswamy Stadium,1,10.1,Chennai Super Kings,Royal Challengers Bangalore,SK Raina,MS Dhoni,D Wiese,1,0,,,,,,,,,
829745,2015,2015-04-22,M Chinnaswamy Stadium,1,10.2,Chennai Super Kings,Royal Challengers Bangalore,MS Dhoni,SK Raina,D Wiese,1,0,,,,,,,,,
829745,2015,2015-04-22,M Chinnaswamy Stadium,1,10.3,Chennai Super Kings,Royal Challengers Bangalore,SK Raina,MS Dhoni,D Wiese,1,0,,,,,,,,,
829745,2015,2015-04-22,M Chinnaswamy Stadium,1,10.4,Chennai Super Kings,Royal Challengers Bangalore,MS Dhoni,SK Raina,D Wiese,4,0,,,,,,,,,
829745,2015,2015-04-22,M Chinnaswamy Stadium,1,10.5,Chennai Super Kings,Royal Challengers Bangalore,MS Dhoni,SK Raina,D Wiese,1,0,,,,,,,,,
829745,2015,2015-04-22,M Chinnaswamy Stadium,1,10.6,Chennai Super Kings,Royal Challengers Bangalore,SK Raina,MS Dhoni,D Wiese,1,0,,,,,,,,,
829745,2015,2015-04-22,M Chinnaswamy Stadium,1,11.1,Chennai Super Kings,Royal Challengers Bangalore,SK Raina,MS Dhoni,Iqbal Abdulla,4,0,,,,,,,,,
829745,2015,2015-04-22,M Chinnaswamy Stadium,1,11.2,Chennai Super Kings,Royal Challengers Bangalore,SK Raina,MS Dhoni,Iqbal Abdulla,0,0,,,,,,,,,
829745,2015,2015-04-22,M Chinnaswamy Stadium,1,11.3,Chennai Super Kings,Royal Challengers Bangalore,SK Raina,MS Dhoni,Iqbal Abdulla,1,0,,,,,,,,,
829745,2015,2015-04-22,M Chinnaswamy Stadium,1,11.4,Chennai Super Kings,Royal Challengers Bangalore,MS Dhoni,SK Raina,Iqbal Abdulla,0,1,1,,,,,,,,
829745,2015,2015-04-22,M Chinnaswamy Stadium,1,11.5,Chennai Super Kings,Royal Challengers Bangalore,MS Dhoni,SK Raina,Iqbal Abdulla,1,0,,,,,,,,,
829745,2015,2015-04-22,M Chinnaswamy Stadium,1,11.6,Chennai Super Kings,Royal Challengers Bangalore,SK Raina,MS Dhoni,Iqbal Abdulla,6,0,,,,,,,,,
829745,2015,2015-04-22,M Chinnaswamy Stadium,1,11.7,Chennai Super Kings,Royal Challengers Bangalore,SK Raina,MS Dhoni,Iqbal Abdulla,2,0,,,,,,,,,
829745,2015,2015-04-22,M Chinnaswamy Stadium,1,12.1,Chennai Super Kings,Royal Challengers Bangalore,MS Dhoni,SK Raina,YS Chahal,1,0,,,,,,,,,
829745,2015,2015-04-22,M Chinnaswamy Stadium,1,12.2,Chennai Super Kings,Royal Challengers Bangalore,SK Raina,MS Dhoni,YS Chahal,6,0,,,,,,,,,
829745,2015,2015-04-22,M Chinnaswamy Stadium,1,12.3,Chennai Super Kings,Royal Challengers Bangalore,SK Raina,MS Dhoni,YS Chahal,6,0,,,,,,,,,
829745,2015,2015-04-22,M Chinnaswamy Stadium,1,12.4,Chennai Super Kings,Royal Challengers Bangalore,SK Raina,MS Dhoni,YS Chahal,6,0,,,,,,,,,
829745,2015,2015-04-22,M Chinnaswamy Stadium,1,12.5,Chennai Super Kings,Royal Challengers Bangalore,SK Raina,MS Dhoni,YS Chahal,0,0,,,,,,caught,SK Raina,,
829745,2015,2015-04-22,M Chinnaswamy Stadium,1,12.6,Chennai Super Kings,Royal Challengers Bangalore,MS Dhoni,RA Jadeja,YS Chahal,0,0,,,,,,,,,
829745,2015,2015-04-22,M Chinnaswamy Stadium,1,13.1,Chennai Super Kings,Royal Challengers Bangalore,RA Jadeja,MS Dhoni,HV Patel,2,0,,,,,,,,,
829745,2015,2015-04-22,M Chinnaswamy Stadium,1,13.2,Chennai Super Kings,Royal Challengers Bangalore,RA Jadeja,MS Dhoni,HV Patel,0,0,,,,,,,,,
829745,2015,2015-04-22,M Chinnaswamy Stadium,1,13.3,Chennai Super Kings,Royal Challengers Bangalore,RA Jadeja,MS Dhoni,HV Patel,4,0,,,,,,,,,
829745,2015,2015-04-22,M Chinnaswamy Stadium,1,13.4,Chennai Super Kings,Royal Challengers Bangalore,RA Jadeja,MS Dhoni,HV Patel,1,0,,,,,,,,,
829745,2015,2015-04-22,M Chinnaswamy Stadium,1,13.5,Chennai Super Kings,Royal Challengers Bangalore,MS Dhoni,RA Jadeja,HV Patel,1,0,,,,,,,,,
829745,2015,2015-04-22,M Chinnaswamy Stadium,1,13.6,Chennai Super Kings,Royal Challengers Bangalore,RA Jadeja,MS Dhoni,HV Patel,0,0,,,,,,,,,
829745,2015,2015-04-22,M Chinnaswamy Stadium,1,14.1,Chennai Super Kings,Royal Challengers Bangalore,MS Dhoni,RA Jadeja,YS Chahal,0,0,,,,,,caught,MS Dhoni,,
829745,2015,2015-04-22,M Chinnaswamy Stadium,1,14.2,Chennai Super Kings,Royal Challengers Bangalore,RA Jadeja,F du Plessis,YS Chahal,0,0,,,,,,,,,
829745,2015,2015-04-22,M Chinnaswamy Stadium,1,14.3,Chennai Super Kings,Royal Challengers Bangalore,RA Jadeja,F du Plessis,YS Chahal,1,0,,,,,,,,,
829745,2015,2015-04-22,M Chinnaswamy Stadium,1,14.4,Chennai Super Kings,Royal Challengers Bangalore,F du Plessis,RA Jadeja,YS Chahal,0,0,,,,,,,,,
829745,2015,2015-04-22,M Chinnaswamy Stadium,1,14.5,Chennai Super Kings,Royal Challengers Bangalore,F du Plessis,RA Jadeja,YS Chahal,0,0,,,,,,,,,
829745,2015,2015-04-22,M Chinnaswamy Stadium,1,14.6,Chennai Super Kings,Royal Challengers Bangalore,F du Plessis,RA Jadeja,YS Chahal,1,0,,,,,,,,,
829745,2015,2015-04-22,M Chinnaswamy Stadium,1,15.1,Chennai Super Kings,Royal Challengers Bangalore,F du Plessis,RA Jadeja,Iqbal Abdulla,1,0,,,,,,,,,
829745,2015,2015-04-22,M Chinnaswamy Stadium,1,15.2,Chennai Super Kings,Royal Challengers Bangalore,RA Jadeja,F du Plessis,Iqbal Abdulla,0,0,,,,,,caught,RA Jadeja,,
829745,2015,2015-04-22,M Chinnaswamy Stadium,1,15.3,Chennai Super Kings,Royal Challengers Bangalore,F du Plessis,DJ Bravo,Iqbal Abdulla,0,0,,,,,,,,,
829745,2015,2015-04-22,M Chinnaswamy Stadium,1,15.4,Chennai Super Kings,Royal Challengers Bangalore,F du Plessis,DJ Bravo,Iqbal Abdulla,0,0,,,,,,,,,
829745,2015,2015-04-22,M Chinnaswamy Stadium,1,15.5,Chennai Super Kings,Royal Challengers Bangalore,F du Plessis,DJ Bravo,Iqbal Abdulla,4,0,,,,,,,,,
829745,2015,2015-04-22,M Chinnaswamy Stadium,1,15.6,Chennai Super Kings,Royal Challengers Bangalore,F du Plessis,DJ Bravo,Iqbal Abdulla,1,0,,,,,,,,,
829745,2015,2015-04-22,M Chinnaswamy Stadium,1,16.1,Chennai Super Kings,Royal Challengers Bangalore,F du Plessis,DJ Bravo,MA Starc,4,0,,,,,,,,,
829745,2015,2015-04-22,M Chinnaswamy Stadium,1,16.2,Chennai Super Kings,Royal Challengers Bangalore,F du Plessis,DJ Bravo,MA Starc,1,0,,,,,,,,,
829745,2015,2015-04-22,M Chinnaswamy Stadium,1,16.3,Chennai Super Kings,Royal Challengers Bangalore,DJ Bravo,F du Plessis,MA Starc,1,0,,,,,,,,,
829745,2015,2015-04-22,M Chinnaswamy Stadium,1,16.4,Chennai Super Kings,Royal Challengers Bangalore,F du Plessis,DJ Bravo,MA Starc,4,0,,,,,,,,,
829745,2015,2015-04-22,M Chinnaswamy Stadium,1,16.5,Chennai Super Kings,Royal Challengers Bangalore,F du Plessis,DJ Bravo,MA Starc,1,0,,,,,,,,,
829745,2015,2015-04-22,M Chinnaswamy Stadium,1,16.6,Chennai Super Kings,Royal Challengers Bangalore,DJ Bravo,F du Plessis,MA Starc,4,0,,,,,,,,,
829745,2015,2015-04-22,M Chinnaswamy Stadium,1,17.1,Chennai Super Kings,Royal Challengers Bangalore,F du Plessis,DJ Bravo,Iqbal Abdulla,1,0,,,,,,,,,
829745,2015,2015-04-22,M Chinnaswamy Stadium,1,17.2,Chennai Super Kings,Royal Challengers Bangalore,DJ Bravo,F du Plessis,Iqbal Abdulla,0,0,,,,,,,,,
829745,2015,2015-04-22,M Chinnaswamy Stadium,1,17.3,Chennai Super Kings,Royal Challengers Bangalore,DJ Bravo,F du Plessis,Iqbal Abdulla,0,0,,,,,,caught,DJ Bravo,,
829745,2015,2015-04-22,M Chinnaswamy Stadium,1,17.4,Chennai Super Kings,Royal Challengers Bangalore,F du Plessis,R Ashwin,Iqbal Abdulla,0,1,1,,,,,,,,
829745,2015,2015-04-22,M Chinnaswamy Stadium,1,17.5,Chennai Super Kings,Royal Challengers Bangalore,F du Plessis,R Ashwin,Iqbal Abdulla,1,0,,,,,,,,,
829745,2015,2015-04-22,M Chinnaswamy Stadium,1,17.6,Chennai Super Kings,Royal Challengers Bangalore,R Ashwin,F du Plessis,Iqbal Abdulla,1,0,,,,,,,,,
829745,2015,2015-04-22,M Chinnaswamy Stadium,1,17.7,Chennai Super Kings,Royal Challengers Bangalore,F du Plessis,R Ashwin,Iqbal Abdulla,4,0,,,,,,,,,
829745,2015,2015-04-22,M Chinnaswamy Stadium,1,18.1,Chennai Super Kings,Royal Challengers Bangalore,R Ashwin,F du Plessis,D Wiese,4,0,,,,,,,,,
829745,2015,2015-04-22,M Chinnaswamy Stadium,1,18.2,Chennai Super Kings,Royal Challengers Bangalore,R Ashwin,F du Plessis,D Wiese,0,1,1,,,,,,,,
829745,2015,2015-04-22,M Chinnaswamy Stadium,1,18.3,Chennai Super Kings,Royal Challengers Bangalore,R Ashwin,F du Plessis,D Wiese,0,0,,,,,,caught,R Ashwin,,
829745,2015,2015-04-22,M Chinnaswamy Stadium,1,18.4,Chennai Super Kings,Royal Challengers Bangalore,MM Sharma,F du Plessis,D Wiese,1,0,,,,,,,,,
829745,2015,2015-04-22,M Chinnaswamy Stadium,1,18.5,Chennai Super Kings,Royal Challengers Bangalore,F du Plessis,MM Sharma,D Wiese,1,0,,,,,,,,,
829745,2015,2015-04-22,M Chinnaswamy Stadium,1,18.6,Chennai Super Kings,Royal Challengers Bangalore,MM Sharma,F du Plessis,D Wiese,1,0,,,,,,,,,
829745,2015,2015-04-22,M Chinnaswamy Stadium,1,18.7,Chennai Super Kings,Royal Challengers Bangalore,F du Plessis,MM Sharma,D Wiese,6,0,,,,,,,,,
829745,2015,2015-04-22,M Chinnaswamy Stadium,1,19.1,Chennai Super Kings,Royal Challengers Bangalore,MM Sharma,F du Plessis,MA Starc,0,0,,,,,,,,,
829745,2015,2015-04-22,M Chinnaswamy Stadium,1,19.2,Chennai Super Kings,Royal Challengers Bangalore,MM Sharma,F du Plessis,MA Starc,0,0,,,,,,,,,
829745,2015,2015-04-22,M Chinnaswamy Stadium,1,19.3,Chennai Super Kings,Royal Challengers Bangalore,MM Sharma,F du Plessis,MA Starc,0,0,,,,,,,,,
829745,2015,2015-04-22,M Chinnaswamy Stadium,1,19.4,Chennai Super Kings,Royal Challengers Bangalore,MM Sharma,F du Plessis,MA Starc,0,0,,,,,,bowled,MM Sharma,,
829745,2015,2015-04-22,M Chinnaswamy Stadium,1,19.5,Chennai Super Kings,Royal Challengers Bangalore,A Nehra,F du Plessis,MA Starc,0,1,,,1,,,,,,
829745,2015,2015-04-22,M Chinnaswamy Stadium,1,19.6,Chennai Super Kings,Royal Challengers Bangalore,F du Plessis,A Nehra,MA Starc,3,0,,,,,,,,,
829745,2015,2015-04-22,M Chinnaswamy Stadium,2,0.1,Royal Challengers Bangalore,Chennai Super Kings,MS Bisla,RR Rossouw,IC Pandey,0,0,,,,,,,,,
829745,2015,2015-04-22,M Chinnaswamy Stadium,2,0.2,Royal Challengers Bangalore,Chennai Super Kings,MS Bisla,RR Rossouw,IC Pandey,4,0,,,,,,,,,
829745,2015,2015-04-22,M Chinnaswamy Stadium,2,0.3,Royal Challengers Bangalore,Chennai Super Kings,MS Bisla,RR Rossouw,IC Pandey,0,0,,,,,,,,,
829745,2015,2015-04-22,M Chinnaswamy Stadium,2,0.4,Royal Challengers Bangalore,Chennai Super Kings,MS Bisla,RR Rossouw,IC Pandey,0,0,,,,,,,,,
829745,2015,2015-04-22,M Chinnaswamy Stadium,2,0.5,Royal Challengers Bangalore,Chennai Super Kings,MS Bisla,RR Rossouw,IC Pandey,4,0,,,,,,,,,
829745,2015,2015-04-22,M Chinnaswamy Stadium,2,0.6,Royal Challengers Bangalore,Chennai Super Kings,MS Bisla,RR Rossouw,IC Pandey,0,0,,,,,,,,,
829745,2015,2015-04-22,M Chinnaswamy Stadium,2,1.1,Royal Challengers Bangalore,Chennai Super Kings,RR Rossouw,MS Bisla,A Nehra,1,0,,,,,,,,,
829745,2015,2015-04-22,M Chinnaswamy Stadium,2,1.2,Royal Challengers Bangalore,Chennai Super Kings,MS Bisla,RR Rossouw,A Nehra,0,0,,,,,,,,,
829745,2015,2015-04-22,M Chinnaswamy Stadium,2,1.3,Royal Challengers Bangalore,Chennai Super Kings,MS Bisla,RR Rossouw,A Nehra,1,0,,,,,,,,,
829745,2015,2015-04-22,M Chinnaswamy Stadium,2,1.4,Royal Challengers Bangalore,Chennai Super Kings,RR Rossouw,MS Bisla,A Nehra,0,1,,,,1,,,,,
829745,2015,2015-04-22,M Chinnaswamy Stadium,2,1.5,Royal Challengers Bangalore,Chennai Super Kings,MS Bisla,RR Rossouw,A Nehra,1,0,,,,,,,,,
829745,2015,2015-04-22,M Chinnaswamy Stadium,2,1.6,Royal Challengers Bangalore,Chennai Super Kings,RR Rossouw,MS Bisla,A Nehra,0,0,,,,,,,,,
829745,2015,2015-04-22,M Chinnaswamy Stadium,2,2.1,Royal Challengers Bangalore,Chennai Super Kings,MS Bisla,RR Rossouw,MM Sharma,4,0,,,,,,,,,
829745,2015,2015-04-22,M Chinnaswamy Stadium,2,2.2,Royal Challengers Bangalore,Chennai Super Kings,MS Bisla,RR Rossouw,MM Sharma,3,0,,,,,,,,,
829745,2015,2015-04-22,M Chinnaswamy Stadium,2,2.3,Royal Challengers Bangalore,Chennai Super Kings,RR Rossouw,MS Bisla,MM Sharma,2,0,,,,,,,,,
829745,2015,2015-04-22,M Chinnaswamy Stadium,2,2.4,Royal Challengers Bangalore,Chennai Super Kings,RR Rossouw,MS Bisla,MM Sharma,6,0,,,,,,,,,
829745,2015,2015-04-22,M Chinnaswamy Stadium,2,2.5,Royal Challengers Bangalore,Chennai Super Kings,RR Rossouw,MS Bisla,MM Sharma,0,0,,,,,,,,,
829745,2015,2015-04-22,M Chinnaswamy Stadium,2,2.6,Royal Challengers Bangalore,Chennai Super Kings,RR Rossouw,MS Bisla,MM Sharma,4,0,,,,,,,,,
829745,2015,2015-04-22,M Chinnaswamy Stadium,2,3.1,Royal Challengers Bangalore,Chennai Super Kings,MS Bisla,RR Rossouw,A Nehra,0,0,,,,,,,,,
829745,2015,2015-04-22,M Chinnaswamy Stadium,2,3.2,Royal Challengers Bangalore,Chennai Super Kings,MS Bisla,RR Rossouw,A Nehra,0,0,,,,,,,,,
829745,2015,2015-04-22,M Chinnaswamy Stadium,2,3.3,Royal Challengers Bangalore,Chennai Super Kings,MS Bisla,RR Rossouw,A Nehra,0,0,,,,,,caught,MS Bisla,,
829745,2015,2015-04-22,M Chinnaswamy Stadium,2,3.4,Royal Challengers Bangalore,Chennai Super Kings,RR Rossouw,V Kohli,A Nehra,1,0,,,,,,,,,
829745,2015,2015-04-22,M Chinnaswamy Stadium,2,3.5,Royal Challengers Bangalore,Chennai Super Kings,V Kohli,RR Rossouw,A Nehra,1,0,,,,,,,,,
829745,2015,2015-04-22,M Chinnaswamy Stadium,2,3.6,Royal Challengers Bangalore,Chennai Super Kings,RR Rossouw,V Kohli,A Nehra,0,0,,,,,,bowled,RR Rossouw,,
829745,2015,2015-04-22,M Chinnaswamy Stadium,2,4.1,Royal Challengers Bangalore,Chennai Super Kings,V Kohli,KD Karthik,MM Sharma,0,0,,,,,,,,,
829745,2015,2015-04-22,M Chinnaswamy Stadium,2,4.2,Royal Challengers Bangalore,Chennai Super Kings,V Kohli,KD Karthik,MM Sharma,0,0,,,,,,,,,
829745,2015,2015-04-22,M Chinnaswamy Stadium,2,4.3,Royal Challengers Bangalore,Chennai Super Kings,V Kohli,KD Karthik,MM Sharma,0,0,,,,,,,,,
829745,2015,2015-04-22,M Chinnaswamy Stadium,2,4.4,Royal Challengers Bangalore,Chennai Super Kings,V Kohli,KD Karthik,MM Sharma,1,0,,,,,,,,,
829745,2015,2015-04-22,M Chinnaswamy Stadium,2,4.5,Royal Challengers Bangalore,Chennai Super Kings,KD Karthik,V Kohli,MM Sharma,0,0,,,,,,,,,
829745,2015,2015-04-22,M Chinnaswamy Stadium,2,4.6,Royal Challengers Bangalore,Chennai Super Kings,KD Karthik,V Kohli,MM Sharma,0,0,,,,,,,,,
829745,2015,2015-04-22,M Chinnaswamy Stadium,2,5.1,Royal Challengers Bangalore,Chennai Super Kings,V Kohli,KD Karthik,A Nehra,2,0,,,,,,,,,
829745,2015,2015-04-22,M Chinnaswamy Stadium,2,5.2,Royal Challengers Bangalore,Chennai Super Kings,V Kohli,KD Karthik,A Nehra,0,0,,,,,,,,,
829745,2015,2015-04-22,M Chinnaswamy Stadium,2,5.3,Royal Challengers Bangalore,Chennai Super Kings,V Kohli,KD Karthik,A Nehra,0,0,,,,,,,,,
829745,2015,2015-04-22,M Chinnaswamy Stadium,2,5.4,Royal Challengers Bangalore,Chennai Super Kings,V Kohli,KD Karthik,A Nehra,0,0,,,,,,,,,
829745,2015,2015-04-22,M Chinnaswamy Stadium,2,5.5,Royal Challengers Bangalore,Chennai Super Kings,V Kohli,KD Karthik,A Nehra,1,0,,,,,,,,,
829745,2015,2015-04-22,M Chinnaswamy Stadium,2,5.6,Royal Challengers Bangalore,Chennai Super Kings,KD Karthik,V Kohli,A Nehra,1,0,,,,,,,,,
829745,2015,2015-04-22,M Chinnaswamy Stadium,2,6.1,Royal Challengers Bangalore,Chennai Super Kings,KD Karthik,V Kohli,MM Sharma,0,0,,,,,,,,,
829745,2015,2015-04-22,M Chinnaswamy Stadium,2,6.2,Royal Challengers Bangalore,Chennai Super Kings,KD Karthik,V Kohli,MM Sharma,2,0,,,,,,,,,
829745,2015,2015-04-22,M Chinnaswamy Stadium,2,6.3,Royal Challengers Bangalore,Chennai Super Kings,KD Karthik,V Kohli,MM Sharma,1,0,,,,,,,,,
829745,2015,2015-04-22,M Chinnaswamy Stadium,2,6.4,Royal Challengers Bangalore,Chennai Super Kings,V Kohli,KD Karthik,MM Sharma,1,0,,,,,,,,,
829745,2015,2015-04-22,M Chinnaswamy Stadium,2,6.5,Royal Challengers Bangalore,Chennai Super Kings,KD Karthik,V Kohli,MM Sharma,1,0,,,,,,,,,
829745,2015,2015-04-22,M Chinnaswamy Stadium,2,6.6,Royal Challengers Bangalore,Chennai Super Kings,V Kohli,KD Karthik,MM Sharma,1,0,,,,,,,,,
829745,2015,2015-04-22,M Chinnaswamy Stadium,2,7.1,Royal Challengers Bangalore,Chennai Super Kings,V Kohli,KD Karthik,R Ashwin,1,0,,,,,,,,,
829745,2015,2015-04-22,M Chinnaswamy Stadium,2,7.2,Royal Challengers Bangalore,Chennai Super Kings,KD Karthik,V Kohli,R Ashwin,4,0,,,,,,,,,
829745,2015,2015-04-22,M Chinnaswamy Stadium,2,7.3,Royal Challengers Bangalore,Chennai Super Kings,KD Karthik,V Kohli,R Ashwin,1,0,,,,,,,,,
829745,2015,2015-04-22,M Chinnaswamy Stadium,2,7.4,Royal Challengers Bangalore,Chennai Super Kings,V Kohli,KD Karthik,R Ashwin,6,0,,,,,,,,,
829745,2015,2015-04-22,M Chinnaswamy Stadium,2,7.5,Royal Challengers Bangalore,Chennai Super Kings,V Kohli,KD Karthik,R Ashwin,0,1,1,,,,,,,,
829745,2015,2015-04-22,M Chinnaswamy Stadium,2,7.6,Royal Challengers Bangalore,Chennai Super Kings,V Kohli,KD Karthik,R Ashwin,4,0,,,,,,,,,
829745,2015,2015-04-22,M Chinnaswamy Stadium,2,7.7,Royal Challengers Bangalore,Chennai Super Kings,V Kohli,KD Karthik,R Ashwin,0,0,,,,,,,,,
829745,2015,2015-04-22,M Chinnaswamy Stadium,2,8.1,Royal Challengers Bangalore,Chennai Super Kings,KD Karthik,V Kohli,IC Pandey,0,0,,,,,,,,,
829745,2015,2015-04-22,M Chinnaswamy Stadium,2,8.2,Royal Challengers Bangalore,Chennai Super Kings,KD Karthik,V Kohli,IC Pandey,0,0,,,,,,caught,KD Karthik,,
829745,2015,2015-04-22,M Chinnaswamy Stadium,2,8.3,Royal Challengers Bangalore,Chennai Super Kings,V Kohli,AB de Villiers,IC Pandey,1,0,,,,,,,,,
829745,2015,2015-04-22,M Chinnaswamy Stadium,2,8.4,Royal Challengers Bangalore,Chennai Super Kings,AB de Villiers,V Kohli,IC Pandey,0,0,,,,,,,,,
829745,2015,2015-04-22,M Chinnaswamy Stadium,2,8.5,Royal Challengers Bangalore,Chennai Super Kings,AB de Villiers,V Kohli,IC Pandey,0,0,,,,,,,,,
829745,2015,2015-04-22,M Chinnaswamy Stadium,2,8.6,Royal Challengers Bangalore,Chennai Super Kings,AB de Villiers,V Kohli,IC Pandey,0,0,,,,,,,,,
829745,2015,2015-04-22,M Chinnaswamy Stadium,2,9.1,Royal Challengers Bangalore,Chennai Super Kings,V Kohli,AB de Villiers,RA Jadeja,4,0,,,,,,,,,
829745,2015,2015-04-22,M Chinnaswamy Stadium,2,9.2,Royal Challengers Bangalore,Chennai Super Kings,V Kohli,AB de Villiers,RA Jadeja,1,0,,,,,,,,,
829745,2015,2015-04-22,M Chinnaswamy Stadium,2,9.3,Royal Challengers Bangalore,Chennai Super Kings,AB de Villiers,V Kohli,RA Jadeja,0,0,,,,,,,,,
829745,2015,2015-04-22,M Chinnaswamy Stadium,2,9.4,Royal Challengers Bangalore,Chennai Super Kings,AB de Villiers,V Kohli,RA Jadeja,1,0,,,,,,,,,
829745,2015,2015-04-22,M Chinnaswamy Stadium,2,9.5,Royal Challengers Bangalore,Chennai Super Kings,V Kohli,AB de Villiers,RA Jadeja,1,0,,,,,,,,,
829745,2015,2015-04-22,M Chinnaswamy Stadium,2,9.6,Royal Challengers Bangalore,Chennai Super Kings,AB de Villiers,V Kohli,RA Jadeja,6,0,,,,,,,,,
829745,2015,2015-04-22,M Chinnaswamy Stadium,2,10.1,Royal Challengers Bangalore,Chennai Super Kings,V Kohli,AB de Villiers,IC Pandey,1,0,,,,,,,,,
829745,2015,2015-04-22,M Chinnaswamy Stadium,2,10.2,Royal Challengers Bangalore,Chennai Super Kings,AB de Villiers,V Kohli,IC Pandey,0,0,,,,,,,,,
829745,2015,2015-04-22,M Chinnaswamy Stadium,2,10.3,Royal Challengers Bangalore,Chennai Super Kings,AB de Villiers,V Kohli,IC Pandey,0,0,,,,,,,,,
829745,2015,2015-04-22,M Chinnaswamy Stadium,2,10.4,Royal Challengers Bangalore,Chennai Super Kings,AB de Villiers,V Kohli,IC Pandey,1,0,,,,,,,,,
829745,2015,2015-04-22,M Chinnaswamy Stadium,2,10.5,Royal Challengers Bangalore,Chennai Super Kings,V Kohli,AB de Villiers,IC Pandey,1,0,,,,,,,,,
829745,2015,2015-04-22,M Chinnaswamy Stadium,2,10.6,Royal Challengers Bangalore,Chennai Super Kings,AB de Villiers,V Kohli,IC Pandey,6,0,,,,,,,,,
829745,2015,2015-04-22,M Chinnaswamy Stadium,2,11.1,Royal Challengers Bangalore,Chennai Super Kings,V Kohli,AB de Villiers,RA Jadeja,0,0,,,,,,,,,
829745,2015,2015-04-22,M Chinnaswamy Stadium,2,11.2,Royal Challengers Bangalore,Chennai Super Kings,V Kohli,AB de Villiers,RA Jadeja,0,0,,,,,,,,,
829745,2015,2015-04-22,M Chinnaswamy Stadium,2,11.3,Royal Challengers Bangalore,Chennai Super Kings,V Kohli,AB de Villiers,RA Jadeja,1,0,,,,,,run out,AB de Villiers,,
829745,2015,2015-04-22,M Chinnaswamy Stadium,2,11.4,Royal Challengers Bangalore,Chennai Super Kings,SN Khan,V Kohli,RA Jadeja,0,0,,,,,,,,,
829745,2015,2015-04-22,M Chinnaswamy Stadium,2,11.5,Royal Challengers Bangalore,Chennai Super Kings,SN Khan,V Kohli,RA Jadeja,1,0,,,,,,,,,
829745,2015,2015-04-22,M Chinnaswamy Stadium,2,11.6,Royal Challengers Bangalore,Chennai Super Kings,V Kohli,SN Khan,RA Jadeja,0,0,,,,,,,,,
829745,2015,2015-04-22,M Chinnaswamy Stadium,2,12.1,Royal Challengers Bangalore,Chennai Super Kings,SN Khan,V Kohli,IC Pandey,1,0,,,,,,,,,
829745,2015,2015-04-22,M Chinnaswamy Stadium,2,12.2,Royal Challengers Bangalore,Chennai Super Kings,V Kohli,SN Khan,IC Pandey,0,0,,,,,,,,,
829745,2015,2015-04-22,M Chinnaswamy Stadium,2,12.3,Royal Challengers Bangalore,Chennai Super Kings,V Kohli,SN Khan,IC Pandey,1,0,,,,,,,,,
829745,2015,2015-04-22,M Chinnaswamy Stadium,2,12.4,Royal Challengers Bangalore,Chennai Super Kings,SN Khan,V Kohli,IC Pandey,1,0,,,,,,,,,
829745,2015,2015-04-22,M Chinnaswamy Stadium,2,12.5,Royal Challengers Bangalore,Chennai Super Kings,V Kohli,SN Khan,IC Pandey,0,0,,,,,,,,,
829745,2015,2015-04-22,M Chinnaswamy Stadium,2,12.6,Royal Challengers Bangalore,Chennai Super Kings,V Kohli,SN Khan,IC Pandey,0,0,,,,,,,,,
829745,2015,2015-04-22,M Chinnaswamy Stadium,2,13.1,Royal Challengers Bangalore,Chennai Super Kings,SN Khan,V Kohli,RA Jadeja,6,0,,,,,,,,,
829745,2015,2015-04-22,M Chinnaswamy Stadium,2,13.2,Royal Challengers Bangalore,Chennai Super Kings,SN Khan,V Kohli,RA Jadeja,2,0,,,,,,,,,
829745,2015,2015-04-22,M Chinnaswamy Stadium,2,13.3,Royal Challengers Bangalore,Chennai Super Kings,SN Khan,V Kohli,RA Jadeja,0,0,,,,,,caught,SN Khan,,
829745,2015,2015-04-22,M Chinnaswamy Stadium,2,13.4,Royal Challengers Bangalore,Chennai Super Kings,D Wiese,V Kohli,RA Jadeja,1,0,,,,,,,,,
829745,2015,2015-04-22,M Chinnaswamy Stadium,2,13.5,Royal Challengers Bangalore,Chennai Super Kings,V Kohli,D Wiese,RA Jadeja,0,0,,,,,,,,,
829745,2015,2015-04-22,M Chinnaswamy Stadium,2,13.6,Royal Challengers Bangalore,Chennai Super Kings,V Kohli,D Wiese,RA Jadeja,1,0,,,,,,,,,
829745,2015,2015-04-22,M Chinnaswamy Stadium,2,14.1,Royal Challengers Bangalore,Chennai Super Kings,V Kohli,D Wiese,DJ Bravo,2,0,,,,,,,,,
829745,2015,2015-04-22,M Chinnaswamy Stadium,2,14.2,Royal Challengers Bangalore,Chennai Super Kings,V Kohli,D Wiese,DJ Bravo,0,0,,,,,,,,,
829745,2015,2015-04-22,M Chinnaswamy Stadium,2,14.3,Royal Challengers Bangalore,Chennai Super Kings,V Kohli,D Wiese,DJ Bravo,4,0,,,,,,,,,
829745,2015,2015-04-22,M Chinnaswamy Stadium,2,14.4,Royal Challengers Bangalore,Chennai Super Kings,V Kohli,D Wiese,DJ Bravo,1,0,,,,,,,,,
829745,2015,2015-04-22,M Chinnaswamy Stadium,2,14.5,Royal Challengers Bangalore,Chennai Super Kings,D Wiese,V Kohli,DJ Bravo,1,0,,,,,,,,,
829745,2015,2015-04-22,M Chinnaswamy Stadium,2,14.6,Royal Challengers Bangalore,Chennai Super Kings,V Kohli,D Wiese,DJ Bravo,4,0,,,,,,,,,
829745,2015,2015-04-22,M Chinnaswamy Stadium,2,15.1,Royal Challengers Bangalore,Chennai Super Kings,D Wiese,V Kohli,RA Jadeja,1,0,,,,,,,,,
829745,2015,2015-04-22,M Chinnaswamy Stadium,2,15.2,Royal Challengers Bangalore,Chennai Super Kings,V Kohli,D Wiese,RA Jadeja,2,0,,,,,,,,,
829745,2015,2015-04-22,M Chinnaswamy Stadium,2,15.3,Royal Challengers Bangalore,Chennai Super Kings,V Kohli,D Wiese,RA Jadeja,1,0,,,,,,,,,
829745,2015,2015-04-22,M Chinnaswamy Stadium,2,15.4,Royal Challengers Bangalore,Chennai Super Kings,D Wiese,V Kohli,RA Jadeja,1,0,,,,,,,,,
829745,2015,2015-04-22,M Chinnaswamy Stadium,2,15.5,Royal Challengers Bangalore,Chennai Super Kings,V Kohli,D Wiese,RA Jadeja,6,0,,,,,,,,,
829745,2015,2015-04-22,M Chinnaswamy Stadium,2,15.6,Royal Challengers Bangalore,Chennai Super Kings,V Kohli,D Wiese,RA Jadeja,1,0,,,,,,,,,
829745,2015,2015-04-22,M Chinnaswamy Stadium,2,16.1,Royal Challengers Bangalore,Chennai Super Kings,V Kohli,D Wiese,A Nehra,0,0,,,,,,caught,V Kohli,,
829745,2015,2015-04-22,M Chinnaswamy Stadium,2,16.2,Royal Challengers Bangalore,Chennai Super Kings,HV Patel,D Wiese,A Nehra,0,0,,,,,,caught,HV Patel,,
829745,2015,2015-04-22,M Chinnaswamy Stadium,2,16.3,Royal Challengers Bangalore,Chennai Super Kings,D Wiese,MA Starc,A Nehra,0,0,,,,,,,,,
829745,2015,2015-04-22,M Chinnaswamy Stadium,2,16.4,Royal Challengers Bangalore,Chennai Super Kings,D Wiese,MA Starc,A Nehra,0,0,,,,,,,,,
829745,2015,2015-04-22,M Chinnaswamy Stadium,2,16.5,Royal Challengers Bangalore,Chennai Super Kings,D Wiese,MA Starc,A Nehra,0,0,,,,,,,,,
829745,2015,2015-04-22,M Chinnaswamy Stadium,2,16.6,Royal Challengers Bangalore,Chennai Super Kings,D Wiese,MA Starc,A Nehra,1,0,,,,,,,,,
829745,2015,2015-04-22,M Chinnaswamy Stadium,2,17.1,Royal Challengers Bangalore,Chennai Super Kings,D Wiese,MA Starc,DJ Bravo,0,0,,,,,,,,,
829745,2015,2015-04-22,M Chinnaswamy Stadium,2,17.2,Royal Challengers Bangalore,Chennai Super Kings,D Wiese,MA Starc,DJ Bravo,0,0,,,,,,,,,
829745,2015,2015-04-22,M Chinnaswamy Stadium,2,17.3,Royal Challengers Bangalore,Chennai Super Kings,D Wiese,MA Starc,DJ Bravo,4,0,,,,,,,,,
829745,2015,2015-04-22,M Chinnaswamy Stadium,2,17.4,Royal Challengers Bangalore,Chennai Super Kings,D Wiese,MA Starc,DJ Bravo,0,4,,,,4,,,,,
829745,2015,2015-04-22,M Chinnaswamy Stadium,2,17.5,Royal Challengers Bangalore,Chennai Super Kings,D Wiese,MA Starc,DJ Bravo,1,0,,,,,,,,,
829745,2015,2015-04-22,M Chinnaswamy Stadium,2,17.6,Royal Challengers Bangalore,Chennai Super Kings,MA Starc,D Wiese,DJ Bravo,1,0,,,,,,,,,
829745,2015,2015-04-22,M Chinnaswamy Stadium,2,18.1,Royal Challengers Bangalore,Chennai Super Kings,MA Starc,D Wiese,MM Sharma,4,0,,,,,,,,,
829745,2015,2015-04-22,M Chinnaswamy Stadium,2,18.2,Royal Challengers Bangalore,Chennai Super Kings,MA Starc,D Wiese,MM Sharma,1,0,,,,,,,,,
829745,2015,2015-04-22,M Chinnaswamy Stadium,2,18.3,Royal Challengers Bangalore,Chennai Super Kings,D Wiese,MA Starc,MM Sharma,0,0,,,,,,,,,
829745,2015,2015-04-22,M Chinnaswamy Stadium,2,18.4,Royal Challengers Bangalore,Chennai Super Kings,D Wiese,MA Starc,MM Sharma,1,0,,,,,,,,,
829745,2015,2015-04-22,M Chinnaswamy Stadium,2,18.5,Royal Challengers Bangalore,Chennai Super Kings,MA Starc,D Wiese,MM Sharma,1,0,,,,,,,,,
829745,2015,2015-04-22,M Chinnaswamy Stadium,2,18.6,Royal Challengers Bangalore,Chennai Super Kings,D Wiese,MA Starc,MM Sharma,6,0,,,,,,,,,
829745,2015,2015-04-22,M Chinnaswamy Stadium,2,19.1,Royal Challengers Bangalore,Chennai Super Kings,MA Starc,D Wiese,DJ Bravo,1,0,,,,,,,,,
829745,2015,2015-04-22,M Chinnaswamy Stadium,2,19.2,Royal Challengers Bangalore,Chennai Super Kings,D Wiese,MA Starc,DJ Bravo,1,0,,,,,,,,,
829745,2015,2015-04-22,M Chinnaswamy Stadium,2,19.3,Royal Challengers Bangalore,Chennai Super Kings,MA Starc,D Wiese,DJ Bravo,1,0,,,,,,,,,
829745,2015,2015-04-22,M Chinnaswamy Stadium,2,19.4,Royal Challengers Bangalore,Chennai Super Kings,D Wiese,MA Starc,DJ Bravo,0,0,,,,,,,,,
829745,2015,2015-04-22,M Chinnaswamy Stadium,2,19.5,Royal Challengers Bangalore,Chennai Super Kings,D Wiese,MA Starc,DJ Bravo,4,0,,,,,,,,,
829745,2015,2015-04-22,M Chinnaswamy Stadium,2,19.6,Royal Challengers Bangalore,Chennai Super Kings,D Wiese,MA Starc,DJ Bravo,0,0,,,,,,caught,D Wiese,,
