match_id,season,start_date,venue,innings,ball,batting_team,bowling_team,striker,non_striker,bowler,runs_off_bat,extras,wides,noballs,byes,legbyes,penalty,wicket_type,player_dismissed,other_wicket_type,other_player_dismissed
829737,2015,2015-04-19,M Chinnaswamy Stadium,1,0.1,Mumbai Indians,Royal Challengers Bangalore,LMP Simmons,PA Patel,Iqbal Abdulla,1,0,,,,,,,,,
829737,2015,2015-04-19,M Chinnaswamy Stadium,1,0.2,Mumbai Indians,Royal Challengers Bangalore,PA Patel,LMP Simmons,Iqbal Abdulla,1,0,,,,,,,,,
829737,2015,2015-04-19,M Chinnaswamy Stadium,1,0.3,Mumbai Indians,Royal Challengers Bangalore,LMP Simmons,PA Patel,Iqbal Abdulla,0,0,,,,,,,,,
829737,2015,2015-04-19,M Chinnaswamy Stadium,1,0.4,Mumbai Indians,Royal Challengers Bangalore,LMP Simmons,PA Patel,Iqbal Abdulla,0,0,,,,,,,,,
829737,2015,2015-04-19,M Chinnaswamy Stadium,1,0.5,Mumbai Indians,Royal Challengers Bangalore,LMP Simmons,PA Patel,Iqbal Abdulla,0,0,,,,,,,,,
829737,2015,2015-04-19,M Chinnaswamy Stadium,1,0.6,Mumbai Indians,Royal Challengers Bangalore,LMP Simmons,PA Patel,Iqbal Abdulla,0,0,,,,,,,,,
829737,2015,2015-04-19,M Chinnaswamy Stadium,1,1.1,Mumbai Indians,Royal Challengers Bangalore,PA Patel,LMP Simmons,VR Aaron,0,1,1,,,,,,,,
829737,2015,2015-04-19,M Chinnaswamy Stadium,1,1.2,Mumbai Indians,Royal Challengers Bangalore,PA Patel,LMP Simmons,VR Aaron,0,5,5,,,,,,,,
829737,2015,2015-04-19,M Chinnaswamy Stadium,1,1.3,Mumbai Indians,Royal Challengers Bangalore,PA Patel,LMP Simmons,VR Aaron,1,0,,,,,,,,,
829737,2015,2015-04-19,M Chinnaswamy Stadium,1,1.4,Mumbai Indians,Royal Challengers Bangalore,LMP Simmons,PA Patel,VR Aaron,0,0,,,,,,,,,
829737,2015,2015-04-19,M Chinnaswamy Stadium,1,1.5,Mumbai Indians,Royal Challengers Bangalore,LMP Simmons,PA Patel,VR Aaron,0,0,,,,,,,,,
829737,2015,2015-04-19,M Chinnaswamy Stadium,1,1.6,Mumbai Indians,Royal Challengers Bangalore,LMP Simmons,PA Patel,VR Aaron,0,0,,,,,,,,,
829737,2015,2015-04-19,M Chinnaswamy Stadium,1,1.7,Mumbai Indians,Royal Challengers Bangalore,LMP Simmons,PA Patel,VR Aaron,4,0,,,,,,,,,
829737,2015,2015-04-19,M Chinnaswamy Stadium,1,1.8,Mumbai Indians,Royal Challengers Bangalore,LMP Simmons,PA Patel,VR Aaron,0,0,,,,,,,,,
829737,2015,2015-04-19,M Chinnaswamy Stadium,1,2.1,Mumbai Indians,Royal Challengers Bangalore,PA Patel,LMP Simmons,AN Ahmed,4,0,,,,,,,,,
829737,2015,2015-04-19,M Chinnaswamy Stadium,1,2.2,Mumbai Indians,Royal Challengers Bangalore,PA Patel,LMP Simmons,AN Ahmed,4,0,,,,,,,,,
829737,2015,2015-04-19,M Chinnaswamy Stadium,1,2.3,Mumbai Indians,Royal Challengers Bangalore,PA Patel,LMP Simmons,AN Ahmed,0,0,,,,,,,,,
829737,2015,2015-04-19,M Chinnaswamy Stadium,1,2.4,Mumbai Indians,Royal Challengers Bangalore,PA Patel,LMP Simmons,AN Ahmed,0,0,,,,,,,,,
829737,2015,2015-04-19,M Chinnaswamy Stadium,1,2.5,Mumbai Indians,Royal Challengers Bangalore,PA Patel,LMP Simmons,AN Ahmed,1,0,,,,,,,,,
829737,2015,2015-04-19,M Chinnaswamy Stadium,1,2.6,Mumbai Indians,Royal Challengers Bangalore,LMP Simmons,PA Patel,AN Ahmed,1,0,,,,,,,,,
829737,2015,2015-04-19,M Chinnaswamy Stadium,1,3.1,Mumbai Indians,Royal Challengers Bangalore,LMP Simmons,PA Patel,VR Aaron,0,0,,,,,,,,,
829737,2015,2015-04-19,M Chinnaswamy Stadium,1,3.2,Mumbai Indians,Royal Challengers Bangalore,LMP Simmons,PA Patel,VR Aaron,0,1,1,,,,,,,,
829737,2015,2015-04-19,M Chinnaswamy Stadium,1,3.3,Mumbai Indians,Royal Challengers Bangalore,LMP Simmons,PA Patel,VR Aaron,0,0,,,,,,,,,
829737,2015,2015-04-19,M Chinnaswamy Stadium,1,3.4,Mumbai Indians,Royal Challengers Bangalore,LMP Simmons,PA Patel,VR Aaron,4,0,,,,,,,,,
829737,2015,2015-04-19,M Chinnaswamy Stadium,1,3.5,Mumbai Indians,Royal Challengers Bangalore,LMP Simmons,PA Patel,VR Aaron,4,0,,,,,,,,,
829737,2015,2015-04-19,M Chinnaswamy Stadium,1,3.6,Mumbai Indians,Royal Challengers Bangalore,LMP Simmons,PA Patel,VR Aaron,0,0,,,,,,,,,
829737,2015,2015-04-19,M Chinnaswamy Stadium,1,3.7,Mumbai Indians,Royal Challengers Bangalore,LMP Simmons,PA Patel,VR Aaron,4,0,,,,,,,,,
829737,2015,2015-04-19,M Chinnaswamy Stadium,1,4.1,Mumbai Indians,Royal Challengers Bangalore,PA Patel,LMP Simmons,AN Ahmed,0,0,,,,,,,,,
829737,2015,2015-04-19,M Chinnaswamy Stadium,1,4.2,Mumbai Indians,Royal Challengers Bangalore,PA Patel,LMP Simmons,AN Ahmed,0,0,,,,,,,,,
829737,2015,2015-04-19,M Chinnaswamy Stadium,1,4.3,Mumbai Indians,Royal Challengers Bangalore,PA Patel,LMP Simmons,AN Ahmed,1,0,,,,,,,,,
829737,2015,2015-04-19,M Chinnaswamy Stadium,1,4.4,Mumbai Indians,Royal Challengers Bangalore,LMP Simmons,PA Patel,AN Ahmed,0,0,,,,,,,,,
829737,2015,2015-04-19,M Chinnaswamy Stadium,1,4.5,Mumbai Indians,Royal Challengers Bangalore,LMP Simmons,PA Patel,AN Ahmed,4,0,,,,,,,,,
829737,2015,2015-04-19,M Chinnaswamy Stadium,1,4.6,Mumbai Indians,Royal Challengers Bangalore,LMP Simmons,PA Patel,AN Ahmed,4,0,,,,,,,,,
829737,2015,2015-04-19,M Chinnaswamy Stadium,1,5.1,Mumbai Indians,Royal Challengers Bangalore,PA Patel,LMP Simmons,D Wiese,0,0,,,,,,,,,
829737,2015,2015-04-19,M Chinnaswamy Stadium,1,5.2,Mumbai Indians,Royal Challengers Bangalore,PA Patel,LMP Simmons,D Wiese,0,1,,,,1,,,,,
829737,2015,2015-04-19,M Chinnaswamy Stadium,1,5.3,Mumbai Indians,Royal Challengers Bangalore,LMP Simmons,PA Patel,D Wiese,0,0,,,,,,,,,
829737,2015,2015-04-19,M Chinnaswamy Stadium,1,5.4,Mumbai Indians,Royal Challengers Bangalore,LMP Simmons,PA Patel,D Wiese,1,0,,,,,,,,,
829737,2015,2015-04-19,M Chinnaswamy Stadium,1,5.5,Mumbai Indians,Royal Challengers Bangalore,PA Patel,LMP Simmons,D Wiese,0,0,,,,,,bowled,PA Patel,,
829737,2015,2015-04-19,M Chinnaswamy Stadium,1,5.6,Mumbai Indians,Royal Challengers Bangalore,UBT Chand,LMP Simmons,D Wiese,1,0,,,,,,,,,
829737,2015,2015-04-19,M Chinnaswamy Stadium,1,6.1,Mumbai Indians,Royal Challengers Bangalore,UBT Chand,LMP Simmons,Iqbal Abdulla,0,0,,,,,,,,,
829737,2015,2015-04-19,M Chinnaswamy Stadium,1,6.2,Mumbai Indians,Royal Challengers Bangalore,UBT Chand,LMP Simmons,Iqbal Abdulla,0,0,,,,,,,,,
829737,2015,2015-04-19,M Chinnaswamy Stadium,1,6.3,Mumbai Indians,Royal Challengers Bangalore,UBT Chand,LMP Simmons,Iqbal Abdulla,2,0,,,,,,,,,
829737,2015,2015-04-19,M Chinnaswamy Stadium,1,6.4,Mumbai Indians,Royal Challengers Bangalore,UBT Chand,LMP Simmons,Iqbal Abdulla,4,0,,,,,,,,,
829737,2015,2015-04-19,M Chinnaswamy Stadium,1,6.5,Mumbai Indians,Royal Challengers Bangalore,UBT Chand,LMP Simmons,Iqbal Abdulla,4,0,,,,,,,,,
829737,2015,2015-04-19,M Chinnaswamy Stadium,1,6.6,Mumbai Indians,Royal Challengers Bangalore,UBT Chand,LMP Simmons,Iqbal Abdulla,1,0,,,,,,,,,
829737,2015,2015-04-19,M Chinnaswamy Stadium,1,7.1,Mumbai Indians,Royal Challengers Bangalore,UBT Chand,LMP Simmons,D Wiese,0,2,,,,2,,,,,
829737,2015,2015-04-19,M Chinnaswamy Stadium,1,7.2,Mumbai Indians,Royal Challengers Bangalore,UBT Chand,LMP Simmons,D Wiese,1,0,,,,,,,,,
829737,2015,2015-04-19,M Chinnaswamy Stadium,1,7.3,Mumbai Indians,Royal Challengers Bangalore,LMP Simmons,UBT Chand,D Wiese,0,0,,,,,,,,,
829737,2015,2015-04-19,M Chinnaswamy Stadium,1,7.4,Mumbai Indians,Royal Challengers Bangalore,LMP Simmons,UBT Chand,D Wiese,1,0,,,,,,,,,
829737,2015,2015-04-19,M Chinnaswamy Stadium,1,7.5,Mumbai Indians,Royal Challengers Bangalore,UBT Chand,LMP Simmons,D Wiese,1,0,,,,,,,,,
829737,2015,2015-04-19,M Chinnaswamy Stadium,1,7.6,Mumbai Indians,Royal Challengers Bangalore,LMP Simmons,UBT Chand,D Wiese,0,0,,,,,,,,,
829737,2015,2015-04-19,M Chinnaswamy Stadium,1,8.1,Mumbai Indians,Royal Challengers Bangalore,UBT Chand,LMP Simmons,Iqbal Abdulla,1,0,,,,,,,,,
829737,2015,2015-04-19,M Chinnaswamy Stadium,1,8.2,Mumbai Indians,Royal Challengers Bangalore,LMP Simmons,UBT Chand,Iqbal Abdulla,1,0,,,,,,,,,
829737,2015,2015-04-19,M Chinnaswamy Stadium,1,8.3,Mumbai Indians,Royal Challengers Bangalore,UBT Chand,LMP Simmons,Iqbal Abdulla,1,0,,,,,,,,,
829737,2015,2015-04-19,M Chinnaswamy Stadium,1,8.4,Mumbai Indians,Royal Challengers Bangalore,LMP Simmons,UBT Chand,Iqbal Abdulla,6,0,,,,,,,,,
829737,2015,2015-04-19,M Chinnaswamy Stadium,1,8.5,Mumbai Indians,Royal Challengers Bangalore,LMP Simmons,UBT Chand,Iqbal Abdulla,0,0,,,,,,,,,
829737,2015,2015-04-19,M Chinnaswamy Stadium,1,8.6,Mumbai Indians,Royal Challengers Bangalore,LMP Simmons,UBT Chand,Iqbal Abdulla,0,0,,,,,,,,,
829737,2015,2015-04-19,M Chinnaswamy Stadium,1,9.1,Mumbai Indians,Royal Challengers Bangalore,UBT Chand,LMP Simmons,YS Chahal,4,0,,,,,,,,,
829737,2015,2015-04-19,M Chinnaswamy Stadium,1,9.2,Mumbai Indians,Royal Challengers Bangalore,UBT Chand,LMP Simmons,YS Chahal,0,0,,,,,,,,,
829737,2015,2015-04-19,M Chinnaswamy Stadium,1,9.3,Mumbai Indians,Royal Challengers Bangalore,UBT Chand,LMP Simmons,YS Chahal,0,0,,,,,,,,,
829737,2015,2015-04-19,M Chinnaswamy Stadium,1,9.4,Mumbai Indians,Royal Challengers Bangalore,UBT Chand,LMP Simmons,YS Chahal,6,0,,,,,,,,,
829737,2015,2015-04-19,M Chinnaswamy Stadium,1,9.5,Mumbai Indians,Royal Challengers Bangalore,UBT Chand,LMP Simmons,YS Chahal,0,0,,,,,,,,,
829737,2015,2015-04-19,M Chinnaswamy Stadium,1,9.6,Mumbai Indians,Royal Challengers Bangalore,UBT Chand,LMP Simmons,YS Chahal,0,0,,,,,,,,,
829737,2015,2015-04-19,M Chinnaswamy Stadium,1,10.1,Mumbai Indians,Royal Challengers Bangalore,LMP Simmons,UBT Chand,VR Aaron,0,0,,,,,,,,,
829737,2015,2015-04-19,M Chinnaswamy Stadium,1,10.2,Mumbai Indians,Royal Challengers Bangalore,LMP Simmons,UBT Chand,VR Aaron,0,0,,,,,,,,,
829737,2015,2015-04-19,M Chinnaswamy Stadium,1,10.3,Mumbai Indians,Royal Challengers Bangalore,LMP Simmons,UBT Chand,VR Aaron,6,0,,,,,,,,,
829737,2015,2015-04-19,M Chinnaswamy Stadium,1,10.4,Mumbai Indians,Royal Challengers Bangalore,LMP Simmons,UBT Chand,VR Aaron,4,0,,,,,,,,,
829737,2015,2015-04-19,M Chinnaswamy Stadium,1,10.5,Mumbai Indians,Royal Challengers Bangalore,LMP Simmons,UBT Chand,VR Aaron,0,0,,,,,,,,,
829737,2015,2015-04-19,M Chinnaswamy Stadium,1,10.6,Mumbai Indians,Royal Challengers Bangalore,LMP Simmons,UBT Chand,VR Aaron,4,0,,,,,,,,,
829737,2015,2015-04-19,M Chinnaswamy Stadium,1,11.1,Mumbai Indians,Royal Challengers Bangalore,UBT Chand,LMP Simmons,YS Chahal,0,0,,,,,,,,,
829737,2015,2015-04-19,M Chinnaswamy Stadium,1,11.2,Mumbai Indians,Royal Challengers Bangalore,UBT Chand,LMP Simmons,YS Chahal,1,0,,,,,,,,,
829737,2015,2015-04-19,M Chinnaswamy Stadium,1,11.3,Mumbai Indians,Royal Challengers Bangalore,LMP Simmons,UBT Chand,YS Chahal,1,0,,,,,,,,,
829737,2015,2015-04-19,M Chinnaswamy Stadium,1,11.4,Mumbai Indians,Royal Challengers Bangalore,UBT Chand,LMP Simmons,YS Chahal,0,0,,,,,,,,,
829737,2015,2015-04-19,M Chinnaswamy Stadium,1,11.5,Mumbai Indians,Royal Challengers Bangalore,UBT Chand,LMP Simmons,YS Chahal,1,0,,,,,,,,,
829737,2015,2015-04-19,M Chinnaswamy Stadium,1,11.6,Mumbai Indians,Royal Challengers Bangalore,LMP Simmons,UBT Chand,YS Chahal,1,0,,,,,,,,,
829737,2015,2015-04-19,M Chinnaswamy Stadium,1,12.1,Mumbai Indians,Royal Challengers Bangalore,LMP Simmons,UBT Chand,Iqbal Abdulla,2,0,,,,,,,,,
829737,2015,2015-04-19,M Chinnaswamy Stadium,1,12.2,Mumbai Indians,Royal Challengers Bangalore,LMP Simmons,UBT Chand,Iqbal Abdulla,0,0,,,,,,,,,
829737,2015,2015-04-19,M Chinnaswamy Stadium,1,12.3,Mumbai Indians,Royal Challengers Bangalore,LMP Simmons,UBT Chand,Iqbal Abdulla,1,0,,,,,,,,,
829737,2015,2015-04-19,M Chinnaswamy Stadium,1,12.4,Mumbai Indians,Royal Challengers Bangalore,UBT Chand,LMP Simmons,Iqbal Abdulla,0,1,1,,,,,,,,
829737,2015,2015-04-19,M Chinnaswamy Stadium,1,12.5,Mumbai Indians,Royal Challengers Bangalore,UBT Chand,LMP Simmons,Iqbal Abdulla,0,2,2,,,,,,,,
829737,2015,2015-04-19,M Chinnaswamy Stadium,1,12.6,Mumbai Indians,Royal Challengers Bangalore,LMP Simmons,UBT Chand,Iqbal Abdulla,1,0,,,,,,,,,
829737,2015,2015-04-19,M Chinnaswamy Stadium,1,12.7,Mumbai Indians,Royal Challengers Bangalore,UBT Chand,LMP Simmons,Iqbal Abdulla,0,0,,,,,,,,,
829737,2015,2015-04-19,M Chinnaswamy Stadium,1,12.8,Mumbai Indians,Royal Challengers Bangalore,UBT Chand,LMP Simmons,Iqbal Abdulla,6,0,,,,,,,,,
829737,2015,2015-04-19,M Chinnaswamy Stadium,1,13.1,Mumbai Indians,Royal Challengers Bangalore,LMP Simmons,UBT Chand,YS Chahal,0,1,1,,,,,,,,
829737,2015,2015-04-19,M Chinnaswamy Stadium,1,13.2,Mumbai Indians,Royal Challengers Bangalore,LMP Simmons,UBT Chand,YS Chahal,4,0,,,,,,,,,
829737,2015,2015-04-19,M Chinnaswamy Stadium,1,13.3,Mumbai Indians,Royal Challengers Bangalore,LMP Simmons,UBT Chand,YS Chahal,0,0,,,,,,,,,
829737,2015,2015-04-19,M Chinnaswamy Stadium,1,13.4,Mumbai Indians,Royal Challengers Bangalore,LMP Simmons,UBT Chand,YS Chahal,0,0,,,,,,caught,LMP Simmons,,
829737,2015,2015-04-19,M Chinnaswamy Stadium,1,13.5,Mumbai Indians,Royal Challengers Bangalore,UBT Chand,RG Sharma,YS Chahal,0,0,,,,,,,,,
829737,2015,2015-04-19,M Chinnaswamy Stadium,1,13.6,Mumbai Indians,Royal Challengers Bangalore,UBT Chand,RG Sharma,YS Chahal,0,0,,,,,,,,,
829737,2015,2015-04-19,M Chinnaswamy Stadium,1,13.7,Mumbai Indians,Royal Challengers Bangalore,UBT Chand,RG Sharma,YS Chahal,1,0,,,,,,,,,
829737,2015,2015-04-19,M Chinnaswamy Stadium,1,14.1,Mumbai Indians,Royal Challengers Bangalore,UBT Chand,RG Sharma,VR Aaron,0,1,,,,1,,,,,
829737,2015,2015-04-19,M Chinnaswamy Stadium,1,14.2,Mumbai Indians,Royal Challengers Bangalore,RG Sharma,UBT Chand,VR Aaron,0,0,,,,,,,,,
829737,2015,2015-04-19,M Chinnaswamy Stadium,1,14.3,Mumbai Indians,Royal Challengers Bangalore,RG Sharma,UBT Chand,VR Aaron,2,0,,,,,,,,,
829737,2015,2015-04-19,M Chinnaswamy Stadium,1,14.4,Mumbai Indians,Royal Challengers Bangalore,RG Sharma,UBT Chand,VR Aaron,4,0,,,,,,,,,
829737,2015,2015-04-19,M Chinnaswamy Stadium,1,14.5,Mumbai Indians,Royal Challengers Bangalore,RG Sharma,UBT Chand,VR Aaron,0,0,,,,,,,,,
829737,2015,2015-04-19,M Chinnaswamy Stadium,1,14.6,Mumbai Indians,Royal Challengers Bangalore,RG Sharma,UBT Chand,VR Aaron,6,0,,,,,,,,,
829737,2015,2015-04-19,M Chinnaswamy Stadium,1,15.1,Mumbai Indians,Royal Challengers Bangalore,UBT Chand,RG Sharma,D Wiese,4,0,,,,,,,,,
829737,2015,2015-04-19,M Chinnaswamy Stadium,1,15.2,Mumbai Indians,Royal Challengers Bangalore,UBT Chand,RG Sharma,D Wiese,4,0,,,,,,,,,
829737,2015,2015-04-19,M Chinnaswamy Stadium,1,15.3,Mumbai Indians,Royal Challengers Bangalore,UBT Chand,RG Sharma,D Wiese,4,0,,,,,,,,,
829737,2015,2015-04-19,M Chinnaswamy Stadium,1,15.4,Mumbai Indians,Royal Challengers Bangalore,UBT Chand,RG Sharma,D Wiese,1,0,,,,,,,,,
829737,2015,2015-04-19,M Chinnaswamy Stadium,1,15.5,Mumbai Indians,Royal Challengers Bangalore,RG Sharma,UBT Chand,D Wiese,1,0,,,,,,,,,
829737,2015,2015-04-19,M Chinnaswamy Stadium,1,15.6,Mumbai Indians,Royal Challengers Bangalore,UBT Chand,RG Sharma,D Wiese,0,1,1,,,,,,,,
829737,2015,2015-04-19,M Chinnaswamy Stadium,1,15.7,Mumbai Indians,Royal Challengers Bangalore,UBT Chand,RG Sharma,D Wiese,4,0,,,,,,,,,
829737,2015,2015-04-19,M Chinnaswamy Stadium,1,16.1,Mumbai Indians,Royal Challengers Bangalore,RG Sharma,UBT Chand,AN Ahmed,6,0,,,,,,,,,
829737,2015,2015-04-19,M Chinnaswamy Stadium,1,16.2,Mumbai Indians,Royal Challengers Bangalore,RG Sharma,UBT Chand,AN Ahmed,4,0,,,,,,,,,
829737,2015,2015-04-19,M Chinnaswamy Stadium,1,16.3,Mumbai Indians,Royal Challengers Bangalore,RG Sharma,UBT Chand,AN Ahmed,1,0,,,,,,,,,
829737,2015,2015-04-19,M Chinnaswamy Stadium,1,16.4,Mumbai Indians,Royal Challengers Bangalore,UBT Chand,RG Sharma,AN Ahmed,1,0,,,,,,,,,
829737,2015,2015-04-19,M Chinnaswamy Stadium,1,16.5,Mumbai Indians,Royal Challengers Bangalore,RG Sharma,UBT Chand,AN Ahmed,6,0,,,,,,,,,
829737,2015,2015-04-19,M Chinnaswamy Stadium,1,16.6,Mumbai Indians,Royal Challengers Bangalore,RG Sharma,UBT Chand,AN Ahmed,6,0,,,,,,,,,
829737,2015,2015-04-19,M Chinnaswamy Stadium,1,17.1,Mumbai Indians,Royal Challengers Bangalore,UBT Chand,RG Sharma,YS Chahal,4,0,,,,,,,,,
829737,2015,2015-04-19,M Chinnaswamy Stadium,1,17.2,Mumbai Indians,Royal Challengers Bangalore,UBT Chand,RG Sharma,YS Chahal,1,0,,,,,,,,,
829737,2015,2015-04-19,M Chinnaswamy Stadium,1,17.3,Mumbai Indians,Royal Challengers Bangalore,RG Sharma,UBT Chand,YS Chahal,1,0,,,,,,,,,
829737,2015,2015-04-19,M Chinnaswamy Stadium,1,17.4,Mumbai Indians,Royal Challengers Bangalore,UBT Chand,RG Sharma,YS Chahal,0,0,,,,,,caught,UBT Chand,,
829737,2015,2015-04-19,M Chinnaswamy Stadium,1,17.5,Mumbai Indians,Royal Challengers Bangalore,RG Sharma,KA Pollard,YS Chahal,1,0,,,,,,,,,
829737,2015,2015-04-19,M Chinnaswamy Stadium,1,17.6,Mumbai Indians,Royal Challengers Bangalore,KA Pollard,RG Sharma,YS Chahal,1,0,,,,,,,,,
829737,2015,2015-04-19,M Chinnaswamy Stadium,1,18.1,Mumbai Indians,Royal Challengers Bangalore,KA Pollard,RG Sharma,D Wiese,4,0,,,,,,,,,
829737,2015,2015-04-19,M Chinnaswamy Stadium,1,18.2,Mumbai Indians,Royal Challengers Bangalore,KA Pollard,RG Sharma,D Wiese,0,0,,,,,,caught,KA Pollard,,
829737,2015,2015-04-19,M Chinnaswamy Stadium,1,18.3,Mumbai Indians,Royal Challengers Bangalore,AT Rayudu,RG Sharma,D Wiese,0,0,,,,,,caught,AT Rayudu,,
829737,2015,2015-04-19,M Chinnaswamy Stadium,1,18.4,Mumbai Indians,Royal Challengers Bangalore,RG Sharma,Harbhajan Singh,D Wiese,4,0,,,,,,,,,
829737,2015,2015-04-19,M Chinnaswamy Stadium,1,18.5,Mumbai Indians,Royal Challengers Bangalore,RG Sharma,Harbhajan Singh,D Wiese,0,0,,,,,,caught and bowled,RG Sharma,,
829737,2015,2015-04-19,M Chinnaswamy Stadium,1,18.6,Mumbai Indians,Royal Challengers Bangalore,HH Pandya,Harbhajan Singh,D Wiese,1,0,,,,,,,,,
829737,2015,2015-04-19,M Chinnaswamy Stadium,1,19.1,Mumbai Indians,Royal Challengers Bangalore,HH Pandya,Harbhajan Singh,AN Ahmed,6,0,,,,,,,,,
829737,2015,2015-04-19,M Chinnaswamy Stadium,1,19.2,Mumbai Indians,Royal Challengers Bangalore,HH Pandya,Harbhajan Singh,AN Ahmed,0,1,1,,,,,,,,
829737,2015,2015-04-19,M Chinnaswamy Stadium,1,19.3,Mumbai Indians,Royal Challengers Bangalore,HH Pandya,Harbhajan Singh,AN Ahmed,2,0,,,,,,,,,
829737,2015,2015-04-19,M Chinnaswamy Stadium,1,19.4,Mumbai Indians,Royal Challengers Bangalore,HH Pandya,Harbhajan Singh,AN Ahmed,0,0,,,,,,,,,
829737,2015,2015-04-19,M Chinnaswamy Stadium,1,19.5,Mumbai Indians,Royal Challengers Bangalore,HH Pandya,Harbhajan Singh,AN Ahmed,6,0,,,,,,,,,
829737,2015,2015-04-19,M Chinnaswamy Stadium,1,19.6,Mumbai Indians,Royal Challengers Bangalore,HH Pandya,Harbhajan Singh,AN Ahmed,1,0,,,,,,,,,
829737,2015,2015-04-19,M Chinnaswamy Stadium,1,19.7,Mumbai Indians,Royal Challengers Bangalore,Harbhajan Singh,HH Pandya,AN Ahmed,0,0,,,,,,run out,Harbhajan Singh,,
829737,2015,2015-04-19,M Chinnaswamy Stadium,2,0.1,Royal Challengers Bangalore,Mumbai Indians,CH Gayle,MS Bisla,MJ McClenaghan,0,0,,,,,,,,,
829737,2015,2015-04-19,M Chinnaswamy Stadium,2,0.2,Royal Challengers Bangalore,Mumbai Indians,CH Gayle,MS Bisla,MJ McClenaghan,0,0,,,,,,,,,
829737,2015,2015-04-19,M Chinnaswamy Stadium,2,0.3,Royal Challengers Bangalore,Mumbai Indians,CH Gayle,MS Bisla,MJ McClenaghan,0,1,1,,,,,,,,
829737,2015,2015-04-19,M Chinnaswamy Stadium,2,0.4,Royal Challengers Bangalore,Mumbai Indians,CH Gayle,MS Bisla,MJ McClenaghan,0,1,,1,,,,,,,
829737,2015,2015-04-19,M Chinnaswamy Stadium,2,0.5,Royal Challengers Bangalore,Mumbai Indians,CH Gayle,MS Bisla,MJ McClenaghan,0,0,,,,,,,,,
829737,2015,2015-04-19,M Chinnaswamy Stadium,2,0.6,Royal Challengers Bangalore,Mumbai Indians,CH Gayle,MS Bisla,MJ McClenaghan,0,1,1,,,,,,,,
829737,2015,2015-04-19,M Chinnaswamy Stadium,2,0.7,Royal Challengers Bangalore,Mumbai Indians,CH Gayle,MS Bisla,MJ McClenaghan,0,0,,,,,,,,,
829737,2015,2015-04-19,M Chinnaswamy Stadium,2,0.8,Royal Challengers Bangalore,Mumbai Indians,CH Gayle,MS Bisla,MJ McClenaghan,1,0,,,,,,,,,
829737,2015,2015-04-19,M Chinnaswamy Stadium,2,0.9,Royal Challengers Bangalore,Mumbai Indians,MS Bisla,CH Gayle,MJ McClenaghan,0,0,,,,,,,,,
829737,2015,2015-04-19,M Chinnaswamy Stadium,2,1.1,Royal Challengers Bangalore,Mumbai Indians,CH Gayle,MS Bisla,SL Malinga,0,0,,,,,,,,,
829737,2015,2015-04-19,M Chinnaswamy Stadium,2,1.2,Royal Challengers Bangalore,Mumbai Indians,CH Gayle,MS Bisla,SL Malinga,0,0,,,,,,,,,
829737,2015,2015-04-19,M Chinnaswamy Stadium,2,1.3,Royal Challengers Bangalore,Mumbai Indians,CH Gayle,MS Bisla,SL Malinga,0,0,,,,,,,,,
829737,2015,2015-04-19,M Chinnaswamy Stadium,2,1.4,Royal Challengers Bangalore,Mumbai Indians,CH Gayle,MS Bisla,SL Malinga,0,0,,,,,,,,,
829737,2015,2015-04-19,M Chinnaswamy Stadium,2,1.5,Royal Challengers Bangalore,Mumbai Indians,CH Gayle,MS Bisla,SL Malinga,0,0,,,,,,,,,
829737,2015,2015-04-19,M Chinnaswamy Stadium,2,1.6,Royal Challengers Bangalore,Mumbai Indians,CH Gayle,MS Bisla,SL Malinga,0,0,,,,,,,,,
829737,2015,2015-04-19,M Chinnaswamy Stadium,2,2.1,Royal Challengers Bangalore,Mumbai Indians,MS Bisla,CH Gayle,MJ McClenaghan,4,0,,,,,,,,,
829737,2015,2015-04-19,M Chinnaswamy Stadium,2,2.2,Royal Challengers Bangalore,Mumbai Indians,MS Bisla,CH Gayle,MJ McClenaghan,0,0,,,,,,,,,
829737,2015,2015-04-19,M Chinnaswamy Stadium,2,2.3,Royal Challengers Bangalore,Mumbai Indians,MS Bisla,CH Gayle,MJ McClenaghan,4,0,,,,,,,,,
829737,2015,2015-04-19,M Chinnaswamy Stadium,2,2.4,Royal Challengers Bangalore,Mumbai Indians,MS Bisla,CH Gayle,MJ McClenaghan,0,0,,,,,,,,,
829737,2015,2015-04-19,M Chinnaswamy Stadium,2,2.5,Royal Challengers Bangalore,Mumbai Indians,MS Bisla,CH Gayle,MJ McClenaghan,0,0,,,,,,,,,
829737,2015,2015-04-19,M Chinnaswamy Stadium,2,2.6,Royal Challengers Bangalore,Mumbai Indians,MS Bisla,CH Gayle,MJ McClenaghan,0,0,,,,,,,,,
829737,2015,2015-04-19,M Chinnaswamy Stadium,2,3.1,Royal Challengers Bangalore,Mumbai Indians,CH Gayle,MS Bisla,SL Malinga,0,0,,,,,,,,,
829737,2015,2015-04-19,M Chinnaswamy Stadium,2,3.2,Royal Challengers Bangalore,Mumbai Indians,CH Gayle,MS Bisla,SL Malinga,1,0,,,,,,,,,
829737,2015,2015-04-19,M Chinnaswamy Stadium,2,3.3,Royal Challengers Bangalore,Mumbai Indians,MS Bisla,CH Gayle,SL Malinga,0,0,,,,,,,,,
829737,2015,2015-04-19,M Chinnaswamy Stadium,2,3.4,Royal Challengers Bangalore,Mumbai Indians,MS Bisla,CH Gayle,SL Malinga,1,0,,,,,,,,,
829737,2015,2015-04-19,M Chinnaswamy Stadium,2,3.5,Royal Challengers Bangalore,Mumbai Indians,CH Gayle,MS Bisla,SL Malinga,1,0,,,,,,,,,
829737,2015,2015-04-19,M Chinnaswamy Stadium,2,3.6,Royal Challengers Bangalore,Mumbai Indians,MS Bisla,CH Gayle,SL Malinga,1,0,,,,,,,,,
829737,2015,2015-04-19,M Chinnaswamy Stadium,2,4.1,Royal Challengers Bangalore,Mumbai Indians,MS Bisla,CH Gayle,Harbhajan Singh,4,0,,,,,,,,,
829737,2015,2015-04-19,M Chinnaswamy Stadium,2,4.2,Royal Challengers Bangalore,Mumbai Indians,MS Bisla,CH Gayle,Harbhajan Singh,0,0,,,,,,,,,
829737,2015,2015-04-19,M Chinnaswamy Stadium,2,4.3,Royal Challengers Bangalore,Mumbai Indians,MS Bisla,CH Gayle,Harbhajan Singh,0,0,,,,,,,,,
829737,2015,2015-04-19,M Chinnaswamy Stadium,2,4.4,Royal Challengers Bangalore,Mumbai Indians,MS Bisla,CH Gayle,Harbhajan Singh,6,0,,,,,,,,,
829737,2015,2015-04-19,M Chinnaswamy Stadium,2,4.5,Royal Challengers Bangalore,Mumbai Indians,MS Bisla,CH Gayle,Harbhajan Singh,0,0,,,,,,,,,
829737,2015,2015-04-19,M Chinnaswamy Stadium,2,4.6,Royal Challengers Bangalore,Mumbai Indians,MS Bisla,CH Gayle,Harbhajan Singh,0,0,,,,,,bowled,MS Bisla,,
829737,2015,2015-04-19,M Chinnaswamy Stadium,2,5.1,Royal Challengers Bangalore,Mumbai Indians,CH Gayle,V Kohli,JJ Bumrah,0,1,1,,,,,,,,
829737,2015,2015-04-19,M Chinnaswamy Stadium,2,5.2,Royal Challengers Bangalore,Mumbai Indians,CH Gayle,V Kohli,JJ Bumrah,0,1,1,,,,,,,,
829737,2015,2015-04-19,M Chinnaswamy Stadium,2,5.3,Royal Challengers Bangalore,Mumbai Indians,CH Gayle,V Kohli,JJ Bumrah,0,1,1,,,,,,,,
829737,2015,2015-04-19,M Chinnaswamy Stadium,2,5.4,Royal Challengers Bangalore,Mumbai Indians,CH Gayle,V Kohli,JJ Bumrah,0,1,1,,,,,,,,
829737,2015,2015-04-19,M Chinnaswamy Stadium,2,5.5,Royal Challengers Bangalore,Mumbai Indians,CH Gayle,V Kohli,JJ Bumrah,2,0,,,,,,,,,
829737,2015,2015-04-19,M Chinnaswamy Stadium,2,5.6,Royal Challengers Bangalore,Mumbai Indians,CH Gayle,V Kohli,JJ Bumrah,0,0,,,,,,,,,
829737,2015,2015-04-19,M Chinnaswamy Stadium,2,5.7,Royal Challengers Bangalore,Mumbai Indians,CH Gayle,V Kohli,JJ Bumrah,1,0,,,,,,,,,
829737,2015,2015-04-19,M Chinnaswamy Stadium,2,5.8,Royal Challengers Bangalore,Mumbai Indians,V Kohli,CH Gayle,JJ Bumrah,0,0,,,,,,,,,
829737,2015,2015-04-19,M Chinnaswamy Stadium,2,5.9,Royal Challengers Bangalore,Mumbai Indians,V Kohli,CH Gayle,JJ Bumrah,0,0,,,,,,,,,
829737,2015,2015-04-19,M Chinnaswamy Stadium,2,5.1,Royal Challengers Bangalore,Mumbai Indians,V Kohli,CH Gayle,JJ Bumrah,0,0,,,,,,,,,
829737,2015,2015-04-19,M Chinnaswamy Stadium,2,6.1,Royal Challengers Bangalore,Mumbai Indians,CH Gayle,V Kohli,Harbhajan Singh,1,0,,,,,,,,,
829737,2015,2015-04-19,M Chinnaswamy Stadium,2,6.2,Royal Challengers Bangalore,Mumbai Indians,V Kohli,CH Gayle,Harbhajan Singh,0,0,,,,,,,,,
829737,2015,2015-04-19,M Chinnaswamy Stadium,2,6.3,Royal Challengers Bangalore,Mumbai Indians,V Kohli,CH Gayle,Harbhajan Singh,1,0,,,,,,,,,
829737,2015,2015-04-19,M Chinnaswamy Stadium,2,6.4,Royal Challengers Bangalore,Mumbai Indians,CH Gayle,V Kohli,Harbhajan Singh,0,0,,,,,,,,,
829737,2015,2015-04-19,M Chinnaswamy Stadium,2,6.5,Royal Challengers Bangalore,Mumbai Indians,CH Gayle,V Kohli,Harbhajan Singh,1,0,,,,,,,,,
829737,2015,2015-04-19,M Chinnaswamy Stadium,2,6.6,Royal Challengers Bangalore,Mumbai Indians,V Kohli,CH Gayle,Harbhajan Singh,1,0,,,,,,,,,
829737,2015,2015-04-19,M Chinnaswamy Stadium,2,7.1,Royal Challengers Bangalore,Mumbai Indians,V Kohli,CH Gayle,JJ Bumrah,1,0,,,,,,,,,
829737,2015,2015-04-19,M Chinnaswamy Stadium,2,7.2,Royal Challengers Bangalore,Mumbai Indians,CH Gayle,V Kohli,JJ Bumrah,0,1,1,,,,,,,,
829737,2015,2015-04-19,M Chinnaswamy Stadium,2,7.3,Royal Challengers Bangalore,Mumbai Indians,CH Gayle,V Kohli,JJ Bumrah,1,0,,,,,,,,,
829737,2015,2015-04-19,M Chinnaswamy Stadium,2,7.4,Royal Challengers Bangalore,Mumbai Indians,V Kohli,CH Gayle,JJ Bumrah,4,0,,,,,,,,,
829737,2015,2015-04-19,M Chinnaswamy Stadium,2,7.5,Royal Challengers Bangalore,Mumbai Indians,V Kohli,CH Gayle,JJ Bumrah,1,0,,,,,,,,,
829737,2015,2015-04-19,M Chinnaswamy Stadium,2,7.6,Royal Challengers Bangalore,Mumbai Indians,CH Gayle,V Kohli,JJ Bumrah,1,0,,,,,,,,,
829737,2015,2015-04-19,M Chinnaswamy Stadium,2,7.7,Royal Challengers Bangalore,Mumbai Indians,V Kohli,CH Gayle,JJ Bumrah,2,0,,,,,,,,,
829737,2015,2015-04-19,M Chinnaswamy Stadium,2,8.1,Royal Challengers Bangalore,Mumbai Indians,CH Gayle,V Kohli,Harbhajan Singh,0,0,,,,,,bowled,CH Gayle,,
829737,2015,2015-04-19,M Chinnaswamy Stadium,2,8.2,Royal Challengers Bangalore,Mumbai Indians,KD Karthik,V Kohli,Harbhajan Singh,1,0,,,,,,,,,
829737,2015,2015-04-19,M Chinnaswamy Stadium,2,8.3,Royal Challengers Bangalore,Mumbai Indians,V Kohli,KD Karthik,Harbhajan Singh,0,0,,,,,,,,,
829737,2015,2015-04-19,M Chinnaswamy Stadium,2,8.4,Royal Challengers Bangalore,Mumbai Indians,V Kohli,KD Karthik,Harbhajan Singh,0,0,,,,,,,,,
829737,2015,2015-04-19,M Chinnaswamy Stadium,2,8.5,Royal Challengers Bangalore,Mumbai Indians,V Kohli,KD Karthik,Harbhajan Singh,6,0,,,,,,,,,
829737,2015,2015-04-19,M Chinnaswamy Stadium,2,8.6,Royal Challengers Bangalore,Mumbai Indians,V Kohli,KD Karthik,Harbhajan Singh,1,0,,,,,,,,,
829737,2015,2015-04-19,M Chinnaswamy Stadium,2,9.1,Royal Challengers Bangalore,Mumbai Indians,V Kohli,KD Karthik,HH Pandya,0,0,,,,,,,,,
829737,2015,2015-04-19,M Chinnaswamy Stadium,2,9.2,Royal Challengers Bangalore,Mumbai Indians,V Kohli,KD Karthik,HH Pandya,1,0,,,,,,,,,
829737,2015,2015-04-19,M Chinnaswamy Stadium,2,9.3,Royal Challengers Bangalore,Mumbai Indians,KD Karthik,V Kohli,HH Pandya,0,0,,,,,,,,,
829737,2015,2015-04-19,M Chinnaswamy Stadium,2,9.4,Royal Challengers Bangalore,Mumbai Indians,KD Karthik,V Kohli,HH Pandya,2,0,,,,,,,,,
829737,2015,2015-04-19,M Chinnaswamy Stadium,2,9.5,Royal Challengers Bangalore,Mumbai Indians,KD Karthik,V Kohli,HH Pandya,0,0,,,,,,,,,
829737,2015,2015-04-19,M Chinnaswamy Stadium,2,9.6,Royal Challengers Bangalore,Mumbai Indians,KD Karthik,V Kohli,HH Pandya,1,0,,,,,,,,,
829737,2015,2015-04-19,M Chinnaswamy Stadium,2,10.1,Royal Challengers Bangalore,Mumbai Indians,KD Karthik,V Kohli,MJ McClenaghan,1,0,,,,,,,,,
829737,2015,2015-04-19,M Chinnaswamy Stadium,2,10.2,Royal Challengers Bangalore,Mumbai Indians,V Kohli,KD Karthik,MJ McClenaghan,0,0,,,,,,,,,
829737,2015,2015-04-19,M Chinnaswamy Stadium,2,10.3,Royal Challengers Bangalore,Mumbai Indians,V Kohli,KD Karthik,MJ McClenaghan,0,1,1,,,,,,,,
829737,2015,2015-04-19,M Chinnaswamy Stadium,2,10.4,Royal Challengers Bangalore,Mumbai Indians,V Kohli,KD Karthik,MJ McClenaghan,0,0,,,,,,caught,V Kohli,,
829737,2015,2015-04-19,M Chinnaswamy Stadium,2,10.5,Royal Challengers Bangalore,Mumbai Indians,AB de Villiers,KD Karthik,MJ McClenaghan,4,0,,,,,,,,,
829737,2015,2015-04-19,M Chinnaswamy Stadium,2,10.6,Royal Challengers Bangalore,Mumbai Indians,AB de Villiers,KD Karthik,MJ McClenaghan,6,0,,,,,,,,,
829737,2015,2015-04-19,M Chinnaswamy Stadium,2,10.7,Royal Challengers Bangalore,Mumbai Indians,AB de Villiers,KD Karthik,MJ McClenaghan,4,0,,,,,,,,,
829737,2015,2015-04-19,M Chinnaswamy Stadium,2,11.1,Royal Challengers Bangalore,Mumbai Indians,KD Karthik,AB de Villiers,HH Pandya,1,0,,,,,,,,,
829737,2015,2015-04-19,M Chinnaswamy Stadium,2,11.2,Royal Challengers Bangalore,Mumbai Indians,AB de Villiers,KD Karthik,HH Pandya,4,0,,,,,,,,,
829737,2015,2015-04-19,M Chinnaswamy Stadium,2,11.3,Royal Challengers Bangalore,Mumbai Indians,AB de Villiers,KD Karthik,HH Pandya,1,0,,,,,,,,,
829737,2015,2015-04-19,M Chinnaswamy Stadium,2,11.4,Royal Challengers Bangalore,Mumbai Indians,KD Karthik,AB de Villiers,HH Pandya,2,0,,,,,,,,,
829737,2015,2015-04-19,M Chinnaswamy Stadium,2,11.5,Royal Challengers Bangalore,Mumbai Indians,KD Karthik,AB de Villiers,HH Pandya,4,0,,,,,,,,,
829737,2015,2015-04-19,M Chinnaswamy Stadium,2,11.6,Royal Challengers Bangalore,Mumbai Indians,KD Karthik,AB de Villiers,HH Pandya,0,1,1,,,,,,,,
829737,2015,2015-04-19,M Chinnaswamy Stadium,2,11.7,Royal Challengers Bangalore,Mumbai Indians,KD Karthik,AB de Villiers,HH Pandya,6,0,,,,,,,,,
829737,2015,2015-04-19,M Chinnaswamy Stadium,2,12.1,Royal Challengers Bangalore,Mumbai Indians,AB de Villiers,KD Karthik,SL Malinga,0,2,2,,,,,,,,
829737,2015,2015-04-19,M Chinnaswamy Stadium,2,12.2,Royal Challengers Bangalore,Mumbai Indians,KD Karthik,AB de Villiers,SL Malinga,0,0,,,,,,caught,KD Karthik,,
829737,2015,2015-04-19,M Chinnaswamy Stadium,2,12.3,Royal Challengers Bangalore,Mumbai Indians,AB de Villiers,RR Rossouw,SL Malinga,6,0,,,,,,,,,
829737,2015,2015-04-19,M Chinnaswamy Stadium,2,12.4,Royal Challengers Bangalore,Mumbai Indians,AB de Villiers,RR Rossouw,SL Malinga,6,0,,,,,,,,,
829737,2015,2015-04-19,M Chinnaswamy Stadium,2,12.5,Royal Challengers Bangalore,Mumbai Indians,AB de Villiers,RR Rossouw,SL Malinga,2,0,,,,,,,,,
829737,2015,2015-04-19,M Chinnaswamy Stadium,2,12.6,Royal Challengers Bangalore,Mumbai Indians,AB de Villiers,RR Rossouw,SL Malinga,4,0,,,,,,,,,
829737,2015,2015-04-19,M Chinnaswamy Stadium,2,12.7,Royal Challengers Bangalore,Mumbai Indians,AB de Villiers,RR Rossouw,SL Malinga,4,0,,,,,,,,,
829737,2015,2015-04-19,M Chinnaswamy Stadium,2,13.1,Royal Challengers Bangalore,Mumbai Indians,RR Rossouw,AB de Villiers,Harbhajan Singh,0,0,,,,,,bowled,RR Rossouw,,
829737,2015,2015-04-19,M Chinnaswamy Stadium,2,13.2,Royal Challengers Bangalore,Mumbai Indians,D Wiese,AB de Villiers,Harbhajan Singh,0,0,,,,,,,,,
829737,2015,2015-04-19,M Chinnaswamy Stadium,2,13.3,Royal Challengers Bangalore,Mumbai Indians,D Wiese,AB de Villiers,Harbhajan Singh,4,0,,,,,,,,,
829737,2015,2015-04-19,M Chinnaswamy Stadium,2,13.4,Royal Challengers Bangalore,Mumbai Indians,D Wiese,AB de Villiers,Harbhajan Singh,0,0,,,,,,,,,
829737,2015,2015-04-19,M Chinnaswamy Stadium,2,13.5,Royal Challengers Bangalore,Mumbai Indians,D Wiese,AB de Villiers,Harbhajan Singh,0,0,,,,,,,,,
829737,2015,2015-04-19,M Chinnaswamy Stadium,2,13.6,Royal Challengers Bangalore,Mumbai Indians,D Wiese,AB de Villiers,Harbhajan Singh,1,0,,,,,,,,,
829737,2015,2015-04-19,M Chinnaswamy Stadium,2,14.1,Royal Challengers Bangalore,Mumbai Indians,D Wiese,AB de Villiers,JJ Bumrah,1,0,,,,,,,,,
829737,2015,2015-04-19,M Chinnaswamy Stadium,2,14.2,Royal Challengers Bangalore,Mumbai Indians,AB de Villiers,D Wiese,JJ Bumrah,0,0,,,,,,caught,AB de Villiers,,
829737,2015,2015-04-19,M Chinnaswamy Stadium,2,14.3,Royal Challengers Bangalore,Mumbai Indians,Iqbal Abdulla,D Wiese,JJ Bumrah,0,0,,,,,,,,,
829737,2015,2015-04-19,M Chinnaswamy Stadium,2,14.4,Royal Challengers Bangalore,Mumbai Indians,Iqbal Abdulla,D Wiese,JJ Bumrah,0,0,,,,,,,,,
829737,2015,2015-04-19,M Chinnaswamy Stadium,2,14.5,Royal Challengers Bangalore,Mumbai Indians,Iqbal Abdulla,D Wiese,JJ Bumrah,0,0,,,,,,,,,
829737,2015,2015-04-19,M Chinnaswamy Stadium,2,14.6,Royal Challengers Bangalore,Mumbai Indians,Iqbal Abdulla,D Wiese,JJ Bumrah,4,0,,,,,,,,,
829737,2015,2015-04-19,M Chinnaswamy Stadium,2,15.1,Royal Challengers Bangalore,Mumbai Indians,D Wiese,Iqbal Abdulla,HH Pandya,1,0,,,,,,,,,
829737,2015,2015-04-19,M Chinnaswamy Stadium,2,15.2,Royal Challengers Bangalore,Mumbai Indians,Iqbal Abdulla,D Wiese,HH Pandya,0,1,1,,,,,,,,
829737,2015,2015-04-19,M Chinnaswamy Stadium,2,15.3,Royal Challengers Bangalore,Mumbai Indians,Iqbal Abdulla,D Wiese,HH Pandya,0,1,,,,1,,,,,
829737,2015,2015-04-19,M Chinnaswamy Stadium,2,15.4,Royal Challengers Bangalore,Mumbai Indians,D Wiese,Iqbal Abdulla,HH Pandya,6,0,,,,,,,,,
829737,2015,2015-04-19,M Chinnaswamy Stadium,2,15.5,Royal Challengers Bangalore,Mumbai Indians,D Wiese,Iqbal Abdulla,HH Pandya,1,0,,,,,,,,,
829737,2015,2015-04-19,M Chinnaswamy Stadium,2,15.6,Royal Challengers Bangalore,Mumbai Indians,Iqbal Abdulla,D Wiese,HH Pandya,1,0,,,,,,,,,
829737,2015,2015-04-19,M Chinnaswamy Stadium,2,15.7,Royal Challengers Bangalore,Mumbai Indians,D Wiese,Iqbal Abdulla,HH Pandya,4,0,,,,,,,,,
829737,2015,2015-04-19,M Chinnaswamy Stadium,2,16.1,Royal Challengers Bangalore,Mumbai Indians,Iqbal Abdulla,D Wiese,JJ Bumrah,0,0,,,,,,,,,
829737,2015,2015-04-19,M Chinnaswamy Stadium,2,16.2,Royal Challengers Bangalore,Mumbai Indians,Iqbal Abdulla,D Wiese,JJ Bumrah,1,0,,,,,,,,,
829737,2015,2015-04-19,M Chinnaswamy Stadium,2,16.3,Royal Challengers Bangalore,Mumbai Indians,D Wiese,Iqbal Abdulla,JJ Bumrah,6,0,,,,,,,,,
829737,2015,2015-04-19,M Chinnaswamy Stadium,2,16.4,Royal Challengers Bangalore,Mumbai Indians,D Wiese,Iqbal Abdulla,JJ Bumrah,1,0,,,,,,,,,
829737,2015,2015-04-19,M Chinnaswamy Stadium,2,16.5,Royal Challengers Bangalore,Mumbai Indians,Iqbal Abdulla,D Wiese,JJ Bumrah,4,0,,,,,,,,,
829737,2015,2015-04-19,M Chinnaswamy Stadium,2,16.6,Royal Challengers Bangalore,Mumbai Indians,Iqbal Abdulla,D Wiese,JJ Bumrah,4,0,,,,,,,,,
829737,2015,2015-04-19,M Chinnaswamy Stadium,2,17.1,Royal Challengers Bangalore,Mumbai Indians,D Wiese,Iqbal Abdulla,MJ McClenaghan,4,0,,,,,,,,,
829737,2015,2015-04-19,M Chinnaswamy Stadium,2,17.2,Royal Challengers Bangalore,Mumbai Indians,D Wiese,Iqbal Abdulla,MJ McClenaghan,0,0,,,,,,,,,
829737,2015,2015-04-19,M Chinnaswamy Stadium,2,17.3,Royal Challengers Bangalore,Mumbai Indians,D Wiese,Iqbal Abdulla,MJ McClenaghan,4,0,,,,,,,,,
829737,2015,2015-04-19,M Chinnaswamy Stadium,2,17.4,Royal Challengers Bangalore,Mumbai Indians,D Wiese,Iqbal Abdulla,MJ McClenaghan,4,0,,,,,,,,,
829737,2015,2015-04-19,M Chinnaswamy Stadium,2,17.5,Royal Challengers Bangalore,Mumbai Indians,D Wiese,Iqbal Abdulla,MJ McClenaghan,1,0,,,,,,,,,
829737,2015,2015-04-19,M Chinnaswamy Stadium,2,17.6,Royal Challengers Bangalore,Mumbai Indians,Iqbal Abdulla,D Wiese,MJ McClenaghan,0,1,,1,,,,,,,
829737,2015,2015-04-19,M Chinnaswamy Stadium,2,17.7,Royal Challengers Bangalore,Mumbai Indians,Iqbal Abdulla,D Wiese,MJ McClenaghan,1,0,,,,,,,,,
829737,2015,2015-04-19,M Chinnaswamy Stadium,2,18.1,Royal Challengers Bangalore,Mumbai Indians,Iqbal Abdulla,D Wiese,SL Malinga,0,1,1,,,,,,,,
829737,2015,2015-04-19,M Chinnaswamy Stadium,2,18.2,Royal Challengers Bangalore,Mumbai Indians,Iqbal Abdulla,D Wiese,SL Malinga,1,0,,,,,,,,,
829737,2015,2015-04-19,M Chinnaswamy Stadium,2,18.3,Royal Challengers Bangalore,Mumbai Indians,D Wiese,Iqbal Abdulla,SL Malinga,0,0,,,,,,,,,
829737,2015,2015-04-19,M Chinnaswamy Stadium,2,18.4,Royal Challengers Bangalore,Mumbai Indians,D Wiese,Iqbal Abdulla,SL Malinga,0,0,,,,,,,,,
829737,2015,2015-04-19,M Chinnaswamy Stadium,2,18.5,Royal Challengers Bangalore,Mumbai Indians,D Wiese,Iqbal Abdulla,SL Malinga,1,0,,,,,,,,,
829737,2015,2015-04-19,M Chinnaswamy Stadium,2,18.6,Royal Challengers Bangalore,Mumbai Indians,Iqbal Abdulla,D Wiese,SL Malinga,4,0,,,,,,,,,
829737,2015,2015-04-19,M Chinnaswamy Stadium,2,18.7,Royal Challengers Bangalore,Mumbai Indians,Iqbal Abdulla,D Wiese,SL Malinga,0,0,,,,,,,,,
829737,2015,2015-04-19,M Chinnaswamy Stadium,2,19.1,Royal Challengers Bangalore,Mumbai Indians,D Wiese,Iqbal Abdulla,KA Pollard,1,0,,,,,,run out,Iqbal Abdulla,,
829737,2015,2015-04-19,M Chinnaswamy Stadium,2,19.2,Royal Challengers Bangalore,Mumbai Indians,D Wiese,AN Ahmed,KA Pollard,0,0,,,,,,,,,
829737,2015,2015-04-19,M Chinnaswamy Stadium,2,19.3,Royal Challengers Bangalore,Mumbai Indians,D Wiese,AN Ahmed,KA Pollard,1,0,,,,,,,,,
829737,2015,2015-04-19,M Chinnaswamy Stadium,2,19.4,Royal Challengers Bangalore,Mumbai Indians,AN Ahmed,D Wiese,KA Pollard,1,0,,,,,,,,,
829737,2015,2015-04-19,M Chinnaswamy Stadium,2,19.5,Royal Challengers Bangalore,Mumbai Indians,D Wiese,AN Ahmed,KA Pollard,2,0,,,,,,,,,
829737,2015,2015-04-19,M Chinnaswamy Stadium,2,19.6,Royal Challengers Bangalore,Mumbai Indians,D Wiese,AN Ahmed,KA Pollard,4,0,,,,,,,,,
