match_id,season,start_date,venue,innings,ball,batting_team,bowling_team,striker,non_striker,bowler,runs_off_bat,extras,wides,noballs,byes,legbyes,penalty,wicket_type,player_dismissed,other_wicket_type,other_player_dismissed
829725,2015,2015-04-15,Maharashtra Cricket Association Stadium,1,0.1,Kings XI Punjab,Delhi Daredevils,M Vijay,V Sehwag,NM Coulter-Nile,0,0,,,,,,,,,
829725,2015,2015-04-15,Maharashtra Cricket Association Stadium,1,0.2,Kings XI Punjab,Delhi Daredevils,M Vijay,V Sehwag,NM Coulter-Nile,0,0,,,,,,,,,
829725,2015,2015-04-15,Maharashtra Cricket Association Stadium,1,0.3,Kings XI Punjab,Delhi Daredevils,M Vijay,V Sehwag,NM Coulter-Nile,0,0,,,,,,,,,
829725,2015,2015-04-15,Maharashtra Cricket Association Stadium,1,0.4,Kings XI Punjab,Delhi Daredevils,M Vijay,V Sehwag,NM Coulter-Nile,0,0,,,,,,,,,
829725,2015,2015-04-15,Maharashtra Cricket Association Stadium,1,0.5,Kings XI Punjab,Delhi Daredevils,M Vijay,V Sehwag,NM Coulter-Nile,1,0,,,,,,,,,
829725,2015,2015-04-15,Maharashtra Cricket Association Stadium,1,0.6,Kings XI Punjab,Delhi Daredevils,V Sehwag,M Vijay,NM Coulter-Nile,0,0,,,,,,,,,
829725,2015,2015-04-15,Maharashtra Cricket Association Stadium,1,1.1,Kings XI Punjab,Delhi Daredevils,M Vijay,V Sehwag,DJ Muthuswami,0,0,,,,,,,,,
829725,2015,2015-04-15,Maharashtra Cricket Association Stadium,1,1.2,Kings XI Punjab,Delhi Daredevils,M Vijay,V Sehwag,DJ Muthuswami,4,0,,,,,,,,,
829725,2015,2015-04-15,Maharashtra Cricket Association Stadium,1,1.3,Kings XI Punjab,Delhi Daredevils,M Vijay,V Sehwag,DJ Muthuswami,0,0,,,,,,,,,
829725,2015,2015-04-15,Maharashtra Cricket Association Stadium,1,1.4,Kings XI Punjab,Delhi Daredevils,M Vijay,V Sehwag,DJ Muthuswami,0,0,,,,,,,,,
829725,2015,2015-04-15,Maharashtra Cricket Association Stadium,1,1.5,Kings XI Punjab,Delhi Daredevils,M Vijay,V Sehwag,DJ Muthuswami,0,0,,,,,,,,,
829725,2015,2015-04-15,Maharashtra Cricket Association Stadium,1,1.6,Kings XI Punjab,Delhi Daredevils,M Vijay,V Sehwag,DJ Muthuswami,6,0,,,,,,,,,
829725,2015,2015-04-15,Maharashtra Cricket Association Stadium,1,2.1,Kings XI Punjab,Delhi Daredevils,V Sehwag,M Vijay,NM Coulter-Nile,0,0,,,,,,,,,
829725,2015,2015-04-15,Maharashtra Cricket Association Stadium,1,2.2,Kings XI Punjab,Delhi Daredevils,V Sehwag,M Vijay,NM Coulter-Nile,0,0,,,,,,,,,
829725,2015,2015-04-15,Maharashtra Cricket Association Stadium,1,2.3,Kings XI Punjab,Delhi Daredevils,V Sehwag,M Vijay,NM Coulter-Nile,0,1,1,,,,,,,,
829725,2015,2015-04-15,Maharashtra Cricket Association Stadium,1,2.4,Kings XI Punjab,Delhi Daredevils,V Sehwag,M Vijay,NM Coulter-Nile,0,0,,,,,,,,,
829725,2015,2015-04-15,Maharashtra Cricket Association Stadium,1,2.5,Kings XI Punjab,Delhi Daredevils,V Sehwag,M Vijay,NM Coulter-Nile,0,0,,,,,,,,,
829725,2015,2015-04-15,Maharashtra Cricket Association Stadium,1,2.6,Kings XI Punjab,Delhi Daredevils,V Sehwag,M Vijay,NM Coulter-Nile,0,0,,,,,,,,,
829725,2015,2015-04-15,Maharashtra Cricket Association Stadium,1,2.7,Kings XI Punjab,Delhi Daredevils,V Sehwag,M Vijay,NM Coulter-Nile,4,0,,,,,,,,,
829725,2015,2015-04-15,Maharashtra Cricket Association Stadium,1,3.1,Kings XI Punjab,Delhi Daredevils,M Vijay,V Sehwag,DJ Muthuswami,2,0,,,,,,,,,
829725,2015,2015-04-15,Maharashtra Cricket Association Stadium,1,3.2,Kings XI Punjab,Delhi Daredevils,M Vijay,V Sehwag,DJ Muthuswami,1,0,,,,,,,,,
829725,2015,2015-04-15,Maharashtra Cricket Association Stadium,1,3.3,Kings XI Punjab,Delhi Daredevils,V Sehwag,M Vijay,DJ Muthuswami,1,0,,,,,,,,,
829725,2015,2015-04-15,Maharashtra Cricket Association Stadium,1,3.4,Kings XI Punjab,Delhi Daredevils,M Vijay,V Sehwag,DJ Muthuswami,0,2,,,,2,,,,,
829725,2015,2015-04-15,Maharashtra Cricket Association Stadium,1,3.5,Kings XI Punjab,Delhi Daredevils,M Vijay,V Sehwag,DJ Muthuswami,1,0,,,,,,,,,
829725,2015,2015-04-15,Maharashtra Cricket Association Stadium,1,3.6,Kings XI Punjab,Delhi Daredevils,V Sehwag,M Vijay,DJ Muthuswami,1,0,,,,,,,,,
829725,2015,2015-04-15,Maharashtra Cricket Association Stadium,1,4.1,Kings XI Punjab,Delhi Daredevils,V Sehwag,M Vijay,AD Mathews,4,0,,,,,,,,,
829725,2015,2015-04-15,Maharashtra Cricket Association Stadium,1,4.2,Kings XI Punjab,Delhi Daredevils,V Sehwag,M Vijay,AD Mathews,0,0,,,,,,,,,
829725,2015,2015-04-15,Maharashtra Cricket Association Stadium,1,4.3,Kings XI Punjab,Delhi Daredevils,V Sehwag,M Vijay,AD Mathews,1,0,,,,,,,,,
829725,2015,2015-04-15,Maharashtra Cricket Association Stadium,1,4.4,Kings XI Punjab,Delhi Daredevils,M Vijay,V Sehwag,AD Mathews,4,0,,,,,,,,,
829725,2015,2015-04-15,Maharashtra Cricket Association Stadium,1,4.5,Kings XI Punjab,Delhi Daredevils,M Vijay,V Sehwag,AD Mathews,0,0,,,,,,,,,
829725,2015,2015-04-15,Maharashtra Cricket Association Stadium,1,4.6,Kings XI Punjab,Delhi Daredevils,M Vijay,V Sehwag,AD Mathews,0,0,,,,,,caught,M Vijay,,
829725,2015,2015-04-15,Maharashtra Cricket Association Stadium,1,5.1,Kings XI Punjab,Delhi Daredevils,WP Saha,V Sehwag,DJ Muthuswami,0,0,,,,,,,,,
829725,2015,2015-04-15,Maharashtra Cricket Association Stadium,1,5.2,Kings XI Punjab,Delhi Daredevils,WP Saha,V Sehwag,DJ Muthuswami,0,0,,,,,,,,,
829725,2015,2015-04-15,Maharashtra Cricket Association Stadium,1,5.3,Kings XI Punjab,Delhi Daredevils,WP Saha,V Sehwag,DJ Muthuswami,0,0,,,,,,,,,
829725,2015,2015-04-15,Maharashtra Cricket Association Stadium,1,5.4,Kings XI Punjab,Delhi Daredevils,WP Saha,V Sehwag,DJ Muthuswami,1,0,,,,,,,,,
829725,2015,2015-04-15,Maharashtra Cricket Association Stadium,1,5.5,Kings XI Punjab,Delhi Daredevils,V Sehwag,WP Saha,DJ Muthuswami,1,0,,,,,,,,,
829725,2015,2015-04-15,Maharashtra Cricket Association Stadium,1,5.6,Kings XI Punjab,Delhi Daredevils,WP Saha,V Sehwag,DJ Muthuswami,6,0,,,,,,,,,
829725,2015,2015-04-15,Maharashtra Cricket Association Stadium,1,6.1,Kings XI Punjab,Delhi Daredevils,V Sehwag,WP Saha,AD Mathews,0,0,,,,,,,,,
829725,2015,2015-04-15,Maharashtra Cricket Association Stadium,1,6.2,Kings XI Punjab,Delhi Daredevils,V Sehwag,WP Saha,AD Mathews,0,0,,,,,,,,,
829725,2015,2015-04-15,Maharashtra Cricket Association Stadium,1,6.3,Kings XI Punjab,Delhi Daredevils,V Sehwag,WP Saha,AD Mathews,1,0,,,,,,,,,
829725,2015,2015-04-15,Maharashtra Cricket Association Stadium,1,6.4,Kings XI Punjab,Delhi Daredevils,WP Saha,V Sehwag,AD Mathews,0,1,1,,,,,,,,
829725,2015,2015-04-15,Maharashtra Cricket Association Stadium,1,6.5,Kings XI Punjab,Delhi Daredevils,WP Saha,V Sehwag,AD Mathews,0,0,,,,,,,,,
829725,2015,2015-04-15,Maharashtra Cricket Association Stadium,1,6.6,Kings XI Punjab,Delhi Daredevils,WP Saha,V Sehwag,AD Mathews,1,0,,,,,,,,,
829725,2015,2015-04-15,Maharashtra Cricket Association Stadium,1,6.7,Kings XI Punjab,Delhi Daredevils,V Sehwag,WP Saha,AD Mathews,1,0,,,,,,,,,
829725,2015,2015-04-15,Maharashtra Cricket Association Stadium,1,7.1,Kings XI Punjab,Delhi Daredevils,V Sehwag,WP Saha,A Mishra,1,0,,,,,,,,,
829725,2015,2015-04-15,Maharashtra Cricket Association Stadium,1,7.2,Kings XI Punjab,Delhi Daredevils,WP Saha,V Sehwag,A Mishra,1,0,,,,,,,,,
829725,2015,2015-04-15,Maharashtra Cricket Association Stadium,1,7.3,Kings XI Punjab,Delhi Daredevils,V Sehwag,WP Saha,A Mishra,0,1,1,,,,,,,,
829725,2015,2015-04-15,Maharashtra Cricket Association Stadium,1,7.4,Kings XI Punjab,Delhi Daredevils,V Sehwag,WP Saha,A Mishra,1,0,,,,,,,,,
829725,2015,2015-04-15,Maharashtra Cricket Association Stadium,1,7.5,Kings XI Punjab,Delhi Daredevils,WP Saha,V Sehwag,A Mishra,2,0,,,,,,,,,
829725,2015,2015-04-15,Maharashtra Cricket Association Stadium,1,7.6,Kings XI Punjab,Delhi Daredevils,WP Saha,V Sehwag,A Mishra,1,0,,,,,,,,,
829725,2015,2015-04-15,Maharashtra Cricket Association Stadium,1,7.7,Kings XI Punjab,Delhi Daredevils,V Sehwag,WP Saha,A Mishra,0,0,,,,,,,,,
829725,2015,2015-04-15,Maharashtra Cricket Association Stadium,1,8.1,Kings XI Punjab,Delhi Daredevils,WP Saha,V Sehwag,Imran Tahir,2,0,,,,,,,,,
829725,2015,2015-04-15,Maharashtra Cricket Association Stadium,1,8.2,Kings XI Punjab,Delhi Daredevils,WP Saha,V Sehwag,Imran Tahir,1,0,,,,,,,,,
829725,2015,2015-04-15,Maharashtra Cricket Association Stadium,1,8.3,Kings XI Punjab,Delhi Daredevils,V Sehwag,WP Saha,Imran Tahir,6,0,,,,,,,,,
829725,2015,2015-04-15,Maharashtra Cricket Association Stadium,1,8.4,Kings XI Punjab,Delhi Daredevils,V Sehwag,WP Saha,Imran Tahir,4,0,,,,,,,,,
829725,2015,2015-04-15,Maharashtra Cricket Association Stadium,1,8.5,Kings XI Punjab,Delhi Daredevils,V Sehwag,WP Saha,Imran Tahir,4,0,,,,,,,,,
829725,2015,2015-04-15,Maharashtra Cricket Association Stadium,1,8.6,Kings XI Punjab,Delhi Daredevils,V Sehwag,WP Saha,Imran Tahir,1,0,,,,,,,,,
829725,2015,2015-04-15,Maharashtra Cricket Association Stadium,1,9.1,Kings XI Punjab,Delhi Daredevils,V Sehwag,WP Saha,A Mishra,0,0,,,,,,,,,
829725,2015,2015-04-15,Maharashtra Cricket Association Stadium,1,9.2,Kings XI Punjab,Delhi Daredevils,V Sehwag,WP Saha,A Mishra,1,0,,,,,,,,,
829725,2015,2015-04-15,Maharashtra Cricket Association Stadium,1,9.3,Kings XI Punjab,Delhi Daredevils,WP Saha,V Sehwag,A Mishra,0,0,,,,,,,,,
829725,2015,2015-04-15,Maharashtra Cricket Association Stadium,1,9.4,Kings XI Punjab,Delhi Daredevils,WP Saha,V Sehwag,A Mishra,1,0,,,,,,,,,
829725,2015,2015-04-15,Maharashtra Cricket Association Stadium,1,9.5,Kings XI Punjab,Delhi Daredevils,V Sehwag,WP Saha,A Mishra,1,0,,,,,,,,,
829725,2015,2015-04-15,Maharashtra Cricket Association Stadium,1,9.6,Kings XI Punjab,Delhi Daredevils,WP Saha,V Sehwag,A Mishra,0,0,,,,,,,,,
829725,2015,2015-04-15,Maharashtra Cricket Association Stadium,1,10.1,Kings XI Punjab,Delhi Daredevils,V Sehwag,WP Saha,AD Mathews,1,0,,,,,,,,,
829725,2015,2015-04-15,Maharashtra Cricket Association Stadium,1,10.2,Kings XI Punjab,Delhi Daredevils,WP Saha,V Sehwag,AD Mathews,1,0,,,,,,,,,
829725,2015,2015-04-15,Maharashtra Cricket Association Stadium,1,10.3,Kings XI Punjab,Delhi Daredevils,V Sehwag,WP Saha,AD Mathews,1,0,,,,,,,,,
829725,2015,2015-04-15,Maharashtra Cricket Association Stadium,1,10.4,Kings XI Punjab,Delhi Daredevils,WP Saha,V Sehwag,AD Mathews,6,0,,,,,,,,,
829725,2015,2015-04-15,Maharashtra Cricket Association Stadium,1,10.5,Kings XI Punjab,Delhi Daredevils,WP Saha,V Sehwag,AD Mathews,0,0,,,,,,,,,
829725,2015,2015-04-15,Maharashtra Cricket Association Stadium,1,10.6,Kings XI Punjab,Delhi Daredevils,WP Saha,V Sehwag,AD Mathews,1,0,,,,,,,,,
829725,2015,2015-04-15,Maharashtra Cricket Association Stadium,1,11.1,Kings XI Punjab,Delhi Daredevils,WP Saha,V Sehwag,Yuvraj Singh,2,0,,,,,,,,,
829725,2015,2015-04-15,Maharashtra Cricket Association Stadium,1,11.2,Kings XI Punjab,Delhi Daredevils,WP Saha,V Sehwag,Yuvraj Singh,2,0,,,,,,,,,
829725,2015,2015-04-15,Maharashtra Cricket Association Stadium,1,11.3,Kings XI Punjab,Delhi Daredevils,WP Saha,V Sehwag,Yuvraj Singh,1,0,,,,,,,,,
829725,2015,2015-04-15,Maharashtra Cricket Association Stadium,1,11.4,Kings XI Punjab,Delhi Daredevils,V Sehwag,WP Saha,Yuvraj Singh,1,0,,,,,,,,,
829725,2015,2015-04-15,Maharashtra Cricket Association Stadium,1,11.5,Kings XI Punjab,Delhi Daredevils,WP Saha,V Sehwag,Yuvraj Singh,0,1,1,,,,,,,,
829725,2015,2015-04-15,Maharashtra Cricket Association Stadium,1,11.6,Kings XI Punjab,Delhi Daredevils,WP Saha,V Sehwag,Yuvraj Singh,1,0,,,,,,,,,
829725,2015,2015-04-15,Maharashtra Cricket Association Stadium,1,11.7,Kings XI Punjab,Delhi Daredevils,V Sehwag,WP Saha,Yuvraj Singh,1,0,,,,,,,,,
829725,2015,2015-04-15,Maharashtra Cricket Association Stadium,1,12.1,Kings XI Punjab,Delhi Daredevils,V Sehwag,WP Saha,NM Coulter-Nile,0,0,,,,,,,,,
829725,2015,2015-04-15,Maharashtra Cricket Association Stadium,1,12.2,Kings XI Punjab,Delhi Daredevils,V Sehwag,WP Saha,NM Coulter-Nile,0,0,,,,,,,,,
829725,2015,2015-04-15,Maharashtra Cricket Association Stadium,1,12.3,Kings XI Punjab,Delhi Daredevils,V Sehwag,WP Saha,NM Coulter-Nile,1,0,,,,,,,,,
829725,2015,2015-04-15,Maharashtra Cricket Association Stadium,1,12.4,Kings XI Punjab,Delhi Daredevils,WP Saha,V Sehwag,NM Coulter-Nile,6,0,,,,,,,,,
829725,2015,2015-04-15,Maharashtra Cricket Association Stadium,1,12.5,Kings XI Punjab,Delhi Daredevils,WP Saha,V Sehwag,NM Coulter-Nile,1,0,,,,,,,,,
829725,2015,2015-04-15,Maharashtra Cricket Association Stadium,1,12.6,Kings XI Punjab,Delhi Daredevils,V Sehwag,WP Saha,NM Coulter-Nile,0,0,,,,,,,,,
829725,2015,2015-04-15,Maharashtra Cricket Association Stadium,1,13.1,Kings XI Punjab,Delhi Daredevils,WP Saha,V Sehwag,A Mishra,1,0,,,,,,,,,
829725,2015,2015-04-15,Maharashtra Cricket Association Stadium,1,13.2,Kings XI Punjab,Delhi Daredevils,V Sehwag,WP Saha,A Mishra,1,0,,,,,,,,,
829725,2015,2015-04-15,Maharashtra Cricket Association Stadium,1,13.3,Kings XI Punjab,Delhi Daredevils,WP Saha,V Sehwag,A Mishra,1,0,,,,,,,,,
829725,2015,2015-04-15,Maharashtra Cricket Association Stadium,1,13.4,Kings XI Punjab,Delhi Daredevils,V Sehwag,WP Saha,A Mishra,1,0,,,,,,,,,
829725,2015,2015-04-15,Maharashtra Cricket Association Stadium,1,13.5,Kings XI Punjab,Delhi Daredevils,WP Saha,V Sehwag,A Mishra,0,0,,,,,,bowled,WP Saha,,
829725,2015,2015-04-15,Maharashtra Cricket Association Stadium,1,13.6,Kings XI Punjab,Delhi Daredevils,DA Miller,V Sehwag,A Mishra,1,0,,,,,,,,,
829725,2015,2015-04-15,Maharashtra Cricket Association Stadium,1,14.1,Kings XI Punjab,Delhi Daredevils,DA Miller,V Sehwag,JP Duminy,1,0,,,,,,,,,
829725,2015,2015-04-15,Maharashtra Cricket Association Stadium,1,14.2,Kings XI Punjab,Delhi Daredevils,V Sehwag,DA Miller,JP Duminy,1,0,,,,,,,,,
829725,2015,2015-04-15,Maharashtra Cricket Association Stadium,1,14.3,Kings XI Punjab,Delhi Daredevils,DA Miller,V Sehwag,JP Duminy,1,0,,,,,,,,,
829725,2015,2015-04-15,Maharashtra Cricket Association Stadium,1,14.4,Kings XI Punjab,Delhi Daredevils,V Sehwag,DA Miller,JP Duminy,0,1,1,,,,,,,,
829725,2015,2015-04-15,Maharashtra Cricket Association Stadium,1,14.5,Kings XI Punjab,Delhi Daredevils,V Sehwag,DA Miller,JP Duminy,0,0,,,,,,,,,
829725,2015,2015-04-15,Maharashtra Cricket Association Stadium,1,14.6,Kings XI Punjab,Delhi Daredevils,V Sehwag,DA Miller,JP Duminy,6,0,,,,,,,,,
829725,2015,2015-04-15,Maharashtra Cricket Association Stadium,1,14.7,Kings XI Punjab,Delhi Daredevils,V Sehwag,DA Miller,JP Duminy,0,0,,,,,,caught,V Sehwag,,
829725,2015,2015-04-15,Maharashtra Cricket Association Stadium,1,15.1,Kings XI Punjab,Delhi Daredevils,GJ Maxwell,DA Miller,Imran Tahir,2,0,,,,,,,,,
829725,2015,2015-04-15,Maharashtra Cricket Association Stadium,1,15.2,Kings XI Punjab,Delhi Daredevils,GJ Maxwell,DA Miller,Imran Tahir,6,0,,,,,,,,,
829725,2015,2015-04-15,Maharashtra Cricket Association Stadium,1,15.3,Kings XI Punjab,Delhi Daredevils,GJ Maxwell,DA Miller,Imran Tahir,1,0,,,,,,,,,
829725,2015,2015-04-15,Maharashtra Cricket Association Stadium,1,15.4,Kings XI Punjab,Delhi Daredevils,DA Miller,GJ Maxwell,Imran Tahir,1,0,,,,,,,,,
829725,2015,2015-04-15,Maharashtra Cricket Association Stadium,1,15.5,Kings XI Punjab,Delhi Daredevils,GJ Maxwell,DA Miller,Imran Tahir,6,0,,,,,,,,,
829725,2015,2015-04-15,Maharashtra Cricket Association Stadium,1,15.6,Kings XI Punjab,Delhi Daredevils,GJ Maxwell,DA Miller,Imran Tahir,0,0,,,,,,caught,GJ Maxwell,,
829725,2015,2015-04-15,Maharashtra Cricket Association Stadium,1,16.1,Kings XI Punjab,Delhi Daredevils,GJ Bailey,DA Miller,JP Duminy,2,0,,,,,,,,,
829725,2015,2015-04-15,Maharashtra Cricket Association Stadium,1,16.2,Kings XI Punjab,Delhi Daredevils,GJ Bailey,DA Miller,JP Duminy,1,0,,,,,,,,,
829725,2015,2015-04-15,Maharashtra Cricket Association Stadium,1,16.3,Kings XI Punjab,Delhi Daredevils,DA Miller,GJ Bailey,JP Duminy,0,0,,,,,,,,,
829725,2015,2015-04-15,Maharashtra Cricket Association Stadium,1,16.4,Kings XI Punjab,Delhi Daredevils,DA Miller,GJ Bailey,JP Duminy,0,1,1,,,,,,,,
829725,2015,2015-04-15,Maharashtra Cricket Association Stadium,1,16.5,Kings XI Punjab,Delhi Daredevils,DA Miller,GJ Bailey,JP Duminy,1,0,,,,,,,,,
829725,2015,2015-04-15,Maharashtra Cricket Association Stadium,1,16.6,Kings XI Punjab,Delhi Daredevils,GJ Bailey,DA Miller,JP Duminy,1,0,,,,,,,,,
829725,2015,2015-04-15,Maharashtra Cricket Association Stadium,1,16.7,Kings XI Punjab,Delhi Daredevils,DA Miller,GJ Bailey,JP Duminy,0,0,,,,,,bowled,DA Miller,,
829725,2015,2015-04-15,Maharashtra Cricket Association Stadium,1,17.1,Kings XI Punjab,Delhi Daredevils,GJ Bailey,AR Patel,Imran Tahir,1,0,,,,,,,,,
829725,2015,2015-04-15,Maharashtra Cricket Association Stadium,1,17.2,Kings XI Punjab,Delhi Daredevils,AR Patel,GJ Bailey,Imran Tahir,1,0,,,,,,,,,
829725,2015,2015-04-15,Maharashtra Cricket Association Stadium,1,17.3,Kings XI Punjab,Delhi Daredevils,GJ Bailey,AR Patel,Imran Tahir,1,0,,,,,,,,,
829725,2015,2015-04-15,Maharashtra Cricket Association Stadium,1,17.4,Kings XI Punjab,Delhi Daredevils,AR Patel,GJ Bailey,Imran Tahir,0,0,,,,,,,,,
829725,2015,2015-04-15,Maharashtra Cricket Association Stadium,1,17.5,Kings XI Punjab,Delhi Daredevils,AR Patel,GJ Bailey,Imran Tahir,1,0,,,,,,,,,
829725,2015,2015-04-15,Maharashtra Cricket Association Stadium,1,17.6,Kings XI Punjab,Delhi Daredevils,GJ Bailey,AR Patel,Imran Tahir,2,0,,,,,,,,,
829725,2015,2015-04-15,Maharashtra Cricket Association Stadium,1,18.1,Kings XI Punjab,Delhi Daredevils,AR Patel,GJ Bailey,A Mishra,6,0,,,,,,,,,
829725,2015,2015-04-15,Maharashtra Cricket Association Stadium,1,18.2,Kings XI Punjab,Delhi Daredevils,AR Patel,GJ Bailey,A Mishra,1,0,,,,,,,,,
829725,2015,2015-04-15,Maharashtra Cricket Association Stadium,1,18.3,Kings XI Punjab,Delhi Daredevils,GJ Bailey,AR Patel,A Mishra,6,0,,,,,,,,,
829725,2015,2015-04-15,Maharashtra Cricket Association Stadium,1,18.4,Kings XI Punjab,Delhi Daredevils,GJ Bailey,AR Patel,A Mishra,1,0,,,,,,,,,
829725,2015,2015-04-15,Maharashtra Cricket Association Stadium,1,18.5,Kings XI Punjab,Delhi Daredevils,AR Patel,GJ Bailey,A Mishra,1,0,,,,,,,,,
829725,2015,2015-04-15,Maharashtra Cricket Association Stadium,1,18.6,Kings XI Punjab,Delhi Daredevils,GJ Bailey,AR Patel,A Mishra,4,0,,,,,,,,,
829725,2015,2015-04-15,Maharashtra Cricket Association Stadium,1,19.1,Kings XI Punjab,Delhi Daredevils,AR Patel,GJ Bailey,Imran Tahir,0,0,,,,,,,,,
829725,2015,2015-04-15,Maharashtra Cricket Association Stadium,1,19.2,Kings XI Punjab,Delhi Daredevils,AR Patel,GJ Bailey,Imran Tahir,2,0,,,,,,,,,
829725,2015,2015-04-15,Maharashtra Cricket Association Stadium,1,19.3,Kings XI Punjab,Delhi Daredevils,AR Patel,GJ Bailey,Imran Tahir,1,0,,,,,,,,,
829725,2015,2015-04-15,Maharashtra Cricket Association Stadium,1,19.4,Kings XI Punjab,Delhi Daredevils,GJ Bailey,AR Patel,Imran Tahir,0,0,,,,,,,,,
829725,2015,2015-04-15,Maharashtra Cricket Association Stadium,1,19.5,Kings XI Punjab,Delhi Daredevils,GJ Bailey,AR Patel,Imran Tahir,0,0,,,,,,caught,GJ Bailey,,
829725,2015,2015-04-15,Maharashtra Cricket Association Stadium,1,19.6,Kings XI Punjab,Delhi Daredevils,AR Patel,R Dhawan,Imran Tahir,0,0,,,,,,caught,AR Patel,,
829725,2015,2015-04-15,Maharashtra Cricket Association Stadium,2,0.1,Delhi Daredevils,Kings XI Punjab,MA Agarwal,SS Iyer,Sandeep Sharma,0,0,,,,,,,,,
829725,2015,2015-04-15,Maharashtra Cricket Association Stadium,2,0.2,Delhi Daredevils,Kings XI Punjab,MA Agarwal,SS Iyer,Sandeep Sharma,0,0,,,,,,,,,
829725,2015,2015-04-15,Maharashtra Cricket Association Stadium,2,0.3,Delhi Daredevils,Kings XI Punjab,MA Agarwal,SS Iyer,Sandeep Sharma,4,0,,,,,,,,,
829725,2015,2015-04-15,Maharashtra Cricket Association Stadium,2,0.4,Delhi Daredevils,Kings XI Punjab,MA Agarwal,SS Iyer,Sandeep Sharma,2,0,,,,,,,,,
829725,2015,2015-04-15,Maharashtra Cricket Association Stadium,2,0.5,Delhi Daredevils,Kings XI Punjab,MA Agarwal,SS Iyer,Sandeep Sharma,0,0,,,,,,,,,
829725,2015,2015-04-15,Maharashtra Cricket Association Stadium,2,0.6,Delhi Daredevils,Kings XI Punjab,MA Agarwal,SS Iyer,Sandeep Sharma,1,0,,,,,,,,,
829725,2015,2015-04-15,Maharashtra Cricket Association Stadium,2,1.1,Delhi Daredevils,Kings XI Punjab,MA Agarwal,SS Iyer,Anureet Singh,0,0,,,,,,,,,
829725,2015,2015-04-15,Maharashtra Cricket Association Stadium,2,1.2,Delhi Daredevils,Kings XI Punjab,MA Agarwal,SS Iyer,Anureet Singh,0,0,,,,,,,,,
829725,2015,2015-04-15,Maharashtra Cricket Association Stadium,2,1.3,Delhi Daredevils,Kings XI Punjab,MA Agarwal,SS Iyer,Anureet Singh,4,0,,,,,,,,,
829725,2015,2015-04-15,Maharashtra Cricket Association Stadium,2,1.4,Delhi Daredevils,Kings XI Punjab,MA Agarwal,SS Iyer,Anureet Singh,4,0,,,,,,,,,
829725,2015,2015-04-15,Maharashtra Cricket Association Stadium,2,1.5,Delhi Daredevils,Kings XI Punjab,MA Agarwal,SS Iyer,Anureet Singh,0,0,,,,,,,,,
829725,2015,2015-04-15,Maharashtra Cricket Association Stadium,2,1.6,Delhi Daredevils,Kings XI Punjab,MA Agarwal,SS Iyer,Anureet Singh,0,0,,,,,,,,,
829725,2015,2015-04-15,Maharashtra Cricket Association Stadium,2,2.1,Delhi Daredevils,Kings XI Punjab,SS Iyer,MA Agarwal,Sandeep Sharma,0,1,1,,,,,,,,
829725,2015,2015-04-15,Maharashtra Cricket Association Stadium,2,2.2,Delhi Daredevils,Kings XI Punjab,SS Iyer,MA Agarwal,Sandeep Sharma,0,1,1,,,,,,,,
829725,2015,2015-04-15,Maharashtra Cricket Association Stadium,2,2.3,Delhi Daredevils,Kings XI Punjab,SS Iyer,MA Agarwal,Sandeep Sharma,0,0,,,,,,,,,
829725,2015,2015-04-15,Maharashtra Cricket Association Stadium,2,2.4,Delhi Daredevils,Kings XI Punjab,SS Iyer,MA Agarwal,Sandeep Sharma,4,0,,,,,,,,,
829725,2015,2015-04-15,Maharashtra Cricket Association Stadium,2,2.5,Delhi Daredevils,Kings XI Punjab,SS Iyer,MA Agarwal,Sandeep Sharma,0,0,,,,,,,,,
829725,2015,2015-04-15,Maharashtra Cricket Association Stadium,2,2.6,Delhi Daredevils,Kings XI Punjab,SS Iyer,MA Agarwal,Sandeep Sharma,2,0,,,,,,,,,
829725,2015,2015-04-15,Maharashtra Cricket Association Stadium,2,2.7,Delhi Daredevils,Kings XI Punjab,SS Iyer,MA Agarwal,Sandeep Sharma,0,0,,,,,,caught,SS Iyer,,
829725,2015,2015-04-15,Maharashtra Cricket Association Stadium,2,2.8,Delhi Daredevils,Kings XI Punjab,MA Agarwal,JP Duminy,Sandeep Sharma,0,1,1,,,,,,,,
829725,2015,2015-04-15,Maharashtra Cricket Association Stadium,2,2.9,Delhi Daredevils,Kings XI Punjab,MA Agarwal,JP Duminy,Sandeep Sharma,0,0,,,,,,,,,
829725,2015,2015-04-15,Maharashtra Cricket Association Stadium,2,3.1,Delhi Daredevils,Kings XI Punjab,JP Duminy,MA Agarwal,Anureet Singh,0,0,,,,,,,,,
829725,2015,2015-04-15,Maharashtra Cricket Association Stadium,2,3.2,Delhi Daredevils,Kings XI Punjab,JP Duminy,MA Agarwal,Anureet Singh,0,0,,,,,,,,,
829725,2015,2015-04-15,Maharashtra Cricket Association Stadium,2,3.3,Delhi Daredevils,Kings XI Punjab,JP Duminy,MA Agarwal,Anureet Singh,4,0,,,,,,,,,
829725,2015,2015-04-15,Maharashtra Cricket Association Stadium,2,3.4,Delhi Daredevils,Kings XI Punjab,JP Duminy,MA Agarwal,Anureet Singh,0,0,,,,,,,,,
829725,2015,2015-04-15,Maharashtra Cricket Association Stadium,2,3.5,Delhi Daredevils,Kings XI Punjab,JP Duminy,MA Agarwal,Anureet Singh,1,0,,,,,,,,,
829725,2015,2015-04-15,Maharashtra Cricket Association Stadium,2,3.6,Delhi Daredevils,Kings XI Punjab,MA Agarwal,JP Duminy,Anureet Singh,2,0,,,,,,,,,
829725,2015,2015-04-15,Maharashtra Cricket Association Stadium,2,4.1,Delhi Daredevils,Kings XI Punjab,JP Duminy,MA Agarwal,Sandeep Sharma,0,0,,,,,,,,,
829725,2015,2015-04-15,Maharashtra Cricket Association Stadium,2,4.2,Delhi Daredevils,Kings XI Punjab,JP Duminy,MA Agarwal,Sandeep Sharma,1,0,,,,,,,,,
829725,2015,2015-04-15,Maharashtra Cricket Association Stadium,2,4.3,Delhi Daredevils,Kings XI Punjab,MA Agarwal,JP Duminy,Sandeep Sharma,1,0,,,,,,,,,
829725,2015,2015-04-15,Maharashtra Cricket Association Stadium,2,4.4,Delhi Daredevils,Kings XI Punjab,JP Duminy,MA Agarwal,Sandeep Sharma,4,0,,,,,,,,,
829725,2015,2015-04-15,Maharashtra Cricket Association Stadium,2,4.5,Delhi Daredevils,Kings XI Punjab,JP Duminy,MA Agarwal,Sandeep Sharma,2,0,,,,,,,,,
829725,2015,2015-04-15,Maharashtra Cricket Association Stadium,2,4.6,Delhi Daredevils,Kings XI Punjab,JP Duminy,MA Agarwal,Sandeep Sharma,1,0,,,,,,,,,
829725,2015,2015-04-15,Maharashtra Cricket Association Stadium,2,5.1,Delhi Daredevils,Kings XI Punjab,JP Duminy,MA Agarwal,MG Johnson,4,0,,,,,,,,,
829725,2015,2015-04-15,Maharashtra Cricket Association Stadium,2,5.2,Delhi Daredevils,Kings XI Punjab,JP Duminy,MA Agarwal,MG Johnson,1,0,,,,,,,,,
829725,2015,2015-04-15,Maharashtra Cricket Association Stadium,2,5.3,Delhi Daredevils,Kings XI Punjab,MA Agarwal,JP Duminy,MG Johnson,0,0,,,,,,,,,
829725,2015,2015-04-15,Maharashtra Cricket Association Stadium,2,5.4,Delhi Daredevils,Kings XI Punjab,MA Agarwal,JP Duminy,MG Johnson,1,0,,,,,,,,,
829725,2015,2015-04-15,Maharashtra Cricket Association Stadium,2,5.5,Delhi Daredevils,Kings XI Punjab,JP Duminy,MA Agarwal,MG Johnson,0,0,,,,,,,,,
829725,2015,2015-04-15,Maharashtra Cricket Association Stadium,2,5.6,Delhi Daredevils,Kings XI Punjab,JP Duminy,MA Agarwal,MG Johnson,1,0,,,,,,,,,
829725,2015,2015-04-15,Maharashtra Cricket Association Stadium,2,6.1,Delhi Daredevils,Kings XI Punjab,JP Duminy,MA Agarwal,R Dhawan,0,0,,,,,,,,,
829725,2015,2015-04-15,Maharashtra Cricket Association Stadium,2,6.2,Delhi Daredevils,Kings XI Punjab,JP Duminy,MA Agarwal,R Dhawan,0,0,,,,,,,,,
829725,2015,2015-04-15,Maharashtra Cricket Association Stadium,2,6.3,Delhi Daredevils,Kings XI Punjab,JP Duminy,MA Agarwal,R Dhawan,1,0,,,,,,,,,
829725,2015,2015-04-15,Maharashtra Cricket Association Stadium,2,6.4,Delhi Daredevils,Kings XI Punjab,MA Agarwal,JP Duminy,R Dhawan,1,0,,,,,,,,,
829725,2015,2015-04-15,Maharashtra Cricket Association Stadium,2,6.5,Delhi Daredevils,Kings XI Punjab,JP Duminy,MA Agarwal,R Dhawan,1,0,,,,,,,,,
829725,2015,2015-04-15,Maharashtra Cricket Association Stadium,2,6.6,Delhi Daredevils,Kings XI Punjab,MA Agarwal,JP Duminy,R Dhawan,2,0,,,,,,,,,
829725,2015,2015-04-15,Maharashtra Cricket Association Stadium,2,7.1,Delhi Daredevils,Kings XI Punjab,JP Duminy,MA Agarwal,AR Patel,0,1,,,,1,,,,,
829725,2015,2015-04-15,Maharashtra Cricket Association Stadium,2,7.2,Delhi Daredevils,Kings XI Punjab,MA Agarwal,JP Duminy,AR Patel,0,0,,,,,,run out,JP Duminy,,
829725,2015,2015-04-15,Maharashtra Cricket Association Stadium,2,7.3,Delhi Daredevils,Kings XI Punjab,MA Agarwal,Yuvraj Singh,AR Patel,1,0,,,,,,,,,
829725,2015,2015-04-15,Maharashtra Cricket Association Stadium,2,7.4,Delhi Daredevils,Kings XI Punjab,Yuvraj Singh,MA Agarwal,AR Patel,0,0,,,,,,,,,
829725,2015,2015-04-15,Maharashtra Cricket Association Stadium,2,7.5,Delhi Daredevils,Kings XI Punjab,Yuvraj Singh,MA Agarwal,AR Patel,1,0,,,,,,,,,
829725,2015,2015-04-15,Maharashtra Cricket Association Stadium,2,7.6,Delhi Daredevils,Kings XI Punjab,MA Agarwal,Yuvraj Singh,AR Patel,1,0,,,,,,,,,
829725,2015,2015-04-15,Maharashtra Cricket Association Stadium,2,8.1,Delhi Daredevils,Kings XI Punjab,MA Agarwal,Yuvraj Singh,MG Johnson,1,0,,,,,,,,,
829725,2015,2015-04-15,Maharashtra Cricket Association Stadium,2,8.2,Delhi Daredevils,Kings XI Punjab,Yuvraj Singh,MA Agarwal,MG Johnson,4,0,,,,,,,,,
829725,2015,2015-04-15,Maharashtra Cricket Association Stadium,2,8.3,Delhi Daredevils,Kings XI Punjab,Yuvraj Singh,MA Agarwal,MG Johnson,0,1,,,,1,,,,,
829725,2015,2015-04-15,Maharashtra Cricket Association Stadium,2,8.4,Delhi Daredevils,Kings XI Punjab,MA Agarwal,Yuvraj Singh,MG Johnson,1,0,,,,,,,,,
829725,2015,2015-04-15,Maharashtra Cricket Association Stadium,2,8.5,Delhi Daredevils,Kings XI Punjab,Yuvraj Singh,MA Agarwal,MG Johnson,0,0,,,,,,,,,
829725,2015,2015-04-15,Maharashtra Cricket Association Stadium,2,8.6,Delhi Daredevils,Kings XI Punjab,Yuvraj Singh,MA Agarwal,MG Johnson,1,0,,,,,,,,,
829725,2015,2015-04-15,Maharashtra Cricket Association Stadium,2,9.1,Delhi Daredevils,Kings XI Punjab,Yuvraj Singh,MA Agarwal,Sandeep Sharma,0,0,,,,,,,,,
829725,2015,2015-04-15,Maharashtra Cricket Association Stadium,2,9.2,Delhi Daredevils,Kings XI Punjab,Yuvraj Singh,MA Agarwal,Sandeep Sharma,0,0,,,,,,,,,
829725,2015,2015-04-15,Maharashtra Cricket Association Stadium,2,9.3,Delhi Daredevils,Kings XI Punjab,Yuvraj Singh,MA Agarwal,Sandeep Sharma,0,0,,,,,,,,,
829725,2015,2015-04-15,Maharashtra Cricket Association Stadium,2,9.4,Delhi Daredevils,Kings XI Punjab,Yuvraj Singh,MA Agarwal,Sandeep Sharma,4,0,,,,,,,,,
829725,2015,2015-04-15,Maharashtra Cricket Association Stadium,2,9.5,Delhi Daredevils,Kings XI Punjab,Yuvraj Singh,MA Agarwal,Sandeep Sharma,0,0,,,,,,,,,
829725,2015,2015-04-15,Maharashtra Cricket Association Stadium,2,9.6,Delhi Daredevils,Kings XI Punjab,Yuvraj Singh,MA Agarwal,Sandeep Sharma,1,0,,,,,,,,,
829725,2015,2015-04-15,Maharashtra Cricket Association Stadium,2,10.1,Delhi Daredevils,Kings XI Punjab,Yuvraj Singh,MA Agarwal,MG Johnson,4,0,,,,,,,,,
829725,2015,2015-04-15,Maharashtra Cricket Association Stadium,2,10.2,Delhi Daredevils,Kings XI Punjab,Yuvraj Singh,MA Agarwal,MG Johnson,1,0,,,,,,,,,
829725,2015,2015-04-15,Maharashtra Cricket Association Stadium,2,10.3,Delhi Daredevils,Kings XI Punjab,MA Agarwal,Yuvraj Singh,MG Johnson,1,0,,,,,,,,,
829725,2015,2015-04-15,Maharashtra Cricket Association Stadium,2,10.4,Delhi Daredevils,Kings XI Punjab,Yuvraj Singh,MA Agarwal,MG Johnson,4,0,,,,,,,,,
829725,2015,2015-04-15,Maharashtra Cricket Association Stadium,2,10.5,Delhi Daredevils,Kings XI Punjab,Yuvraj Singh,MA Agarwal,MG Johnson,0,0,,,,,,,,,
829725,2015,2015-04-15,Maharashtra Cricket Association Stadium,2,10.6,Delhi Daredevils,Kings XI Punjab,Yuvraj Singh,MA Agarwal,MG Johnson,0,0,,,,,,,,,
829725,2015,2015-04-15,Maharashtra Cricket Association Stadium,2,11.1,Delhi Daredevils,Kings XI Punjab,MA Agarwal,Yuvraj Singh,GJ Maxwell,1,0,,,,,,,,,
829725,2015,2015-04-15,Maharashtra Cricket Association Stadium,2,11.2,Delhi Daredevils,Kings XI Punjab,Yuvraj Singh,MA Agarwal,GJ Maxwell,1,0,,,,,,,,,
829725,2015,2015-04-15,Maharashtra Cricket Association Stadium,2,11.3,Delhi Daredevils,Kings XI Punjab,MA Agarwal,Yuvraj Singh,GJ Maxwell,6,0,,,,,,,,,
829725,2015,2015-04-15,Maharashtra Cricket Association Stadium,2,11.4,Delhi Daredevils,Kings XI Punjab,MA Agarwal,Yuvraj Singh,GJ Maxwell,0,0,,,,,,,,,
829725,2015,2015-04-15,Maharashtra Cricket Association Stadium,2,11.5,Delhi Daredevils,Kings XI Punjab,MA Agarwal,Yuvraj Singh,GJ Maxwell,1,0,,,,,,,,,
829725,2015,2015-04-15,Maharashtra Cricket Association Stadium,2,11.6,Delhi Daredevils,Kings XI Punjab,Yuvraj Singh,MA Agarwal,GJ Maxwell,1,0,,,,,,,,,
829725,2015,2015-04-15,Maharashtra Cricket Association Stadium,2,12.1,Delhi Daredevils,Kings XI Punjab,Yuvraj Singh,MA Agarwal,R Dhawan,4,0,,,,,,,,,
829725,2015,2015-04-15,Maharashtra Cricket Association Stadium,2,12.2,Delhi Daredevils,Kings XI Punjab,Yuvraj Singh,MA Agarwal,R Dhawan,0,0,,,,,,,,,
829725,2015,2015-04-15,Maharashtra Cricket Association Stadium,2,12.3,Delhi Daredevils,Kings XI Punjab,Yuvraj Singh,MA Agarwal,R Dhawan,0,0,,,,,,,,,
829725,2015,2015-04-15,Maharashtra Cricket Association Stadium,2,12.4,Delhi Daredevils,Kings XI Punjab,Yuvraj Singh,MA Agarwal,R Dhawan,2,0,,,,,,,,,
829725,2015,2015-04-15,Maharashtra Cricket Association Stadium,2,12.5,Delhi Daredevils,Kings XI Punjab,Yuvraj Singh,MA Agarwal,R Dhawan,1,0,,,,,,,,,
829725,2015,2015-04-15,Maharashtra Cricket Association Stadium,2,12.6,Delhi Daredevils,Kings XI Punjab,MA Agarwal,Yuvraj Singh,R Dhawan,1,0,,,,,,,,,
829725,2015,2015-04-15,Maharashtra Cricket Association Stadium,2,13.1,Delhi Daredevils,Kings XI Punjab,MA Agarwal,Yuvraj Singh,AR Patel,1,0,,,,,,,,,
829725,2015,2015-04-15,Maharashtra Cricket Association Stadium,2,13.2,Delhi Daredevils,Kings XI Punjab,Yuvraj Singh,MA Agarwal,AR Patel,0,1,,,,1,,,,,
829725,2015,2015-04-15,Maharashtra Cricket Association Stadium,2,13.3,Delhi Daredevils,Kings XI Punjab,MA Agarwal,Yuvraj Singh,AR Patel,0,0,,,,,,,,,
829725,2015,2015-04-15,Maharashtra Cricket Association Stadium,2,13.4,Delhi Daredevils,Kings XI Punjab,MA Agarwal,Yuvraj Singh,AR Patel,1,0,,,,,,,,,
829725,2015,2015-04-15,Maharashtra Cricket Association Stadium,2,13.5,Delhi Daredevils,Kings XI Punjab,Yuvraj Singh,MA Agarwal,AR Patel,2,0,,,,,,,,,
829725,2015,2015-04-15,Maharashtra Cricket Association Stadium,2,13.6,Delhi Daredevils,Kings XI Punjab,Yuvraj Singh,MA Agarwal,AR Patel,0,0,,,,,,,,,
829725,2015,2015-04-15,Maharashtra Cricket Association Stadium,2,14.1,Delhi Daredevils,Kings XI Punjab,MA Agarwal,Yuvraj Singh,MG Johnson,4,0,,,,,,,,,
829725,2015,2015-04-15,Maharashtra Cricket Association Stadium,2,14.2,Delhi Daredevils,Kings XI Punjab,MA Agarwal,Yuvraj Singh,MG Johnson,1,0,,,,,,,,,
829725,2015,2015-04-15,Maharashtra Cricket Association Stadium,2,14.3,Delhi Daredevils,Kings XI Punjab,Yuvraj Singh,MA Agarwal,MG Johnson,1,0,,,,,,,,,
829725,2015,2015-04-15,Maharashtra Cricket Association Stadium,2,14.4,Delhi Daredevils,Kings XI Punjab,MA Agarwal,Yuvraj Singh,MG Johnson,4,0,,,,,,,,,
829725,2015,2015-04-15,Maharashtra Cricket Association Stadium,2,14.5,Delhi Daredevils,Kings XI Punjab,MA Agarwal,Yuvraj Singh,MG Johnson,0,1,1,,,,,,,,
829725,2015,2015-04-15,Maharashtra Cricket Association Stadium,2,14.6,Delhi Daredevils,Kings XI Punjab,MA Agarwal,Yuvraj Singh,MG Johnson,6,0,,,,,,,,,
829725,2015,2015-04-15,Maharashtra Cricket Association Stadium,2,14.7,Delhi Daredevils,Kings XI Punjab,MA Agarwal,Yuvraj Singh,MG Johnson,1,0,,,,,,,,,
829725,2015,2015-04-15,Maharashtra Cricket Association Stadium,2,15.1,Delhi Daredevils,Kings XI Punjab,MA Agarwal,Yuvraj Singh,AR Patel,1,0,,,,,,,,,
829725,2015,2015-04-15,Maharashtra Cricket Association Stadium,2,15.2,Delhi Daredevils,Kings XI Punjab,Yuvraj Singh,MA Agarwal,AR Patel,0,0,,,,,,,,,
829725,2015,2015-04-15,Maharashtra Cricket Association Stadium,2,15.3,Delhi Daredevils,Kings XI Punjab,Yuvraj Singh,MA Agarwal,AR Patel,6,0,,,,,,,,,
829725,2015,2015-04-15,Maharashtra Cricket Association Stadium,2,15.4,Delhi Daredevils,Kings XI Punjab,Yuvraj Singh,MA Agarwal,AR Patel,1,0,,,,,,,,,
829725,2015,2015-04-15,Maharashtra Cricket Association Stadium,2,15.5,Delhi Daredevils,Kings XI Punjab,MA Agarwal,Yuvraj Singh,AR Patel,1,0,,,,,,,,,
829725,2015,2015-04-15,Maharashtra Cricket Association Stadium,2,15.6,Delhi Daredevils,Kings XI Punjab,Yuvraj Singh,MA Agarwal,AR Patel,6,0,,,,,,,,,
829725,2015,2015-04-15,Maharashtra Cricket Association Stadium,2,16.1,Delhi Daredevils,Kings XI Punjab,MA Agarwal,Yuvraj Singh,Anureet Singh,1,0,,,,,,,,,
829725,2015,2015-04-15,Maharashtra Cricket Association Stadium,2,16.2,Delhi Daredevils,Kings XI Punjab,Yuvraj Singh,MA Agarwal,Anureet Singh,6,0,,,,,,,,,
829725,2015,2015-04-15,Maharashtra Cricket Association Stadium,2,16.3,Delhi Daredevils,Kings XI Punjab,Yuvraj Singh,MA Agarwal,Anureet Singh,1,0,,,,,,,,,
829725,2015,2015-04-15,Maharashtra Cricket Association Stadium,2,16.4,Delhi Daredevils,Kings XI Punjab,MA Agarwal,Yuvraj Singh,Anureet Singh,0,1,1,,,,,,,,
829725,2015,2015-04-15,Maharashtra Cricket Association Stadium,2,16.5,Delhi Daredevils,Kings XI Punjab,MA Agarwal,Yuvraj Singh,Anureet Singh,4,0,,,,,,,,,
829725,2015,2015-04-15,Maharashtra Cricket Association Stadium,2,16.6,Delhi Daredevils,Kings XI Punjab,MA Agarwal,Yuvraj Singh,Anureet Singh,0,0,,,,,,,,,
829725,2015,2015-04-15,Maharashtra Cricket Association Stadium,2,16.7,Delhi Daredevils,Kings XI Punjab,MA Agarwal,Yuvraj Singh,Anureet Singh,1,0,,,,,,,,,
829725,2015,2015-04-15,Maharashtra Cricket Association Stadium,2,17.1,Delhi Daredevils,Kings XI Punjab,MA Agarwal,Yuvraj Singh,R Dhawan,1,0,,,,,,,,,
829725,2015,2015-04-15,Maharashtra Cricket Association Stadium,2,17.2,Delhi Daredevils,Kings XI Punjab,Yuvraj Singh,MA Agarwal,R Dhawan,0,1,1,,,,,,,,
829725,2015,2015-04-15,Maharashtra Cricket Association Stadium,2,17.3,Delhi Daredevils,Kings XI Punjab,Yuvraj Singh,MA Agarwal,R Dhawan,0,0,,,,,,,,,
829725,2015,2015-04-15,Maharashtra Cricket Association Stadium,2,17.4,Delhi Daredevils,Kings XI Punjab,Yuvraj Singh,MA Agarwal,R Dhawan,0,1,1,,,,,,,,
829725,2015,2015-04-15,Maharashtra Cricket Association Stadium,2,17.5,Delhi Daredevils,Kings XI Punjab,Yuvraj Singh,MA Agarwal,R Dhawan,1,0,,,,,,,,,
829725,2015,2015-04-15,Maharashtra Cricket Association Stadium,2,17.6,Delhi Daredevils,Kings XI Punjab,MA Agarwal,Yuvraj Singh,R Dhawan,1,0,,,,,,,,,
829725,2015,2015-04-15,Maharashtra Cricket Association Stadium,2,17.7,Delhi Daredevils,Kings XI Punjab,Yuvraj Singh,MA Agarwal,R Dhawan,1,0,,,,,,,,,
829725,2015,2015-04-15,Maharashtra Cricket Association Stadium,2,17.8,Delhi Daredevils,Kings XI Punjab,MA Agarwal,Yuvraj Singh,R Dhawan,4,0,,,,,,,,,
829725,2015,2015-04-15,Maharashtra Cricket Association Stadium,2,18.1,Delhi Daredevils,Kings XI Punjab,Yuvraj Singh,MA Agarwal,Anureet Singh,0,0,,,,,,,,,
829725,2015,2015-04-15,Maharashtra Cricket Association Stadium,2,18.2,Delhi Daredevils,Kings XI Punjab,Yuvraj Singh,MA Agarwal,Anureet Singh,0,0,,,,,,caught,Yuvraj Singh,,
829725,2015,2015-04-15,Maharashtra Cricket Association Stadium,2,18.3,Delhi Daredevils,Kings XI Punjab,MA Agarwal,AD Mathews,Anureet Singh,0,0,,,,,,bowled,MA Agarwal,,
829725,2015,2015-04-15,Maharashtra Cricket Association Stadium,2,18.4,Delhi Daredevils,Kings XI Punjab,KM Jadhav,AD Mathews,Anureet Singh,0,0,,,,,,,,,
829725,2015,2015-04-15,Maharashtra Cricket Association Stadium,2,18.5,Delhi Daredevils,Kings XI Punjab,KM Jadhav,AD Mathews,Anureet Singh,1,0,,,,,,,,,
829725,2015,2015-04-15,Maharashtra Cricket Association Stadium,2,18.6,Delhi Daredevils,Kings XI Punjab,AD Mathews,KM Jadhav,Anureet Singh,1,1,,1,,,,,,,
829725,2015,2015-04-15,Maharashtra Cricket Association Stadium,2,18.7,Delhi Daredevils,Kings XI Punjab,KM Jadhav,AD Mathews,Anureet Singh,1,0,,,,,,,,,
829725,2015,2015-04-15,Maharashtra Cricket Association Stadium,2,19.1,Delhi Daredevils,Kings XI Punjab,KM Jadhav,AD Mathews,AR Patel,1,0,,,,,,,,,
829725,2015,2015-04-15,Maharashtra Cricket Association Stadium,2,19.2,Delhi Daredevils,Kings XI Punjab,AD Mathews,KM Jadhav,AR Patel,1,0,,,,,,,,,
829725,2015,2015-04-15,Maharashtra Cricket Association Stadium,2,19.3,Delhi Daredevils,Kings XI Punjab,KM Jadhav,AD Mathews,AR Patel,0,0,,,,,,caught,KM Jadhav,,
829725,2015,2015-04-15,Maharashtra Cricket Association Stadium,2,19.4,Delhi Daredevils,Kings XI Punjab,AD Mathews,MK Tiwary,AR Patel,0,0,,,,,,,,,
829725,2015,2015-04-15,Maharashtra Cricket Association Stadium,2,19.5,Delhi Daredevils,Kings XI Punjab,AD Mathews,MK Tiwary,AR Patel,4,0,,,,,,,,,
