match_id,season,start_date,venue,innings,ball,batting_team,bowling_team,striker,non_striker,bowler,runs_off_bat,extras,wides,noballs,byes,legbyes,penalty,wicket_type,player_dismissed,other_wicket_type,other_player_dismissed
829719,2015,2015-04-13,M Chinnaswamy Stadium,1,0.1,Royal Challengers Bangalore,Sunrisers Hyderabad,CH Gayle,V Kohli,TA Boult,1,0,,,,,,,,,
829719,2015,2015-04-13,M Chinnaswamy Stadium,1,0.2,Royal Challengers Bangalore,Sunrisers Hyderabad,V Kohli,CH Gayle,TA Boult,0,2,2,,,,,,,,
829719,2015,2015-04-13,M Chinnaswamy Stadium,1,0.3,Royal Challengers Bangalore,Sunrisers Hyderabad,CH Gayle,V Kohli,TA Boult,0,0,,,,,,,,,
829719,2015,2015-04-13,M Chinnaswamy Stadium,1,0.4,Royal Challengers Bangalore,Sunrisers Hyderabad,CH Gayle,V Kohli,TA Boult,6,0,,,,,,,,,
829719,2015,2015-04-13,M Chinnaswamy Stadium,1,0.5,Royal Challengers Bangalore,Sunrisers Hyderabad,CH Gayle,V Kohli,TA Boult,2,0,,,,,,,,,
829719,2015,2015-04-13,M Chinnaswamy Stadium,1,0.6,Royal Challengers Bangalore,Sunrisers Hyderabad,CH Gayle,V Kohli,TA Boult,0,0,,,,,,,,,
829719,2015,2015-04-13,M Chinnaswamy Stadium,1,0.7,Royal Challengers Bangalore,Sunrisers Hyderabad,CH Gayle,V Kohli,TA Boult,0,0,,,,,,,,,
829719,2015,2015-04-13,M Chinnaswamy Stadium,1,1.1,Royal Challengers Bangalore,Sunrisers Hyderabad,V Kohli,CH Gayle,B Kumar,0,0,,,,,,,,,
829719,2015,2015-04-13,M Chinnaswamy Stadium,1,1.2,Royal Challengers Bangalore,Sunrisers Hyderabad,V Kohli,CH Gayle,B Kumar,4,0,,,,,,,,,
829719,2015,2015-04-13,M Chinnaswamy Stadium,1,1.3,Royal Challengers Bangalore,Sunrisers Hyderabad,V Kohli,CH Gayle,B Kumar,0,0,,,,,,,,,
829719,2015,2015-04-13,M Chinnaswamy Stadium,1,1.4,Royal Challengers Bangalore,Sunrisers Hyderabad,V Kohli,CH Gayle,B Kumar,1,0,,,,,,,,,
829719,2015,2015-04-13,M Chinnaswamy Stadium,1,1.5,Royal Challengers Bangalore,Sunrisers Hyderabad,CH Gayle,V Kohli,B Kumar,4,0,,,,,,,,,
829719,2015,2015-04-13,M Chinnaswamy Stadium,1,1.6,Royal Challengers Bangalore,Sunrisers Hyderabad,CH Gayle,V Kohli,B Kumar,0,0,,,,,,,,,
829719,2015,2015-04-13,M Chinnaswamy Stadium,1,2.1,Royal Challengers Bangalore,Sunrisers Hyderabad,V Kohli,CH Gayle,TA Boult,0,0,,,,,,,,,
829719,2015,2015-04-13,M Chinnaswamy Stadium,1,2.2,Royal Challengers Bangalore,Sunrisers Hyderabad,V Kohli,CH Gayle,TA Boult,0,1,1,,,,,,,,
829719,2015,2015-04-13,M Chinnaswamy Stadium,1,2.3,Royal Challengers Bangalore,Sunrisers Hyderabad,V Kohli,CH Gayle,TA Boult,0,0,,,,,,,,,
829719,2015,2015-04-13,M Chinnaswamy Stadium,1,2.4,Royal Challengers Bangalore,Sunrisers Hyderabad,V Kohli,CH Gayle,TA Boult,0,0,,,,,,,,,
829719,2015,2015-04-13,M Chinnaswamy Stadium,1,2.5,Royal Challengers Bangalore,Sunrisers Hyderabad,V Kohli,CH Gayle,TA Boult,0,0,,,,,,,,,
829719,2015,2015-04-13,M Chinnaswamy Stadium,1,2.6,Royal Challengers Bangalore,Sunrisers Hyderabad,V Kohli,CH Gayle,TA Boult,0,0,,,,,,,,,
829719,2015,2015-04-13,M Chinnaswamy Stadium,1,2.7,Royal Challengers Bangalore,Sunrisers Hyderabad,V Kohli,CH Gayle,TA Boult,0,1,1,,,,,,,,
829719,2015,2015-04-13,M Chinnaswamy Stadium,1,2.8,Royal Challengers Bangalore,Sunrisers Hyderabad,V Kohli,CH Gayle,TA Boult,1,0,,,,,,,,,
829719,2015,2015-04-13,M Chinnaswamy Stadium,1,3.1,Royal Challengers Bangalore,Sunrisers Hyderabad,V Kohli,CH Gayle,B Kumar,1,0,,,,,,,,,
829719,2015,2015-04-13,M Chinnaswamy Stadium,1,3.2,Royal Challengers Bangalore,Sunrisers Hyderabad,CH Gayle,V Kohli,B Kumar,0,0,,,,,,,,,
829719,2015,2015-04-13,M Chinnaswamy Stadium,1,3.3,Royal Challengers Bangalore,Sunrisers Hyderabad,CH Gayle,V Kohli,B Kumar,0,0,,,,,,,,,
829719,2015,2015-04-13,M Chinnaswamy Stadium,1,3.4,Royal Challengers Bangalore,Sunrisers Hyderabad,CH Gayle,V Kohli,B Kumar,4,0,,,,,,,,,
829719,2015,2015-04-13,M Chinnaswamy Stadium,1,3.5,Royal Challengers Bangalore,Sunrisers Hyderabad,CH Gayle,V Kohli,B Kumar,0,0,,,,,,,,,
829719,2015,2015-04-13,M Chinnaswamy Stadium,1,3.6,Royal Challengers Bangalore,Sunrisers Hyderabad,CH Gayle,V Kohli,B Kumar,0,0,,,,,,,,,
829719,2015,2015-04-13,M Chinnaswamy Stadium,1,4.1,Royal Challengers Bangalore,Sunrisers Hyderabad,V Kohli,CH Gayle,TA Boult,6,0,,,,,,,,,
829719,2015,2015-04-13,M Chinnaswamy Stadium,1,4.2,Royal Challengers Bangalore,Sunrisers Hyderabad,V Kohli,CH Gayle,TA Boult,0,0,,,,,,,,,
829719,2015,2015-04-13,M Chinnaswamy Stadium,1,4.3,Royal Challengers Bangalore,Sunrisers Hyderabad,V Kohli,CH Gayle,TA Boult,0,1,1,,,,,,,,
829719,2015,2015-04-13,M Chinnaswamy Stadium,1,4.4,Royal Challengers Bangalore,Sunrisers Hyderabad,V Kohli,CH Gayle,TA Boult,4,0,,,,,,,,,
829719,2015,2015-04-13,M Chinnaswamy Stadium,1,4.5,Royal Challengers Bangalore,Sunrisers Hyderabad,V Kohli,CH Gayle,TA Boult,0,0,,,,,,,,,
829719,2015,2015-04-13,M Chinnaswamy Stadium,1,4.6,Royal Challengers Bangalore,Sunrisers Hyderabad,V Kohli,CH Gayle,TA Boult,0,0,,,,,,,,,
829719,2015,2015-04-13,M Chinnaswamy Stadium,1,4.7,Royal Challengers Bangalore,Sunrisers Hyderabad,V Kohli,CH Gayle,TA Boult,0,0,,,,,,,,,
829719,2015,2015-04-13,M Chinnaswamy Stadium,1,5.1,Royal Challengers Bangalore,Sunrisers Hyderabad,CH Gayle,V Kohli,P Kumar,0,0,,,,,,,,,
829719,2015,2015-04-13,M Chinnaswamy Stadium,1,5.2,Royal Challengers Bangalore,Sunrisers Hyderabad,CH Gayle,V Kohli,P Kumar,4,0,,,,,,,,,
829719,2015,2015-04-13,M Chinnaswamy Stadium,1,5.3,Royal Challengers Bangalore,Sunrisers Hyderabad,CH Gayle,V Kohli,P Kumar,0,0,,,,,,caught,CH Gayle,,
829719,2015,2015-04-13,M Chinnaswamy Stadium,1,5.4,Royal Challengers Bangalore,Sunrisers Hyderabad,KD Karthik,V Kohli,P Kumar,0,0,,,,,,,,,
829719,2015,2015-04-13,M Chinnaswamy Stadium,1,5.5,Royal Challengers Bangalore,Sunrisers Hyderabad,KD Karthik,V Kohli,P Kumar,0,0,,,,,,,,,
829719,2015,2015-04-13,M Chinnaswamy Stadium,1,5.6,Royal Challengers Bangalore,Sunrisers Hyderabad,KD Karthik,V Kohli,P Kumar,4,0,,,,,,,,,
829719,2015,2015-04-13,M Chinnaswamy Stadium,1,6.1,Royal Challengers Bangalore,Sunrisers Hyderabad,V Kohli,KD Karthik,RS Bopara,0,5,5,,,,,,,,
829719,2015,2015-04-13,M Chinnaswamy Stadium,1,6.2,Royal Challengers Bangalore,Sunrisers Hyderabad,V Kohli,KD Karthik,RS Bopara,1,0,,,,,,,,,
829719,2015,2015-04-13,M Chinnaswamy Stadium,1,6.3,Royal Challengers Bangalore,Sunrisers Hyderabad,KD Karthik,V Kohli,RS Bopara,1,0,,,,,,,,,
829719,2015,2015-04-13,M Chinnaswamy Stadium,1,6.4,Royal Challengers Bangalore,Sunrisers Hyderabad,V Kohli,KD Karthik,RS Bopara,0,0,,,,,,,,,
829719,2015,2015-04-13,M Chinnaswamy Stadium,1,6.5,Royal Challengers Bangalore,Sunrisers Hyderabad,V Kohli,KD Karthik,RS Bopara,1,0,,,,,,,,,
829719,2015,2015-04-13,M Chinnaswamy Stadium,1,6.6,Royal Challengers Bangalore,Sunrisers Hyderabad,KD Karthik,V Kohli,RS Bopara,0,1,,,,1,,,,,
829719,2015,2015-04-13,M Chinnaswamy Stadium,1,6.7,Royal Challengers Bangalore,Sunrisers Hyderabad,V Kohli,KD Karthik,RS Bopara,1,0,,,,,,,,,
829719,2015,2015-04-13,M Chinnaswamy Stadium,1,7.1,Royal Challengers Bangalore,Sunrisers Hyderabad,V Kohli,KD Karthik,P Kumar,1,0,,,,,,,,,
829719,2015,2015-04-13,M Chinnaswamy Stadium,1,7.2,Royal Challengers Bangalore,Sunrisers Hyderabad,KD Karthik,V Kohli,P Kumar,1,0,,,,,,,,,
829719,2015,2015-04-13,M Chinnaswamy Stadium,1,7.3,Royal Challengers Bangalore,Sunrisers Hyderabad,V Kohli,KD Karthik,P Kumar,0,0,,,,,,,,,
829719,2015,2015-04-13,M Chinnaswamy Stadium,1,7.4,Royal Challengers Bangalore,Sunrisers Hyderabad,V Kohli,KD Karthik,P Kumar,0,0,,,,,,,,,
829719,2015,2015-04-13,M Chinnaswamy Stadium,1,7.5,Royal Challengers Bangalore,Sunrisers Hyderabad,V Kohli,KD Karthik,P Kumar,0,0,,,,,,,,,
829719,2015,2015-04-13,M Chinnaswamy Stadium,1,7.6,Royal Challengers Bangalore,Sunrisers Hyderabad,V Kohli,KD Karthik,P Kumar,0,0,,,,,,,,,
829719,2015,2015-04-13,M Chinnaswamy Stadium,1,8.1,Royal Challengers Bangalore,Sunrisers Hyderabad,KD Karthik,V Kohli,KV Sharma,1,0,,,,,,,,,
829719,2015,2015-04-13,M Chinnaswamy Stadium,1,8.2,Royal Challengers Bangalore,Sunrisers Hyderabad,V Kohli,KD Karthik,KV Sharma,0,0,,,,,,,,,
829719,2015,2015-04-13,M Chinnaswamy Stadium,1,8.3,Royal Challengers Bangalore,Sunrisers Hyderabad,V Kohli,KD Karthik,KV Sharma,1,0,,,,,,,,,
829719,2015,2015-04-13,M Chinnaswamy Stadium,1,8.4,Royal Challengers Bangalore,Sunrisers Hyderabad,KD Karthik,V Kohli,KV Sharma,1,0,,,,,,,,,
829719,2015,2015-04-13,M Chinnaswamy Stadium,1,8.5,Royal Challengers Bangalore,Sunrisers Hyderabad,V Kohli,KD Karthik,KV Sharma,2,0,,,,,,,,,
829719,2015,2015-04-13,M Chinnaswamy Stadium,1,8.6,Royal Challengers Bangalore,Sunrisers Hyderabad,V Kohli,KD Karthik,KV Sharma,1,0,,,,,,,,,
829719,2015,2015-04-13,M Chinnaswamy Stadium,1,9.1,Royal Challengers Bangalore,Sunrisers Hyderabad,V Kohli,KD Karthik,P Kumar,4,0,,,,,,,,,
829719,2015,2015-04-13,M Chinnaswamy Stadium,1,9.2,Royal Challengers Bangalore,Sunrisers Hyderabad,V Kohli,KD Karthik,P Kumar,6,0,,,,,,,,,
829719,2015,2015-04-13,M Chinnaswamy Stadium,1,9.3,Royal Challengers Bangalore,Sunrisers Hyderabad,V Kohli,KD Karthik,P Kumar,1,0,,,,,,,,,
829719,2015,2015-04-13,M Chinnaswamy Stadium,1,9.4,Royal Challengers Bangalore,Sunrisers Hyderabad,KD Karthik,V Kohli,P Kumar,0,0,,,,,,,,,
829719,2015,2015-04-13,M Chinnaswamy Stadium,1,9.5,Royal Challengers Bangalore,Sunrisers Hyderabad,KD Karthik,V Kohli,P Kumar,1,0,,,,,,,,,
829719,2015,2015-04-13,M Chinnaswamy Stadium,1,9.6,Royal Challengers Bangalore,Sunrisers Hyderabad,V Kohli,KD Karthik,P Kumar,0,0,,,,,,,,,
829719,2015,2015-04-13,M Chinnaswamy Stadium,1,10.1,Royal Challengers Bangalore,Sunrisers Hyderabad,KD Karthik,V Kohli,KV Sharma,0,0,,,,,,caught,KD Karthik,,
829719,2015,2015-04-13,M Chinnaswamy Stadium,1,10.2,Royal Challengers Bangalore,Sunrisers Hyderabad,AB de Villiers,V Kohli,KV Sharma,0,0,,,,,,,,,
829719,2015,2015-04-13,M Chinnaswamy Stadium,1,10.3,Royal Challengers Bangalore,Sunrisers Hyderabad,AB de Villiers,V Kohli,KV Sharma,1,0,,,,,,,,,
829719,2015,2015-04-13,M Chinnaswamy Stadium,1,10.4,Royal Challengers Bangalore,Sunrisers Hyderabad,V Kohli,AB de Villiers,KV Sharma,1,0,,,,,,,,,
829719,2015,2015-04-13,M Chinnaswamy Stadium,1,10.5,Royal Challengers Bangalore,Sunrisers Hyderabad,AB de Villiers,V Kohli,KV Sharma,1,0,,,,,,,,,
829719,2015,2015-04-13,M Chinnaswamy Stadium,1,10.6,Royal Challengers Bangalore,Sunrisers Hyderabad,V Kohli,AB de Villiers,KV Sharma,4,0,,,,,,,,,
829719,2015,2015-04-13,M Chinnaswamy Stadium,1,11.1,Royal Challengers Bangalore,Sunrisers Hyderabad,AB de Villiers,V Kohli,RS Bopara,4,0,,,,,,,,,
829719,2015,2015-04-13,M Chinnaswamy Stadium,1,11.2,Royal Challengers Bangalore,Sunrisers Hyderabad,AB de Villiers,V Kohli,RS Bopara,4,0,,,,,,,,,
829719,2015,2015-04-13,M Chinnaswamy Stadium,1,11.3,Royal Challengers Bangalore,Sunrisers Hyderabad,AB de Villiers,V Kohli,RS Bopara,0,0,,,,,,,,,
829719,2015,2015-04-13,M Chinnaswamy Stadium,1,11.4,Royal Challengers Bangalore,Sunrisers Hyderabad,AB de Villiers,V Kohli,RS Bopara,1,0,,,,,,,,,
829719,2015,2015-04-13,M Chinnaswamy Stadium,1,11.5,Royal Challengers Bangalore,Sunrisers Hyderabad,V Kohli,AB de Villiers,RS Bopara,0,0,,,,,,bowled,V Kohli,,
829719,2015,2015-04-13,M Chinnaswamy Stadium,1,11.6,Royal Challengers Bangalore,Sunrisers Hyderabad,Mandeep Singh,AB de Villiers,RS Bopara,0,0,,,,,,caught,Mandeep Singh,,
829719,2015,2015-04-13,M Chinnaswamy Stadium,1,12.1,Royal Challengers Bangalore,Sunrisers Hyderabad,AB de Villiers,DJG Sammy,KV Sharma,1,0,,,,,,,,,
829719,2015,2015-04-13,M Chinnaswamy Stadium,1,12.2,Royal Challengers Bangalore,Sunrisers Hyderabad,DJG Sammy,AB de Villiers,KV Sharma,0,0,,,,,,,,,
829719,2015,2015-04-13,M Chinnaswamy Stadium,1,12.3,Royal Challengers Bangalore,Sunrisers Hyderabad,DJG Sammy,AB de Villiers,KV Sharma,1,0,,,,,,,,,
829719,2015,2015-04-13,M Chinnaswamy Stadium,1,12.4,Royal Challengers Bangalore,Sunrisers Hyderabad,AB de Villiers,DJG Sammy,KV Sharma,0,0,,,,,,,,,
829719,2015,2015-04-13,M Chinnaswamy Stadium,1,12.5,Royal Challengers Bangalore,Sunrisers Hyderabad,AB de Villiers,DJG Sammy,KV Sharma,1,0,,,,,,,,,
829719,2015,2015-04-13,M Chinnaswamy Stadium,1,12.6,Royal Challengers Bangalore,Sunrisers Hyderabad,DJG Sammy,AB de Villiers,KV Sharma,1,0,,,,,,,,,
829719,2015,2015-04-13,M Chinnaswamy Stadium,1,13.1,Royal Challengers Bangalore,Sunrisers Hyderabad,DJG Sammy,AB de Villiers,RS Bopara,1,0,,,,,,,,,
829719,2015,2015-04-13,M Chinnaswamy Stadium,1,13.2,Royal Challengers Bangalore,Sunrisers Hyderabad,AB de Villiers,DJG Sammy,RS Bopara,0,0,,,,,,,,,
829719,2015,2015-04-13,M Chinnaswamy Stadium,1,13.3,Royal Challengers Bangalore,Sunrisers Hyderabad,AB de Villiers,DJG Sammy,RS Bopara,4,0,,,,,,,,,
829719,2015,2015-04-13,M Chinnaswamy Stadium,1,13.4,Royal Challengers Bangalore,Sunrisers Hyderabad,AB de Villiers,DJG Sammy,RS Bopara,1,0,,,,,,,,,
829719,2015,2015-04-13,M Chinnaswamy Stadium,1,13.5,Royal Challengers Bangalore,Sunrisers Hyderabad,DJG Sammy,AB de Villiers,RS Bopara,1,0,,,,,,,,,
829719,2015,2015-04-13,M Chinnaswamy Stadium,1,13.6,Royal Challengers Bangalore,Sunrisers Hyderabad,AB de Villiers,DJG Sammy,RS Bopara,6,0,,,,,,,,,
829719,2015,2015-04-13,M Chinnaswamy Stadium,1,14.1,Royal Challengers Bangalore,Sunrisers Hyderabad,DJG Sammy,AB de Villiers,KV Sharma,1,0,,,,,,,,,
829719,2015,2015-04-13,M Chinnaswamy Stadium,1,14.2,Royal Challengers Bangalore,Sunrisers Hyderabad,AB de Villiers,DJG Sammy,KV Sharma,1,0,,,,,,,,,
829719,2015,2015-04-13,M Chinnaswamy Stadium,1,14.3,Royal Challengers Bangalore,Sunrisers Hyderabad,DJG Sammy,AB de Villiers,KV Sharma,0,0,,,,,,,,,
829719,2015,2015-04-13,M Chinnaswamy Stadium,1,14.4,Royal Challengers Bangalore,Sunrisers Hyderabad,DJG Sammy,AB de Villiers,KV Sharma,1,0,,,,,,,,,
829719,2015,2015-04-13,M Chinnaswamy Stadium,1,14.5,Royal Challengers Bangalore,Sunrisers Hyderabad,AB de Villiers,DJG Sammy,KV Sharma,0,0,,,,,,,,,
829719,2015,2015-04-13,M Chinnaswamy Stadium,1,14.6,Royal Challengers Bangalore,Sunrisers Hyderabad,AB de Villiers,DJG Sammy,KV Sharma,0,1,,,,1,,,,,
829719,2015,2015-04-13,M Chinnaswamy Stadium,1,15.1,Royal Challengers Bangalore,Sunrisers Hyderabad,AB de Villiers,DJG Sammy,A Ashish Reddy,2,0,,,,,,,,,
829719,2015,2015-04-13,M Chinnaswamy Stadium,1,15.2,Royal Challengers Bangalore,Sunrisers Hyderabad,AB de Villiers,DJG Sammy,A Ashish Reddy,2,0,,,,,,,,,
829719,2015,2015-04-13,M Chinnaswamy Stadium,1,15.3,Royal Challengers Bangalore,Sunrisers Hyderabad,AB de Villiers,DJG Sammy,A Ashish Reddy,6,0,,,,,,,,,
829719,2015,2015-04-13,M Chinnaswamy Stadium,1,15.4,Royal Challengers Bangalore,Sunrisers Hyderabad,AB de Villiers,DJG Sammy,A Ashish Reddy,0,0,,,,,,,,,
829719,2015,2015-04-13,M Chinnaswamy Stadium,1,15.5,Royal Challengers Bangalore,Sunrisers Hyderabad,AB de Villiers,DJG Sammy,A Ashish Reddy,1,0,,,,,,,,,
829719,2015,2015-04-13,M Chinnaswamy Stadium,1,15.6,Royal Challengers Bangalore,Sunrisers Hyderabad,DJG Sammy,AB de Villiers,A Ashish Reddy,0,0,,,,,,bowled,DJG Sammy,,
829719,2015,2015-04-13,M Chinnaswamy Stadium,1,16.1,Royal Challengers Bangalore,Sunrisers Hyderabad,AB de Villiers,SA Abbott,B Kumar,1,0,,,,,,,,,
829719,2015,2015-04-13,M Chinnaswamy Stadium,1,16.2,Royal Challengers Bangalore,Sunrisers Hyderabad,SA Abbott,AB de Villiers,B Kumar,0,0,,,,,,,,,
829719,2015,2015-04-13,M Chinnaswamy Stadium,1,16.3,Royal Challengers Bangalore,Sunrisers Hyderabad,SA Abbott,AB de Villiers,B Kumar,1,0,,,,,,,,,
829719,2015,2015-04-13,M Chinnaswamy Stadium,1,16.4,Royal Challengers Bangalore,Sunrisers Hyderabad,AB de Villiers,SA Abbott,B Kumar,1,0,,,,,,,,,
829719,2015,2015-04-13,M Chinnaswamy Stadium,1,16.5,Royal Challengers Bangalore,Sunrisers Hyderabad,SA Abbott,AB de Villiers,B Kumar,1,0,,,,,,,,,
829719,2015,2015-04-13,M Chinnaswamy Stadium,1,16.6,Royal Challengers Bangalore,Sunrisers Hyderabad,AB de Villiers,SA Abbott,B Kumar,0,1,1,,,,,,,,
829719,2015,2015-04-13,M Chinnaswamy Stadium,1,16.7,Royal Challengers Bangalore,Sunrisers Hyderabad,AB de Villiers,SA Abbott,B Kumar,4,0,,,,,,,,,
829719,2015,2015-04-13,M Chinnaswamy Stadium,1,17.1,Royal Challengers Bangalore,Sunrisers Hyderabad,SA Abbott,AB de Villiers,P Kumar,0,1,,,,1,,,,,
829719,2015,2015-04-13,M Chinnaswamy Stadium,1,17.2,Royal Challengers Bangalore,Sunrisers Hyderabad,AB de Villiers,SA Abbott,P Kumar,0,1,,,,1,,,,,
829719,2015,2015-04-13,M Chinnaswamy Stadium,1,17.3,Royal Challengers Bangalore,Sunrisers Hyderabad,SA Abbott,AB de Villiers,P Kumar,6,0,,,,,,,,,
829719,2015,2015-04-13,M Chinnaswamy Stadium,1,17.4,Royal Challengers Bangalore,Sunrisers Hyderabad,SA Abbott,AB de Villiers,P Kumar,2,0,,,,,,,,,
829719,2015,2015-04-13,M Chinnaswamy Stadium,1,17.5,Royal Challengers Bangalore,Sunrisers Hyderabad,SA Abbott,AB de Villiers,P Kumar,0,0,,,,,,,,,
829719,2015,2015-04-13,M Chinnaswamy Stadium,1,17.6,Royal Challengers Bangalore,Sunrisers Hyderabad,SA Abbott,AB de Villiers,P Kumar,4,0,,,,,,,,,
829719,2015,2015-04-13,M Chinnaswamy Stadium,1,18.1,Royal Challengers Bangalore,Sunrisers Hyderabad,AB de Villiers,SA Abbott,TA Boult,4,0,,,,,,,,,
829719,2015,2015-04-13,M Chinnaswamy Stadium,1,18.2,Royal Challengers Bangalore,Sunrisers Hyderabad,AB de Villiers,SA Abbott,TA Boult,0,0,,,,,,caught,AB de Villiers,,
829719,2015,2015-04-13,M Chinnaswamy Stadium,1,18.3,Royal Challengers Bangalore,Sunrisers Hyderabad,SA Abbott,HV Patel,TA Boult,0,0,,,,,,caught,SA Abbott,,
829719,2015,2015-04-13,M Chinnaswamy Stadium,1,18.4,Royal Challengers Bangalore,Sunrisers Hyderabad,HV Patel,AN Ahmed,TA Boult,2,0,,,,,,,,,
829719,2015,2015-04-13,M Chinnaswamy Stadium,1,18.5,Royal Challengers Bangalore,Sunrisers Hyderabad,HV Patel,AN Ahmed,TA Boult,0,1,1,,,,,,,,
829719,2015,2015-04-13,M Chinnaswamy Stadium,1,18.6,Royal Challengers Bangalore,Sunrisers Hyderabad,HV Patel,AN Ahmed,TA Boult,0,0,,,,,,caught,HV Patel,,
829719,2015,2015-04-13,M Chinnaswamy Stadium,1,18.7,Royal Challengers Bangalore,Sunrisers Hyderabad,AN Ahmed,VR Aaron,TA Boult,4,0,,,,,,,,,
829719,2015,2015-04-13,M Chinnaswamy Stadium,1,19.1,Royal Challengers Bangalore,Sunrisers Hyderabad,VR Aaron,AN Ahmed,B Kumar,0,0,,,,,,,,,
829719,2015,2015-04-13,M Chinnaswamy Stadium,1,19.2,Royal Challengers Bangalore,Sunrisers Hyderabad,VR Aaron,AN Ahmed,B Kumar,6,0,,,,,,,,,
829719,2015,2015-04-13,M Chinnaswamy Stadium,1,19.3,Royal Challengers Bangalore,Sunrisers Hyderabad,VR Aaron,AN Ahmed,B Kumar,0,0,,,,,,bowled,VR Aaron,,
829719,2015,2015-04-13,M Chinnaswamy Stadium,1,19.4,Royal Challengers Bangalore,Sunrisers Hyderabad,YS Chahal,AN Ahmed,B Kumar,1,0,,,,,,,,,
829719,2015,2015-04-13,M Chinnaswamy Stadium,1,19.5,Royal Challengers Bangalore,Sunrisers Hyderabad,AN Ahmed,YS Chahal,B Kumar,0,0,,,,,,bowled,AN Ahmed,,
829719,2015,2015-04-13,M Chinnaswamy Stadium,2,0.1,Sunrisers Hyderabad,Royal Challengers Bangalore,DA Warner,S Dhawan,SA Abbott,4,0,,,,,,,,,
829719,2015,2015-04-13,M Chinnaswamy Stadium,2,0.2,Sunrisers Hyderabad,Royal Challengers Bangalore,DA Warner,S Dhawan,SA Abbott,2,0,,,,,,,,,
829719,2015,2015-04-13,M Chinnaswamy Stadium,2,0.3,Sunrisers Hyderabad,Royal Challengers Bangalore,DA Warner,S Dhawan,SA Abbott,1,0,,,,,,,,,
829719,2015,2015-04-13,M Chinnaswamy Stadium,2,0.4,Sunrisers Hyderabad,Royal Challengers Bangalore,S Dhawan,DA Warner,SA Abbott,4,0,,,,,,,,,
829719,2015,2015-04-13,M Chinnaswamy Stadium,2,0.5,Sunrisers Hyderabad,Royal Challengers Bangalore,S Dhawan,DA Warner,SA Abbott,4,0,,,,,,,,,
829719,2015,2015-04-13,M Chinnaswamy Stadium,2,0.6,Sunrisers Hyderabad,Royal Challengers Bangalore,S Dhawan,DA Warner,SA Abbott,1,0,,,,,,,,,
829719,2015,2015-04-13,M Chinnaswamy Stadium,2,1.1,Sunrisers Hyderabad,Royal Challengers Bangalore,S Dhawan,DA Warner,HV Patel,1,0,,,,,,,,,
829719,2015,2015-04-13,M Chinnaswamy Stadium,2,1.2,Sunrisers Hyderabad,Royal Challengers Bangalore,DA Warner,S Dhawan,HV Patel,4,0,,,,,,,,,
829719,2015,2015-04-13,M Chinnaswamy Stadium,2,1.3,Sunrisers Hyderabad,Royal Challengers Bangalore,DA Warner,S Dhawan,HV Patel,4,0,,,,,,,,,
829719,2015,2015-04-13,M Chinnaswamy Stadium,2,1.4,Sunrisers Hyderabad,Royal Challengers Bangalore,DA Warner,S Dhawan,HV Patel,0,1,1,,,,,,,,
829719,2015,2015-04-13,M Chinnaswamy Stadium,2,1.5,Sunrisers Hyderabad,Royal Challengers Bangalore,DA Warner,S Dhawan,HV Patel,0,0,,,,,,,,,
829719,2015,2015-04-13,M Chinnaswamy Stadium,2,1.6,Sunrisers Hyderabad,Royal Challengers Bangalore,DA Warner,S Dhawan,HV Patel,4,0,,,,,,,,,
829719,2015,2015-04-13,M Chinnaswamy Stadium,2,1.7,Sunrisers Hyderabad,Royal Challengers Bangalore,DA Warner,S Dhawan,HV Patel,6,0,,,,,,,,,
829719,2015,2015-04-13,M Chinnaswamy Stadium,2,2.1,Sunrisers Hyderabad,Royal Challengers Bangalore,S Dhawan,DA Warner,VR Aaron,0,0,,,,,,,,,
829719,2015,2015-04-13,M Chinnaswamy Stadium,2,2.2,Sunrisers Hyderabad,Royal Challengers Bangalore,S Dhawan,DA Warner,VR Aaron,4,0,,,,,,,,,
829719,2015,2015-04-13,M Chinnaswamy Stadium,2,2.3,Sunrisers Hyderabad,Royal Challengers Bangalore,S Dhawan,DA Warner,VR Aaron,0,0,,,,,,,,,
829719,2015,2015-04-13,M Chinnaswamy Stadium,2,2.4,Sunrisers Hyderabad,Royal Challengers Bangalore,S Dhawan,DA Warner,VR Aaron,1,0,,,,,,,,,
829719,2015,2015-04-13,M Chinnaswamy Stadium,2,2.5,Sunrisers Hyderabad,Royal Challengers Bangalore,DA Warner,S Dhawan,VR Aaron,0,0,,,,,,,,,
829719,2015,2015-04-13,M Chinnaswamy Stadium,2,2.6,Sunrisers Hyderabad,Royal Challengers Bangalore,DA Warner,S Dhawan,VR Aaron,0,0,,,,,,,,,
829719,2015,2015-04-13,M Chinnaswamy Stadium,2,3.1,Sunrisers Hyderabad,Royal Challengers Bangalore,S Dhawan,DA Warner,AN Ahmed,0,0,,,,,,,,,
829719,2015,2015-04-13,M Chinnaswamy Stadium,2,3.2,Sunrisers Hyderabad,Royal Challengers Bangalore,S Dhawan,DA Warner,AN Ahmed,1,0,,,,,,,,,
829719,2015,2015-04-13,M Chinnaswamy Stadium,2,3.3,Sunrisers Hyderabad,Royal Challengers Bangalore,DA Warner,S Dhawan,AN Ahmed,0,0,,,,,,,,,
829719,2015,2015-04-13,M Chinnaswamy Stadium,2,3.4,Sunrisers Hyderabad,Royal Challengers Bangalore,DA Warner,S Dhawan,AN Ahmed,1,0,,,,,,,,,
829719,2015,2015-04-13,M Chinnaswamy Stadium,2,3.5,Sunrisers Hyderabad,Royal Challengers Bangalore,S Dhawan,DA Warner,AN Ahmed,0,0,,,,,,,,,
829719,2015,2015-04-13,M Chinnaswamy Stadium,2,3.6,Sunrisers Hyderabad,Royal Challengers Bangalore,S Dhawan,DA Warner,AN Ahmed,0,0,,,,,,,,,
829719,2015,2015-04-13,M Chinnaswamy Stadium,2,4.1,Sunrisers Hyderabad,Royal Challengers Bangalore,DA Warner,S Dhawan,VR Aaron,4,0,,,,,,,,,
829719,2015,2015-04-13,M Chinnaswamy Stadium,2,4.2,Sunrisers Hyderabad,Royal Challengers Bangalore,DA Warner,S Dhawan,VR Aaron,4,0,,,,,,,,,
829719,2015,2015-04-13,M Chinnaswamy Stadium,2,4.3,Sunrisers Hyderabad,Royal Challengers Bangalore,DA Warner,S Dhawan,VR Aaron,6,0,,,,,,,,,
829719,2015,2015-04-13,M Chinnaswamy Stadium,2,4.4,Sunrisers Hyderabad,Royal Challengers Bangalore,DA Warner,S Dhawan,VR Aaron,0,0,,,,,,,,,
829719,2015,2015-04-13,M Chinnaswamy Stadium,2,4.5,Sunrisers Hyderabad,Royal Challengers Bangalore,DA Warner,S Dhawan,VR Aaron,1,0,,,,,,,,,
829719,2015,2015-04-13,M Chinnaswamy Stadium,2,4.6,Sunrisers Hyderabad,Royal Challengers Bangalore,S Dhawan,DA Warner,VR Aaron,0,0,,,,,,,,,
829719,2015,2015-04-13,M Chinnaswamy Stadium,2,5.1,Sunrisers Hyderabad,Royal Challengers Bangalore,DA Warner,S Dhawan,AN Ahmed,0,0,,,,,,,,,
829719,2015,2015-04-13,M Chinnaswamy Stadium,2,5.2,Sunrisers Hyderabad,Royal Challengers Bangalore,DA Warner,S Dhawan,AN Ahmed,0,0,,,,,,,,,
829719,2015,2015-04-13,M Chinnaswamy Stadium,2,5.3,Sunrisers Hyderabad,Royal Challengers Bangalore,DA Warner,S Dhawan,AN Ahmed,6,0,,,,,,,,,
829719,2015,2015-04-13,M Chinnaswamy Stadium,2,5.4,Sunrisers Hyderabad,Royal Challengers Bangalore,DA Warner,S Dhawan,AN Ahmed,0,0,,,,,,,,,
829719,2015,2015-04-13,M Chinnaswamy Stadium,2,5.5,Sunrisers Hyderabad,Royal Challengers Bangalore,DA Warner,S Dhawan,AN Ahmed,1,0,,,,,,,,,
829719,2015,2015-04-13,M Chinnaswamy Stadium,2,5.6,Sunrisers Hyderabad,Royal Challengers Bangalore,S Dhawan,DA Warner,AN Ahmed,0,0,,,,,,,,,
829719,2015,2015-04-13,M Chinnaswamy Stadium,2,6.1,Sunrisers Hyderabad,Royal Challengers Bangalore,DA Warner,S Dhawan,DJG Sammy,1,0,,,,,,,,,
829719,2015,2015-04-13,M Chinnaswamy Stadium,2,6.2,Sunrisers Hyderabad,Royal Challengers Bangalore,S Dhawan,DA Warner,DJG Sammy,0,0,,,,,,,,,
829719,2015,2015-04-13,M Chinnaswamy Stadium,2,6.3,Sunrisers Hyderabad,Royal Challengers Bangalore,S Dhawan,DA Warner,DJG Sammy,1,0,,,,,,,,,
829719,2015,2015-04-13,M Chinnaswamy Stadium,2,6.4,Sunrisers Hyderabad,Royal Challengers Bangalore,DA Warner,S Dhawan,DJG Sammy,1,0,,,,,,,,,
829719,2015,2015-04-13,M Chinnaswamy Stadium,2,6.5,Sunrisers Hyderabad,Royal Challengers Bangalore,S Dhawan,DA Warner,DJG Sammy,4,0,,,,,,,,,
829719,2015,2015-04-13,M Chinnaswamy Stadium,2,6.6,Sunrisers Hyderabad,Royal Challengers Bangalore,S Dhawan,DA Warner,DJG Sammy,1,0,,,,,,,,,
829719,2015,2015-04-13,M Chinnaswamy Stadium,2,7.1,Sunrisers Hyderabad,Royal Challengers Bangalore,S Dhawan,DA Warner,YS Chahal,1,0,,,,,,,,,
829719,2015,2015-04-13,M Chinnaswamy Stadium,2,7.2,Sunrisers Hyderabad,Royal Challengers Bangalore,DA Warner,S Dhawan,YS Chahal,6,0,,,,,,,,,
829719,2015,2015-04-13,M Chinnaswamy Stadium,2,7.3,Sunrisers Hyderabad,Royal Challengers Bangalore,DA Warner,S Dhawan,YS Chahal,1,0,,,,,,,,,
829719,2015,2015-04-13,M Chinnaswamy Stadium,2,7.4,Sunrisers Hyderabad,Royal Challengers Bangalore,S Dhawan,DA Warner,YS Chahal,1,0,,,,,,,,,
829719,2015,2015-04-13,M Chinnaswamy Stadium,2,7.5,Sunrisers Hyderabad,Royal Challengers Bangalore,DA Warner,S Dhawan,YS Chahal,0,0,,,,,,lbw,DA Warner,,
829719,2015,2015-04-13,M Chinnaswamy Stadium,2,7.6,Sunrisers Hyderabad,Royal Challengers Bangalore,KS Williamson,S Dhawan,YS Chahal,1,0,,,,,,,,,
829719,2015,2015-04-13,M Chinnaswamy Stadium,2,8.1,Sunrisers Hyderabad,Royal Challengers Bangalore,KS Williamson,S Dhawan,HV Patel,0,0,,,,,,,,,
829719,2015,2015-04-13,M Chinnaswamy Stadium,2,8.2,Sunrisers Hyderabad,Royal Challengers Bangalore,KS Williamson,S Dhawan,HV Patel,0,4,,,,4,,,,,
829719,2015,2015-04-13,M Chinnaswamy Stadium,2,8.3,Sunrisers Hyderabad,Royal Challengers Bangalore,KS Williamson,S Dhawan,HV Patel,0,0,,,,,,,,,
829719,2015,2015-04-13,M Chinnaswamy Stadium,2,8.4,Sunrisers Hyderabad,Royal Challengers Bangalore,KS Williamson,S Dhawan,HV Patel,1,0,,,,,,,,,
829719,2015,2015-04-13,M Chinnaswamy Stadium,2,8.5,Sunrisers Hyderabad,Royal Challengers Bangalore,S Dhawan,KS Williamson,HV Patel,1,0,,,,,,,,,
829719,2015,2015-04-13,M Chinnaswamy Stadium,2,8.6,Sunrisers Hyderabad,Royal Challengers Bangalore,KS Williamson,S Dhawan,HV Patel,1,0,,,,,,,,,
829719,2015,2015-04-13,M Chinnaswamy Stadium,2,9.1,Sunrisers Hyderabad,Royal Challengers Bangalore,KS Williamson,S Dhawan,YS Chahal,1,0,,,,,,,,,
829719,2015,2015-04-13,M Chinnaswamy Stadium,2,9.2,Sunrisers Hyderabad,Royal Challengers Bangalore,S Dhawan,KS Williamson,YS Chahal,1,0,,,,,,,,,
829719,2015,2015-04-13,M Chinnaswamy Stadium,2,9.3,Sunrisers Hyderabad,Royal Challengers Bangalore,KS Williamson,S Dhawan,YS Chahal,1,0,,,,,,,,,
829719,2015,2015-04-13,M Chinnaswamy Stadium,2,9.4,Sunrisers Hyderabad,Royal Challengers Bangalore,S Dhawan,KS Williamson,YS Chahal,1,0,,,,,,,,,
829719,2015,2015-04-13,M Chinnaswamy Stadium,2,9.5,Sunrisers Hyderabad,Royal Challengers Bangalore,KS Williamson,S Dhawan,YS Chahal,0,0,,,,,,stumped,KS Williamson,,
829719,2015,2015-04-13,M Chinnaswamy Stadium,2,9.6,Sunrisers Hyderabad,Royal Challengers Bangalore,KL Rahul,S Dhawan,YS Chahal,1,0,,,,,,,,,
829719,2015,2015-04-13,M Chinnaswamy Stadium,2,10.1,Sunrisers Hyderabad,Royal Challengers Bangalore,KL Rahul,S Dhawan,DJG Sammy,2,0,,,,,,,,,
829719,2015,2015-04-13,M Chinnaswamy Stadium,2,10.2,Sunrisers Hyderabad,Royal Challengers Bangalore,KL Rahul,S Dhawan,DJG Sammy,1,0,,,,,,,,,
829719,2015,2015-04-13,M Chinnaswamy Stadium,2,10.3,Sunrisers Hyderabad,Royal Challengers Bangalore,S Dhawan,KL Rahul,DJG Sammy,1,0,,,,,,,,,
829719,2015,2015-04-13,M Chinnaswamy Stadium,2,10.4,Sunrisers Hyderabad,Royal Challengers Bangalore,KL Rahul,S Dhawan,DJG Sammy,1,0,,,,,,,,,
829719,2015,2015-04-13,M Chinnaswamy Stadium,2,10.5,Sunrisers Hyderabad,Royal Challengers Bangalore,S Dhawan,KL Rahul,DJG Sammy,1,0,,,,,,,,,
829719,2015,2015-04-13,M Chinnaswamy Stadium,2,10.6,Sunrisers Hyderabad,Royal Challengers Bangalore,KL Rahul,S Dhawan,DJG Sammy,4,0,,,,,,,,,
829719,2015,2015-04-13,M Chinnaswamy Stadium,2,11.1,Sunrisers Hyderabad,Royal Challengers Bangalore,S Dhawan,KL Rahul,YS Chahal,1,0,,,,,,,,,
829719,2015,2015-04-13,M Chinnaswamy Stadium,2,11.2,Sunrisers Hyderabad,Royal Challengers Bangalore,KL Rahul,S Dhawan,YS Chahal,4,0,,,,,,,,,
829719,2015,2015-04-13,M Chinnaswamy Stadium,2,11.3,Sunrisers Hyderabad,Royal Challengers Bangalore,KL Rahul,S Dhawan,YS Chahal,0,0,,,,,,,,,
829719,2015,2015-04-13,M Chinnaswamy Stadium,2,11.4,Sunrisers Hyderabad,Royal Challengers Bangalore,KL Rahul,S Dhawan,YS Chahal,1,0,,,,,,,,,
829719,2015,2015-04-13,M Chinnaswamy Stadium,2,11.5,Sunrisers Hyderabad,Royal Challengers Bangalore,S Dhawan,KL Rahul,YS Chahal,1,0,,,,,,,,,
829719,2015,2015-04-13,M Chinnaswamy Stadium,2,11.6,Sunrisers Hyderabad,Royal Challengers Bangalore,KL Rahul,S Dhawan,YS Chahal,1,0,,,,,,,,,
829719,2015,2015-04-13,M Chinnaswamy Stadium,2,12.1,Sunrisers Hyderabad,Royal Challengers Bangalore,KL Rahul,S Dhawan,VR Aaron,1,0,,,,,,,,,
829719,2015,2015-04-13,M Chinnaswamy Stadium,2,12.2,Sunrisers Hyderabad,Royal Challengers Bangalore,S Dhawan,KL Rahul,VR Aaron,1,0,,,,,,,,,
829719,2015,2015-04-13,M Chinnaswamy Stadium,2,12.3,Sunrisers Hyderabad,Royal Challengers Bangalore,KL Rahul,S Dhawan,VR Aaron,0,1,1,,,,,,,,
829719,2015,2015-04-13,M Chinnaswamy Stadium,2,12.4,Sunrisers Hyderabad,Royal Challengers Bangalore,KL Rahul,S Dhawan,VR Aaron,1,0,,,,,,,,,
829719,2015,2015-04-13,M Chinnaswamy Stadium,2,12.5,Sunrisers Hyderabad,Royal Challengers Bangalore,S Dhawan,KL Rahul,VR Aaron,0,0,,,,,,,,,
829719,2015,2015-04-13,M Chinnaswamy Stadium,2,12.6,Sunrisers Hyderabad,Royal Challengers Bangalore,S Dhawan,KL Rahul,VR Aaron,1,0,,,,,,,,,
829719,2015,2015-04-13,M Chinnaswamy Stadium,2,12.7,Sunrisers Hyderabad,Royal Challengers Bangalore,KL Rahul,S Dhawan,VR Aaron,1,0,,,,,,,,,
829719,2015,2015-04-13,M Chinnaswamy Stadium,2,13.1,Sunrisers Hyderabad,Royal Challengers Bangalore,KL Rahul,S Dhawan,SA Abbott,0,0,,,,,,,,,
829719,2015,2015-04-13,M Chinnaswamy Stadium,2,13.2,Sunrisers Hyderabad,Royal Challengers Bangalore,KL Rahul,S Dhawan,SA Abbott,0,1,1,,,,,,,,
829719,2015,2015-04-13,M Chinnaswamy Stadium,2,13.3,Sunrisers Hyderabad,Royal Challengers Bangalore,KL Rahul,S Dhawan,SA Abbott,0,1,1,,,,,,,,
829719,2015,2015-04-13,M Chinnaswamy Stadium,2,13.4,Sunrisers Hyderabad,Royal Challengers Bangalore,KL Rahul,S Dhawan,SA Abbott,1,0,,,,,,,,,
829719,2015,2015-04-13,M Chinnaswamy Stadium,2,13.5,Sunrisers Hyderabad,Royal Challengers Bangalore,S Dhawan,KL Rahul,SA Abbott,0,0,,,,,,,,,
829719,2015,2015-04-13,M Chinnaswamy Stadium,2,13.6,Sunrisers Hyderabad,Royal Challengers Bangalore,S Dhawan,KL Rahul,SA Abbott,1,0,,,,,,,,,
829719,2015,2015-04-13,M Chinnaswamy Stadium,2,13.7,Sunrisers Hyderabad,Royal Challengers Bangalore,KL Rahul,S Dhawan,SA Abbott,1,0,,,,,,,,,
829719,2015,2015-04-13,M Chinnaswamy Stadium,2,13.8,Sunrisers Hyderabad,Royal Challengers Bangalore,S Dhawan,KL Rahul,SA Abbott,0,0,,,,,,,,,
829719,2015,2015-04-13,M Chinnaswamy Stadium,2,14.1,Sunrisers Hyderabad,Royal Challengers Bangalore,KL Rahul,S Dhawan,AN Ahmed,2,0,,,,,,,,,
829719,2015,2015-04-13,M Chinnaswamy Stadium,2,14.2,Sunrisers Hyderabad,Royal Challengers Bangalore,KL Rahul,S Dhawan,AN Ahmed,4,0,,,,,,,,,
829719,2015,2015-04-13,M Chinnaswamy Stadium,2,14.3,Sunrisers Hyderabad,Royal Challengers Bangalore,KL Rahul,S Dhawan,AN Ahmed,0,1,,,,1,,,,,
829719,2015,2015-04-13,M Chinnaswamy Stadium,2,14.4,Sunrisers Hyderabad,Royal Challengers Bangalore,S Dhawan,KL Rahul,AN Ahmed,0,0,,,,,,,,,
829719,2015,2015-04-13,M Chinnaswamy Stadium,2,14.5,Sunrisers Hyderabad,Royal Challengers Bangalore,S Dhawan,KL Rahul,AN Ahmed,6,0,,,,,,,,,
829719,2015,2015-04-13,M Chinnaswamy Stadium,2,14.6,Sunrisers Hyderabad,Royal Challengers Bangalore,S Dhawan,KL Rahul,AN Ahmed,0,0,,,,,,,,,
829719,2015,2015-04-13,M Chinnaswamy Stadium,2,15.1,Sunrisers Hyderabad,Royal Challengers Bangalore,KL Rahul,S Dhawan,YS Chahal,0,0,,,,,,,,,
829719,2015,2015-04-13,M Chinnaswamy Stadium,2,15.2,Sunrisers Hyderabad,Royal Challengers Bangalore,KL Rahul,S Dhawan,YS Chahal,1,0,,,,,,,,,
829719,2015,2015-04-13,M Chinnaswamy Stadium,2,15.3,Sunrisers Hyderabad,Royal Challengers Bangalore,S Dhawan,KL Rahul,YS Chahal,1,0,,,,,,,,,
829719,2015,2015-04-13,M Chinnaswamy Stadium,2,15.4,Sunrisers Hyderabad,Royal Challengers Bangalore,KL Rahul,S Dhawan,YS Chahal,1,0,,,,,,,,,
829719,2015,2015-04-13,M Chinnaswamy Stadium,2,15.5,Sunrisers Hyderabad,Royal Challengers Bangalore,S Dhawan,KL Rahul,YS Chahal,1,0,,,,,,,,,
829719,2015,2015-04-13,M Chinnaswamy Stadium,2,15.6,Sunrisers Hyderabad,Royal Challengers Bangalore,KL Rahul,S Dhawan,YS Chahal,1,0,,,,,,,,,
829719,2015,2015-04-13,M Chinnaswamy Stadium,2,16.1,Sunrisers Hyderabad,Royal Challengers Bangalore,KL Rahul,S Dhawan,AN Ahmed,1,0,,,,,,,,,
829719,2015,2015-04-13,M Chinnaswamy Stadium,2,16.2,Sunrisers Hyderabad,Royal Challengers Bangalore,S Dhawan,KL Rahul,AN Ahmed,1,0,,,,,,,,,
829719,2015,2015-04-13,M Chinnaswamy Stadium,2,16.3,Sunrisers Hyderabad,Royal Challengers Bangalore,KL Rahul,S Dhawan,AN Ahmed,2,0,,,,,,,,,
829719,2015,2015-04-13,M Chinnaswamy Stadium,2,16.4,Sunrisers Hyderabad,Royal Challengers Bangalore,KL Rahul,S Dhawan,AN Ahmed,0,5,5,,,,,,,,
829719,2015,2015-04-13,M Chinnaswamy Stadium,2,16.5,Sunrisers Hyderabad,Royal Challengers Bangalore,KL Rahul,S Dhawan,AN Ahmed,1,0,,,,,,,,,
829719,2015,2015-04-13,M Chinnaswamy Stadium,2,16.6,Sunrisers Hyderabad,Royal Challengers Bangalore,S Dhawan,KL Rahul,AN Ahmed,1,0,,,,,,,,,
829719,2015,2015-04-13,M Chinnaswamy Stadium,2,16.7,Sunrisers Hyderabad,Royal Challengers Bangalore,KL Rahul,S Dhawan,AN Ahmed,1,1,,1,,,,,,,
829719,2015,2015-04-13,M Chinnaswamy Stadium,2,16.8,Sunrisers Hyderabad,Royal Challengers Bangalore,S Dhawan,KL Rahul,AN Ahmed,6,1,,1,,,,,,,
829719,2015,2015-04-13,M Chinnaswamy Stadium,2,16.9,Sunrisers Hyderabad,Royal Challengers Bangalore,S Dhawan,KL Rahul,AN Ahmed,0,0,,,,,,,,,
829719,2015,2015-04-13,M Chinnaswamy Stadium,2,17.1,Sunrisers Hyderabad,Royal Challengers Bangalore,KL Rahul,S Dhawan,VR Aaron,4,0,,,,,,,,,
829719,2015,2015-04-13,M Chinnaswamy Stadium,2,17.2,Sunrisers Hyderabad,Royal Challengers Bangalore,KL Rahul,S Dhawan,VR Aaron,6,0,,,,,,,,,
