match_id,season,start_date,venue,innings,ball,batting_team,bowling_team,striker,non_striker,bowler,runs_off_bat,extras,wides,noballs,byes,legbyes,penalty,wicket_type,player_dismissed,other_wicket_type,other_player_dismissed
829731,2015,2015-04-18,Dr. Y.S. Rajasekhara Reddy ACA-VDCA Cricket Stadium,1,0.1,Delhi Daredevils,Sunrisers Hyderabad,MA Agarwal,SS Iyer,P Kumar,1,0,,,,,,,,,
829731,2015,2015-04-18,Dr. Y.S. Rajasekhara Reddy ACA-VDCA Cricket Stadium,1,0.2,Delhi Daredevils,Sunrisers Hyderabad,SS Iyer,MA Agarwal,P Kumar,0,0,,,,,,,,,
829731,2015,2015-04-18,Dr. Y.S. Rajasekhara Reddy ACA-VDCA Cricket Stadium,1,0.3,Delhi Daredevils,Sunrisers Hyderabad,SS Iyer,MA Agarwal,P Kumar,0,0,,,,,,,,,
829731,2015,2015-04-18,Dr. Y.S. Rajasekhara Reddy ACA-VDCA Cricket Stadium,1,0.4,Delhi Daredevils,Sunrisers Hyderabad,SS Iyer,MA Agarwal,P Kumar,4,0,,,,,,,,,
829731,2015,2015-04-18,Dr. Y.S. Rajasekhara Reddy ACA-VDCA Cricket Stadium,1,0.5,Delhi Daredevils,Sunrisers Hyderabad,SS Iyer,MA Agarwal,P Kumar,0,1,1,,,,,,,,
829731,2015,2015-04-18,Dr. Y.S. Rajasekhara Reddy ACA-VDCA Cricket Stadium,1,0.6,Delhi Daredevils,Sunrisers Hyderabad,SS Iyer,MA Agarwal,P Kumar,1,0,,,,,,,,,
829731,2015,2015-04-18,Dr. Y.S. Rajasekhara Reddy ACA-VDCA Cricket Stadium,1,0.7,Delhi Daredevils,Sunrisers Hyderabad,MA Agarwal,SS Iyer,P Kumar,0,0,,,,,,,,,
829731,2015,2015-04-18,Dr. Y.S. Rajasekhara Reddy ACA-VDCA Cricket Stadium,1,1.1,Delhi Daredevils,Sunrisers Hyderabad,SS Iyer,MA Agarwal,DW Steyn,0,0,,,,,,,,,
829731,2015,2015-04-18,Dr. Y.S. Rajasekhara Reddy ACA-VDCA Cricket Stadium,1,1.2,Delhi Daredevils,Sunrisers Hyderabad,SS Iyer,MA Agarwal,DW Steyn,0,0,,,,,,,,,
829731,2015,2015-04-18,Dr. Y.S. Rajasekhara Reddy ACA-VDCA Cricket Stadium,1,1.3,Delhi Daredevils,Sunrisers Hyderabad,SS Iyer,MA Agarwal,DW Steyn,0,0,,,,,,,,,
829731,2015,2015-04-18,Dr. Y.S. Rajasekhara Reddy ACA-VDCA Cricket Stadium,1,1.4,Delhi Daredevils,Sunrisers Hyderabad,SS Iyer,MA Agarwal,DW Steyn,4,0,,,,,,,,,
829731,2015,2015-04-18,Dr. Y.S. Rajasekhara Reddy ACA-VDCA Cricket Stadium,1,1.5,Delhi Daredevils,Sunrisers Hyderabad,SS Iyer,MA Agarwal,DW Steyn,2,0,,,,,,,,,
829731,2015,2015-04-18,Dr. Y.S. Rajasekhara Reddy ACA-VDCA Cricket Stadium,1,1.6,Delhi Daredevils,Sunrisers Hyderabad,SS Iyer,MA Agarwal,DW Steyn,2,0,,,,,,,,,
829731,2015,2015-04-18,Dr. Y.S. Rajasekhara Reddy ACA-VDCA Cricket Stadium,1,2.1,Delhi Daredevils,Sunrisers Hyderabad,MA Agarwal,SS Iyer,B Kumar,0,0,,,,,,caught,MA Agarwal,,
829731,2015,2015-04-18,Dr. Y.S. Rajasekhara Reddy ACA-VDCA Cricket Stadium,1,2.2,Delhi Daredevils,Sunrisers Hyderabad,JP Duminy,SS Iyer,B Kumar,0,0,,,,,,,,,
829731,2015,2015-04-18,Dr. Y.S. Rajasekhara Reddy ACA-VDCA Cricket Stadium,1,2.3,Delhi Daredevils,Sunrisers Hyderabad,JP Duminy,SS Iyer,B Kumar,0,0,,,,,,,,,
829731,2015,2015-04-18,Dr. Y.S. Rajasekhara Reddy ACA-VDCA Cricket Stadium,1,2.4,Delhi Daredevils,Sunrisers Hyderabad,JP Duminy,SS Iyer,B Kumar,0,1,1,,,,,,,,
829731,2015,2015-04-18,Dr. Y.S. Rajasekhara Reddy ACA-VDCA Cricket Stadium,1,2.5,Delhi Daredevils,Sunrisers Hyderabad,JP Duminy,SS Iyer,B Kumar,2,0,,,,,,,,,
829731,2015,2015-04-18,Dr. Y.S. Rajasekhara Reddy ACA-VDCA Cricket Stadium,1,2.6,Delhi Daredevils,Sunrisers Hyderabad,JP Duminy,SS Iyer,B Kumar,0,0,,,,,,,,,
829731,2015,2015-04-18,Dr. Y.S. Rajasekhara Reddy ACA-VDCA Cricket Stadium,1,2.7,Delhi Daredevils,Sunrisers Hyderabad,JP Duminy,SS Iyer,B Kumar,2,0,,,,,,,,,
829731,2015,2015-04-18,Dr. Y.S. Rajasekhara Reddy ACA-VDCA Cricket Stadium,1,3.1,Delhi Daredevils,Sunrisers Hyderabad,SS Iyer,JP Duminy,DW Steyn,0,0,,,,,,,,,
829731,2015,2015-04-18,Dr. Y.S. Rajasekhara Reddy ACA-VDCA Cricket Stadium,1,3.2,Delhi Daredevils,Sunrisers Hyderabad,SS Iyer,JP Duminy,DW Steyn,1,0,,,,,,,,,
829731,2015,2015-04-18,Dr. Y.S. Rajasekhara Reddy ACA-VDCA Cricket Stadium,1,3.3,Delhi Daredevils,Sunrisers Hyderabad,JP Duminy,SS Iyer,DW Steyn,0,0,,,,,,,,,
829731,2015,2015-04-18,Dr. Y.S. Rajasekhara Reddy ACA-VDCA Cricket Stadium,1,3.4,Delhi Daredevils,Sunrisers Hyderabad,JP Duminy,SS Iyer,DW Steyn,4,0,,,,,,,,,
829731,2015,2015-04-18,Dr. Y.S. Rajasekhara Reddy ACA-VDCA Cricket Stadium,1,3.5,Delhi Daredevils,Sunrisers Hyderabad,JP Duminy,SS Iyer,DW Steyn,0,0,,,,,,,,,
829731,2015,2015-04-18,Dr. Y.S. Rajasekhara Reddy ACA-VDCA Cricket Stadium,1,3.6,Delhi Daredevils,Sunrisers Hyderabad,JP Duminy,SS Iyer,DW Steyn,1,0,,,,,,,,,
829731,2015,2015-04-18,Dr. Y.S. Rajasekhara Reddy ACA-VDCA Cricket Stadium,1,4.1,Delhi Daredevils,Sunrisers Hyderabad,JP Duminy,SS Iyer,B Kumar,0,0,,,,,,,,,
829731,2015,2015-04-18,Dr. Y.S. Rajasekhara Reddy ACA-VDCA Cricket Stadium,1,4.2,Delhi Daredevils,Sunrisers Hyderabad,JP Duminy,SS Iyer,B Kumar,0,0,,,,,,,,,
829731,2015,2015-04-18,Dr. Y.S. Rajasekhara Reddy ACA-VDCA Cricket Stadium,1,4.3,Delhi Daredevils,Sunrisers Hyderabad,JP Duminy,SS Iyer,B Kumar,0,0,,,,,,,,,
829731,2015,2015-04-18,Dr. Y.S. Rajasekhara Reddy ACA-VDCA Cricket Stadium,1,4.4,Delhi Daredevils,Sunrisers Hyderabad,JP Duminy,SS Iyer,B Kumar,0,1,,,,1,,,,,
829731,2015,2015-04-18,Dr. Y.S. Rajasekhara Reddy ACA-VDCA Cricket Stadium,1,4.5,Delhi Daredevils,Sunrisers Hyderabad,SS Iyer,JP Duminy,B Kumar,0,0,,,,,,,,,
829731,2015,2015-04-18,Dr. Y.S. Rajasekhara Reddy ACA-VDCA Cricket Stadium,1,4.6,Delhi Daredevils,Sunrisers Hyderabad,SS Iyer,JP Duminy,B Kumar,1,0,,,,,,,,,
829731,2015,2015-04-18,Dr. Y.S. Rajasekhara Reddy ACA-VDCA Cricket Stadium,1,5.1,Delhi Daredevils,Sunrisers Hyderabad,SS Iyer,JP Duminy,P Kumar,0,1,1,,,,,,,,
829731,2015,2015-04-18,Dr. Y.S. Rajasekhara Reddy ACA-VDCA Cricket Stadium,1,5.2,Delhi Daredevils,Sunrisers Hyderabad,SS Iyer,JP Duminy,P Kumar,4,0,,,,,,,,,
829731,2015,2015-04-18,Dr. Y.S. Rajasekhara Reddy ACA-VDCA Cricket Stadium,1,5.3,Delhi Daredevils,Sunrisers Hyderabad,SS Iyer,JP Duminy,P Kumar,0,0,,,,,,,,,
829731,2015,2015-04-18,Dr. Y.S. Rajasekhara Reddy ACA-VDCA Cricket Stadium,1,5.4,Delhi Daredevils,Sunrisers Hyderabad,SS Iyer,JP Duminy,P Kumar,0,0,,,,,,,,,
829731,2015,2015-04-18,Dr. Y.S. Rajasekhara Reddy ACA-VDCA Cricket Stadium,1,5.5,Delhi Daredevils,Sunrisers Hyderabad,SS Iyer,JP Duminy,P Kumar,6,0,,,,,,,,,
829731,2015,2015-04-18,Dr. Y.S. Rajasekhara Reddy ACA-VDCA Cricket Stadium,1,5.6,Delhi Daredevils,Sunrisers Hyderabad,SS Iyer,JP Duminy,P Kumar,0,0,,,,,,,,,
829731,2015,2015-04-18,Dr. Y.S. Rajasekhara Reddy ACA-VDCA Cricket Stadium,1,5.7,Delhi Daredevils,Sunrisers Hyderabad,SS Iyer,JP Duminy,P Kumar,1,0,,,,,,,,,
829731,2015,2015-04-18,Dr. Y.S. Rajasekhara Reddy ACA-VDCA Cricket Stadium,1,6.1,Delhi Daredevils,Sunrisers Hyderabad,SS Iyer,JP Duminy,RS Bopara,1,0,,,,,,,,,
829731,2015,2015-04-18,Dr. Y.S. Rajasekhara Reddy ACA-VDCA Cricket Stadium,1,6.2,Delhi Daredevils,Sunrisers Hyderabad,JP Duminy,SS Iyer,RS Bopara,2,0,,,,,,,,,
829731,2015,2015-04-18,Dr. Y.S. Rajasekhara Reddy ACA-VDCA Cricket Stadium,1,6.3,Delhi Daredevils,Sunrisers Hyderabad,JP Duminy,SS Iyer,RS Bopara,1,0,,,,,,,,,
829731,2015,2015-04-18,Dr. Y.S. Rajasekhara Reddy ACA-VDCA Cricket Stadium,1,6.4,Delhi Daredevils,Sunrisers Hyderabad,SS Iyer,JP Duminy,RS Bopara,1,0,,,,,,,,,
829731,2015,2015-04-18,Dr. Y.S. Rajasekhara Reddy ACA-VDCA Cricket Stadium,1,6.5,Delhi Daredevils,Sunrisers Hyderabad,JP Duminy,SS Iyer,RS Bopara,1,0,,,,,,,,,
829731,2015,2015-04-18,Dr. Y.S. Rajasekhara Reddy ACA-VDCA Cricket Stadium,1,6.6,Delhi Daredevils,Sunrisers Hyderabad,SS Iyer,JP Duminy,RS Bopara,0,0,,,,,,,,,
829731,2015,2015-04-18,Dr. Y.S. Rajasekhara Reddy ACA-VDCA Cricket Stadium,1,7.1,Delhi Daredevils,Sunrisers Hyderabad,JP Duminy,SS Iyer,KV Sharma,1,0,,,,,,,,,
829731,2015,2015-04-18,Dr. Y.S. Rajasekhara Reddy ACA-VDCA Cricket Stadium,1,7.2,Delhi Daredevils,Sunrisers Hyderabad,SS Iyer,JP Duminy,KV Sharma,1,0,,,,,,,,,
829731,2015,2015-04-18,Dr. Y.S. Rajasekhara Reddy ACA-VDCA Cricket Stadium,1,7.3,Delhi Daredevils,Sunrisers Hyderabad,JP Duminy,SS Iyer,KV Sharma,1,0,,,,,,,,,
829731,2015,2015-04-18,Dr. Y.S. Rajasekhara Reddy ACA-VDCA Cricket Stadium,1,7.4,Delhi Daredevils,Sunrisers Hyderabad,SS Iyer,JP Duminy,KV Sharma,6,0,,,,,,,,,
829731,2015,2015-04-18,Dr. Y.S. Rajasekhara Reddy ACA-VDCA Cricket Stadium,1,7.5,Delhi Daredevils,Sunrisers Hyderabad,SS Iyer,JP Duminy,KV Sharma,1,0,,,,,,,,,
829731,2015,2015-04-18,Dr. Y.S. Rajasekhara Reddy ACA-VDCA Cricket Stadium,1,7.6,Delhi Daredevils,Sunrisers Hyderabad,JP Duminy,SS Iyer,KV Sharma,1,0,,,,,,,,,
829731,2015,2015-04-18,Dr. Y.S. Rajasekhara Reddy ACA-VDCA Cricket Stadium,1,8.1,Delhi Daredevils,Sunrisers Hyderabad,JP Duminy,SS Iyer,RS Bopara,4,0,,,,,,,,,
829731,2015,2015-04-18,Dr. Y.S. Rajasekhara Reddy ACA-VDCA Cricket Stadium,1,8.2,Delhi Daredevils,Sunrisers Hyderabad,JP Duminy,SS Iyer,RS Bopara,1,0,,,,,,,,,
829731,2015,2015-04-18,Dr. Y.S. Rajasekhara Reddy ACA-VDCA Cricket Stadium,1,8.3,Delhi Daredevils,Sunrisers Hyderabad,SS Iyer,JP Duminy,RS Bopara,0,0,,,,,,,,,
829731,2015,2015-04-18,Dr. Y.S. Rajasekhara Reddy ACA-VDCA Cricket Stadium,1,8.4,Delhi Daredevils,Sunrisers Hyderabad,SS Iyer,JP Duminy,RS Bopara,1,0,,,,,,,,,
829731,2015,2015-04-18,Dr. Y.S. Rajasekhara Reddy ACA-VDCA Cricket Stadium,1,8.5,Delhi Daredevils,Sunrisers Hyderabad,JP Duminy,SS Iyer,RS Bopara,0,1,1,,,,,,,,
829731,2015,2015-04-18,Dr. Y.S. Rajasekhara Reddy ACA-VDCA Cricket Stadium,1,8.6,Delhi Daredevils,Sunrisers Hyderabad,JP Duminy,SS Iyer,RS Bopara,1,0,,,,,,,,,
829731,2015,2015-04-18,Dr. Y.S. Rajasekhara Reddy ACA-VDCA Cricket Stadium,1,8.7,Delhi Daredevils,Sunrisers Hyderabad,SS Iyer,JP Duminy,RS Bopara,1,0,,,,,,,,,
829731,2015,2015-04-18,Dr. Y.S. Rajasekhara Reddy ACA-VDCA Cricket Stadium,1,9.1,Delhi Daredevils,Sunrisers Hyderabad,SS Iyer,JP Duminy,KV Sharma,1,0,,,,,,,,,
829731,2015,2015-04-18,Dr. Y.S. Rajasekhara Reddy ACA-VDCA Cricket Stadium,1,9.2,Delhi Daredevils,Sunrisers Hyderabad,JP Duminy,SS Iyer,KV Sharma,1,0,,,,,,,,,
829731,2015,2015-04-18,Dr. Y.S. Rajasekhara Reddy ACA-VDCA Cricket Stadium,1,9.3,Delhi Daredevils,Sunrisers Hyderabad,SS Iyer,JP Duminy,KV Sharma,6,0,,,,,,,,,
829731,2015,2015-04-18,Dr. Y.S. Rajasekhara Reddy ACA-VDCA Cricket Stadium,1,9.4,Delhi Daredevils,Sunrisers Hyderabad,SS Iyer,JP Duminy,KV Sharma,6,0,,,,,,,,,
829731,2015,2015-04-18,Dr. Y.S. Rajasekhara Reddy ACA-VDCA Cricket Stadium,1,9.5,Delhi Daredevils,Sunrisers Hyderabad,SS Iyer,JP Duminy,KV Sharma,0,0,,,,,,,,,
829731,2015,2015-04-18,Dr. Y.S. Rajasekhara Reddy ACA-VDCA Cricket Stadium,1,9.6,Delhi Daredevils,Sunrisers Hyderabad,SS Iyer,JP Duminy,KV Sharma,0,0,,,,,,,,,
829731,2015,2015-04-18,Dr. Y.S. Rajasekhara Reddy ACA-VDCA Cricket Stadium,1,10.1,Delhi Daredevils,Sunrisers Hyderabad,JP Duminy,SS Iyer,A Ashish Reddy,1,0,,,,,,,,,
829731,2015,2015-04-18,Dr. Y.S. Rajasekhara Reddy ACA-VDCA Cricket Stadium,1,10.2,Delhi Daredevils,Sunrisers Hyderabad,SS Iyer,JP Duminy,A Ashish Reddy,0,0,,,,,,,,,
829731,2015,2015-04-18,Dr. Y.S. Rajasekhara Reddy ACA-VDCA Cricket Stadium,1,10.3,Delhi Daredevils,Sunrisers Hyderabad,SS Iyer,JP Duminy,A Ashish Reddy,0,1,1,,,,,,,,
829731,2015,2015-04-18,Dr. Y.S. Rajasekhara Reddy ACA-VDCA Cricket Stadium,1,10.4,Delhi Daredevils,Sunrisers Hyderabad,SS Iyer,JP Duminy,A Ashish Reddy,2,0,,,,,,,,,
829731,2015,2015-04-18,Dr. Y.S. Rajasekhara Reddy ACA-VDCA Cricket Stadium,1,10.5,Delhi Daredevils,Sunrisers Hyderabad,SS Iyer,JP Duminy,A Ashish Reddy,6,0,,,,,,,,,
829731,2015,2015-04-18,Dr. Y.S. Rajasekhara Reddy ACA-VDCA Cricket Stadium,1,10.6,Delhi Daredevils,Sunrisers Hyderabad,SS Iyer,JP Duminy,A Ashish Reddy,1,0,,,,,,,,,
829731,2015,2015-04-18,Dr. Y.S. Rajasekhara Reddy ACA-VDCA Cricket Stadium,1,10.7,Delhi Daredevils,Sunrisers Hyderabad,JP Duminy,SS Iyer,A Ashish Reddy,1,0,,,,,,,,,
829731,2015,2015-04-18,Dr. Y.S. Rajasekhara Reddy ACA-VDCA Cricket Stadium,1,11.1,Delhi Daredevils,Sunrisers Hyderabad,JP Duminy,SS Iyer,P Kumar,1,0,,,,,,,,,
829731,2015,2015-04-18,Dr. Y.S. Rajasekhara Reddy ACA-VDCA Cricket Stadium,1,11.2,Delhi Daredevils,Sunrisers Hyderabad,SS Iyer,JP Duminy,P Kumar,0,0,,,,,,,,,
829731,2015,2015-04-18,Dr. Y.S. Rajasekhara Reddy ACA-VDCA Cricket Stadium,1,11.3,Delhi Daredevils,Sunrisers Hyderabad,SS Iyer,JP Duminy,P Kumar,0,0,,,,,,caught,SS Iyer,,
829731,2015,2015-04-18,Dr. Y.S. Rajasekhara Reddy ACA-VDCA Cricket Stadium,1,11.4,Delhi Daredevils,Sunrisers Hyderabad,JP Duminy,Yuvraj Singh,P Kumar,0,0,,,,,,,,,
829731,2015,2015-04-18,Dr. Y.S. Rajasekhara Reddy ACA-VDCA Cricket Stadium,1,11.5,Delhi Daredevils,Sunrisers Hyderabad,JP Duminy,Yuvraj Singh,P Kumar,1,0,,,,,,,,,
829731,2015,2015-04-18,Dr. Y.S. Rajasekhara Reddy ACA-VDCA Cricket Stadium,1,11.6,Delhi Daredevils,Sunrisers Hyderabad,Yuvraj Singh,JP Duminy,P Kumar,1,0,,,,,,,,,
829731,2015,2015-04-18,Dr. Y.S. Rajasekhara Reddy ACA-VDCA Cricket Stadium,1,12.1,Delhi Daredevils,Sunrisers Hyderabad,Yuvraj Singh,JP Duminy,RS Bopara,1,0,,,,,,,,,
829731,2015,2015-04-18,Dr. Y.S. Rajasekhara Reddy ACA-VDCA Cricket Stadium,1,12.2,Delhi Daredevils,Sunrisers Hyderabad,JP Duminy,Yuvraj Singh,RS Bopara,1,0,,,,,,,,,
829731,2015,2015-04-18,Dr. Y.S. Rajasekhara Reddy ACA-VDCA Cricket Stadium,1,12.3,Delhi Daredevils,Sunrisers Hyderabad,Yuvraj Singh,JP Duminy,RS Bopara,0,0,,,,,,,,,
829731,2015,2015-04-18,Dr. Y.S. Rajasekhara Reddy ACA-VDCA Cricket Stadium,1,12.4,Delhi Daredevils,Sunrisers Hyderabad,Yuvraj Singh,JP Duminy,RS Bopara,1,0,,,,,,,,,
829731,2015,2015-04-18,Dr. Y.S. Rajasekhara Reddy ACA-VDCA Cricket Stadium,1,12.5,Delhi Daredevils,Sunrisers Hyderabad,JP Duminy,Yuvraj Singh,RS Bopara,0,0,,,,,,,,,
829731,2015,2015-04-18,Dr. Y.S. Rajasekhara Reddy ACA-VDCA Cricket Stadium,1,12.6,Delhi Daredevils,Sunrisers Hyderabad,JP Duminy,Yuvraj Singh,RS Bopara,0,1,1,,,,,,,,
829731,2015,2015-04-18,Dr. Y.S. Rajasekhara Reddy ACA-VDCA Cricket Stadium,1,12.7,Delhi Daredevils,Sunrisers Hyderabad,JP Duminy,Yuvraj Singh,RS Bopara,4,0,,,,,,,,,
829731,2015,2015-04-18,Dr. Y.S. Rajasekhara Reddy ACA-VDCA Cricket Stadium,1,13.1,Delhi Daredevils,Sunrisers Hyderabad,Yuvraj Singh,JP Duminy,DW Steyn,0,0,,,,,,,,,
829731,2015,2015-04-18,Dr. Y.S. Rajasekhara Reddy ACA-VDCA Cricket Stadium,1,13.2,Delhi Daredevils,Sunrisers Hyderabad,Yuvraj Singh,JP Duminy,DW Steyn,0,0,,,,,,,,,
829731,2015,2015-04-18,Dr. Y.S. Rajasekhara Reddy ACA-VDCA Cricket Stadium,1,13.3,Delhi Daredevils,Sunrisers Hyderabad,Yuvraj Singh,JP Duminy,DW Steyn,1,0,,,,,,,,,
829731,2015,2015-04-18,Dr. Y.S. Rajasekhara Reddy ACA-VDCA Cricket Stadium,1,13.4,Delhi Daredevils,Sunrisers Hyderabad,JP Duminy,Yuvraj Singh,DW Steyn,1,0,,,,,,,,,
829731,2015,2015-04-18,Dr. Y.S. Rajasekhara Reddy ACA-VDCA Cricket Stadium,1,13.5,Delhi Daredevils,Sunrisers Hyderabad,Yuvraj Singh,JP Duminy,DW Steyn,0,1,,,,1,,,,,
829731,2015,2015-04-18,Dr. Y.S. Rajasekhara Reddy ACA-VDCA Cricket Stadium,1,13.6,Delhi Daredevils,Sunrisers Hyderabad,JP Duminy,Yuvraj Singh,DW Steyn,0,0,,,,,,,,,
829731,2015,2015-04-18,Dr. Y.S. Rajasekhara Reddy ACA-VDCA Cricket Stadium,1,14.1,Delhi Daredevils,Sunrisers Hyderabad,Yuvraj Singh,JP Duminy,RS Bopara,1,0,,,,,,,,,
829731,2015,2015-04-18,Dr. Y.S. Rajasekhara Reddy ACA-VDCA Cricket Stadium,1,14.2,Delhi Daredevils,Sunrisers Hyderabad,JP Duminy,Yuvraj Singh,RS Bopara,4,0,,,,,,,,,
829731,2015,2015-04-18,Dr. Y.S. Rajasekhara Reddy ACA-VDCA Cricket Stadium,1,14.3,Delhi Daredevils,Sunrisers Hyderabad,JP Duminy,Yuvraj Singh,RS Bopara,0,0,,,,,,,,,
829731,2015,2015-04-18,Dr. Y.S. Rajasekhara Reddy ACA-VDCA Cricket Stadium,1,14.4,Delhi Daredevils,Sunrisers Hyderabad,JP Duminy,Yuvraj Singh,RS Bopara,0,0,,,,,,,,,
829731,2015,2015-04-18,Dr. Y.S. Rajasekhara Reddy ACA-VDCA Cricket Stadium,1,14.5,Delhi Daredevils,Sunrisers Hyderabad,JP Duminy,Yuvraj Singh,RS Bopara,4,0,,,,,,,,,
829731,2015,2015-04-18,Dr. Y.S. Rajasekhara Reddy ACA-VDCA Cricket Stadium,1,14.6,Delhi Daredevils,Sunrisers Hyderabad,JP Duminy,Yuvraj Singh,RS Bopara,6,0,,,,,,,,,
829731,2015,2015-04-18,Dr. Y.S. Rajasekhara Reddy ACA-VDCA Cricket Stadium,1,15.1,Delhi Daredevils,Sunrisers Hyderabad,Yuvraj Singh,JP Duminy,DW Steyn,1,0,,,,,,,,,
829731,2015,2015-04-18,Dr. Y.S. Rajasekhara Reddy ACA-VDCA Cricket Stadium,1,15.2,Delhi Daredevils,Sunrisers Hyderabad,JP Duminy,Yuvraj Singh,DW Steyn,6,0,,,,,,,,,
829731,2015,2015-04-18,Dr. Y.S. Rajasekhara Reddy ACA-VDCA Cricket Stadium,1,15.3,Delhi Daredevils,Sunrisers Hyderabad,JP Duminy,Yuvraj Singh,DW Steyn,1,0,,,,,,,,,
829731,2015,2015-04-18,Dr. Y.S. Rajasekhara Reddy ACA-VDCA Cricket Stadium,1,15.4,Delhi Daredevils,Sunrisers Hyderabad,Yuvraj Singh,JP Duminy,DW Steyn,2,0,,,,,,,,,
829731,2015,2015-04-18,Dr. Y.S. Rajasekhara Reddy ACA-VDCA Cricket Stadium,1,15.5,Delhi Daredevils,Sunrisers Hyderabad,Yuvraj Singh,JP Duminy,DW Steyn,1,0,,,,,,,,,
829731,2015,2015-04-18,Dr. Y.S. Rajasekhara Reddy ACA-VDCA Cricket Stadium,1,15.6,Delhi Daredevils,Sunrisers Hyderabad,JP Duminy,Yuvraj Singh,DW Steyn,0,0,,,,,,bowled,JP Duminy,,
829731,2015,2015-04-18,Dr. Y.S. Rajasekhara Reddy ACA-VDCA Cricket Stadium,1,16.1,Delhi Daredevils,Sunrisers Hyderabad,Yuvraj Singh,AD Mathews,A Ashish Reddy,0,0,,,,,,caught,Yuvraj Singh,,
829731,2015,2015-04-18,Dr. Y.S. Rajasekhara Reddy ACA-VDCA Cricket Stadium,1,16.2,Delhi Daredevils,Sunrisers Hyderabad,KM Jadhav,AD Mathews,A Ashish Reddy,0,1,,,1,,,,,,
829731,2015,2015-04-18,Dr. Y.S. Rajasekhara Reddy ACA-VDCA Cricket Stadium,1,16.3,Delhi Daredevils,Sunrisers Hyderabad,AD Mathews,KM Jadhav,A Ashish Reddy,1,0,,,,,,,,,
829731,2015,2015-04-18,Dr. Y.S. Rajasekhara Reddy ACA-VDCA Cricket Stadium,1,16.4,Delhi Daredevils,Sunrisers Hyderabad,KM Jadhav,AD Mathews,A Ashish Reddy,0,0,,,,,,,,,
829731,2015,2015-04-18,Dr. Y.S. Rajasekhara Reddy ACA-VDCA Cricket Stadium,1,16.5,Delhi Daredevils,Sunrisers Hyderabad,KM Jadhav,AD Mathews,A Ashish Reddy,1,0,,,,,,,,,
829731,2015,2015-04-18,Dr. Y.S. Rajasekhara Reddy ACA-VDCA Cricket Stadium,1,16.6,Delhi Daredevils,Sunrisers Hyderabad,AD Mathews,KM Jadhav,A Ashish Reddy,1,0,,,,,,,,,
829731,2015,2015-04-18,Dr. Y.S. Rajasekhara Reddy ACA-VDCA Cricket Stadium,1,17.1,Delhi Daredevils,Sunrisers Hyderabad,AD Mathews,KM Jadhav,B Kumar,1,0,,,,,,,,,
829731,2015,2015-04-18,Dr. Y.S. Rajasekhara Reddy ACA-VDCA Cricket Stadium,1,17.2,Delhi Daredevils,Sunrisers Hyderabad,KM Jadhav,AD Mathews,B Kumar,2,0,,,,,,,,,
829731,2015,2015-04-18,Dr. Y.S. Rajasekhara Reddy ACA-VDCA Cricket Stadium,1,17.3,Delhi Daredevils,Sunrisers Hyderabad,KM Jadhav,AD Mathews,B Kumar,1,0,,,,,,,,,
829731,2015,2015-04-18,Dr. Y.S. Rajasekhara Reddy ACA-VDCA Cricket Stadium,1,17.4,Delhi Daredevils,Sunrisers Hyderabad,AD Mathews,KM Jadhav,B Kumar,0,0,,,,,,,,,
829731,2015,2015-04-18,Dr. Y.S. Rajasekhara Reddy ACA-VDCA Cricket Stadium,1,17.5,Delhi Daredevils,Sunrisers Hyderabad,AD Mathews,KM Jadhav,B Kumar,1,0,,,,,,,,,
829731,2015,2015-04-18,Dr. Y.S. Rajasekhara Reddy ACA-VDCA Cricket Stadium,1,17.6,Delhi Daredevils,Sunrisers Hyderabad,KM Jadhav,AD Mathews,B Kumar,1,0,,,,,,,,,
829731,2015,2015-04-18,Dr. Y.S. Rajasekhara Reddy ACA-VDCA Cricket Stadium,1,18.1,Delhi Daredevils,Sunrisers Hyderabad,KM Jadhav,AD Mathews,P Kumar,1,0,,,,,,,,,
829731,2015,2015-04-18,Dr. Y.S. Rajasekhara Reddy ACA-VDCA Cricket Stadium,1,18.2,Delhi Daredevils,Sunrisers Hyderabad,AD Mathews,KM Jadhav,P Kumar,1,0,,,,,,,,,
829731,2015,2015-04-18,Dr. Y.S. Rajasekhara Reddy ACA-VDCA Cricket Stadium,1,18.3,Delhi Daredevils,Sunrisers Hyderabad,KM Jadhav,AD Mathews,P Kumar,1,0,,,,,,,,,
829731,2015,2015-04-18,Dr. Y.S. Rajasekhara Reddy ACA-VDCA Cricket Stadium,1,18.4,Delhi Daredevils,Sunrisers Hyderabad,AD Mathews,KM Jadhav,P Kumar,6,0,,,,,,,,,
829731,2015,2015-04-18,Dr. Y.S. Rajasekhara Reddy ACA-VDCA Cricket Stadium,1,18.5,Delhi Daredevils,Sunrisers Hyderabad,AD Mathews,KM Jadhav,P Kumar,1,0,,,,,,,,,
829731,2015,2015-04-18,Dr. Y.S. Rajasekhara Reddy ACA-VDCA Cricket Stadium,1,18.6,Delhi Daredevils,Sunrisers Hyderabad,KM Jadhav,AD Mathews,P Kumar,6,0,,,,,,,,,
829731,2015,2015-04-18,Dr. Y.S. Rajasekhara Reddy ACA-VDCA Cricket Stadium,1,19.1,Delhi Daredevils,Sunrisers Hyderabad,AD Mathews,KM Jadhav,B Kumar,1,0,,,,,,,,,
829731,2015,2015-04-18,Dr. Y.S. Rajasekhara Reddy ACA-VDCA Cricket Stadium,1,19.2,Delhi Daredevils,Sunrisers Hyderabad,KM Jadhav,AD Mathews,B Kumar,1,0,,,,,,,,,
829731,2015,2015-04-18,Dr. Y.S. Rajasekhara Reddy ACA-VDCA Cricket Stadium,1,19.3,Delhi Daredevils,Sunrisers Hyderabad,AD Mathews,KM Jadhav,B Kumar,1,0,,,,,,,,,
829731,2015,2015-04-18,Dr. Y.S. Rajasekhara Reddy ACA-VDCA Cricket Stadium,1,19.4,Delhi Daredevils,Sunrisers Hyderabad,KM Jadhav,AD Mathews,B Kumar,1,0,,,,,,,,,
829731,2015,2015-04-18,Dr. Y.S. Rajasekhara Reddy ACA-VDCA Cricket Stadium,1,19.5,Delhi Daredevils,Sunrisers Hyderabad,AD Mathews,KM Jadhav,B Kumar,1,0,,,,,,,,,
829731,2015,2015-04-18,Dr. Y.S. Rajasekhara Reddy ACA-VDCA Cricket Stadium,1,19.6,Delhi Daredevils,Sunrisers Hyderabad,KM Jadhav,AD Mathews,B Kumar,4,0,,,,,,,,,
829731,2015,2015-04-18,Dr. Y.S. Rajasekhara Reddy ACA-VDCA Cricket Stadium,2,0.1,Sunrisers Hyderabad,Delhi Daredevils,DA Warner,S Dhawan,NM Coulter-Nile,0,0,,,,,,,,,
829731,2015,2015-04-18,Dr. Y.S. Rajasekhara Reddy ACA-VDCA Cricket Stadium,2,0.2,Sunrisers Hyderabad,Delhi Daredevils,DA Warner,S Dhawan,NM Coulter-Nile,0,0,,,,,,,,,
829731,2015,2015-04-18,Dr. Y.S. Rajasekhara Reddy ACA-VDCA Cricket Stadium,2,0.3,Sunrisers Hyderabad,Delhi Daredevils,DA Warner,S Dhawan,NM Coulter-Nile,0,0,,,,,,,,,
829731,2015,2015-04-18,Dr. Y.S. Rajasekhara Reddy ACA-VDCA Cricket Stadium,2,0.4,Sunrisers Hyderabad,Delhi Daredevils,DA Warner,S Dhawan,NM Coulter-Nile,1,0,,,,,,,,,
829731,2015,2015-04-18,Dr. Y.S. Rajasekhara Reddy ACA-VDCA Cricket Stadium,2,0.5,Sunrisers Hyderabad,Delhi Daredevils,S Dhawan,DA Warner,NM Coulter-Nile,0,0,,,,,,,,,
829731,2015,2015-04-18,Dr. Y.S. Rajasekhara Reddy ACA-VDCA Cricket Stadium,2,0.6,Sunrisers Hyderabad,Delhi Daredevils,S Dhawan,DA Warner,NM Coulter-Nile,2,0,,,,,,,,,
829731,2015,2015-04-18,Dr. Y.S. Rajasekhara Reddy ACA-VDCA Cricket Stadium,2,1.1,Sunrisers Hyderabad,Delhi Daredevils,DA Warner,S Dhawan,JP Duminy,0,2,,,2,,,,,,
829731,2015,2015-04-18,Dr. Y.S. Rajasekhara Reddy ACA-VDCA Cricket Stadium,2,1.2,Sunrisers Hyderabad,Delhi Daredevils,DA Warner,S Dhawan,JP Duminy,1,0,,,,,,,,,
829731,2015,2015-04-18,Dr. Y.S. Rajasekhara Reddy ACA-VDCA Cricket Stadium,2,1.3,Sunrisers Hyderabad,Delhi Daredevils,S Dhawan,DA Warner,JP Duminy,1,0,,,,,,,,,
829731,2015,2015-04-18,Dr. Y.S. Rajasekhara Reddy ACA-VDCA Cricket Stadium,2,1.4,Sunrisers Hyderabad,Delhi Daredevils,DA Warner,S Dhawan,JP Duminy,0,0,,,,,,,,,
829731,2015,2015-04-18,Dr. Y.S. Rajasekhara Reddy ACA-VDCA Cricket Stadium,2,1.5,Sunrisers Hyderabad,Delhi Daredevils,DA Warner,S Dhawan,JP Duminy,0,1,1,,,,,,,,
829731,2015,2015-04-18,Dr. Y.S. Rajasekhara Reddy ACA-VDCA Cricket Stadium,2,1.6,Sunrisers Hyderabad,Delhi Daredevils,DA Warner,S Dhawan,JP Duminy,1,0,,,,,,,,,
829731,2015,2015-04-18,Dr. Y.S. Rajasekhara Reddy ACA-VDCA Cricket Stadium,2,1.7,Sunrisers Hyderabad,Delhi Daredevils,S Dhawan,DA Warner,JP Duminy,1,0,,,,,,,,,
829731,2015,2015-04-18,Dr. Y.S. Rajasekhara Reddy ACA-VDCA Cricket Stadium,2,2.1,Sunrisers Hyderabad,Delhi Daredevils,S Dhawan,DA Warner,NM Coulter-Nile,1,0,,,,,,,,,
829731,2015,2015-04-18,Dr. Y.S. Rajasekhara Reddy ACA-VDCA Cricket Stadium,2,2.2,Sunrisers Hyderabad,Delhi Daredevils,DA Warner,S Dhawan,NM Coulter-Nile,2,0,,,,,,,,,
829731,2015,2015-04-18,Dr. Y.S. Rajasekhara Reddy ACA-VDCA Cricket Stadium,2,2.3,Sunrisers Hyderabad,Delhi Daredevils,DA Warner,S Dhawan,NM Coulter-Nile,1,0,,,,,,,,,
829731,2015,2015-04-18,Dr. Y.S. Rajasekhara Reddy ACA-VDCA Cricket Stadium,2,2.4,Sunrisers Hyderabad,Delhi Daredevils,S Dhawan,DA Warner,NM Coulter-Nile,0,0,,,,,,,,,
829731,2015,2015-04-18,Dr. Y.S. Rajasekhara Reddy ACA-VDCA Cricket Stadium,2,2.5,Sunrisers Hyderabad,Delhi Daredevils,S Dhawan,DA Warner,NM Coulter-Nile,1,0,,,,,,,,,
829731,2015,2015-04-18,Dr. Y.S. Rajasekhara Reddy ACA-VDCA Cricket Stadium,2,2.6,Sunrisers Hyderabad,Delhi Daredevils,DA Warner,S Dhawan,NM Coulter-Nile,2,0,,,,,,,,,
829731,2015,2015-04-18,Dr. Y.S. Rajasekhara Reddy ACA-VDCA Cricket Stadium,2,3.1,Sunrisers Hyderabad,Delhi Daredevils,S Dhawan,DA Warner,DJ Muthuswami,0,0,,,,,,,,,
829731,2015,2015-04-18,Dr. Y.S. Rajasekhara Reddy ACA-VDCA Cricket Stadium,2,3.2,Sunrisers Hyderabad,Delhi Daredevils,S Dhawan,DA Warner,DJ Muthuswami,0,0,,,,,,,,,
829731,2015,2015-04-18,Dr. Y.S. Rajasekhara Reddy ACA-VDCA Cricket Stadium,2,3.3,Sunrisers Hyderabad,Delhi Daredevils,S Dhawan,DA Warner,DJ Muthuswami,0,0,,,,,,,,,
829731,2015,2015-04-18,Dr. Y.S. Rajasekhara Reddy ACA-VDCA Cricket Stadium,2,3.4,Sunrisers Hyderabad,Delhi Daredevils,S Dhawan,DA Warner,DJ Muthuswami,0,1,,,,1,,,,,
829731,2015,2015-04-18,Dr. Y.S. Rajasekhara Reddy ACA-VDCA Cricket Stadium,2,3.5,Sunrisers Hyderabad,Delhi Daredevils,DA Warner,S Dhawan,DJ Muthuswami,2,0,,,,,,,,,
829731,2015,2015-04-18,Dr. Y.S. Rajasekhara Reddy ACA-VDCA Cricket Stadium,2,3.6,Sunrisers Hyderabad,Delhi Daredevils,DA Warner,S Dhawan,DJ Muthuswami,0,0,,,,,,,,,
829731,2015,2015-04-18,Dr. Y.S. Rajasekhara Reddy ACA-VDCA Cricket Stadium,2,4.1,Sunrisers Hyderabad,Delhi Daredevils,S Dhawan,DA Warner,AD Mathews,4,0,,,,,,,,,
829731,2015,2015-04-18,Dr. Y.S. Rajasekhara Reddy ACA-VDCA Cricket Stadium,2,4.2,Sunrisers Hyderabad,Delhi Daredevils,S Dhawan,DA Warner,AD Mathews,0,0,,,,,,,,,
829731,2015,2015-04-18,Dr. Y.S. Rajasekhara Reddy ACA-VDCA Cricket Stadium,2,4.3,Sunrisers Hyderabad,Delhi Daredevils,S Dhawan,DA Warner,AD Mathews,4,0,,,,,,,,,
829731,2015,2015-04-18,Dr. Y.S. Rajasekhara Reddy ACA-VDCA Cricket Stadium,2,4.4,Sunrisers Hyderabad,Delhi Daredevils,S Dhawan,DA Warner,AD Mathews,0,0,,,,,,,,,
829731,2015,2015-04-18,Dr. Y.S. Rajasekhara Reddy ACA-VDCA Cricket Stadium,2,4.5,Sunrisers Hyderabad,Delhi Daredevils,S Dhawan,DA Warner,AD Mathews,4,0,,,,,,,,,
829731,2015,2015-04-18,Dr. Y.S. Rajasekhara Reddy ACA-VDCA Cricket Stadium,2,4.6,Sunrisers Hyderabad,Delhi Daredevils,S Dhawan,DA Warner,AD Mathews,0,0,,,,,,,,,
829731,2015,2015-04-18,Dr. Y.S. Rajasekhara Reddy ACA-VDCA Cricket Stadium,2,5.1,Sunrisers Hyderabad,Delhi Daredevils,DA Warner,S Dhawan,DJ Muthuswami,4,0,,,,,,,,,
829731,2015,2015-04-18,Dr. Y.S. Rajasekhara Reddy ACA-VDCA Cricket Stadium,2,5.2,Sunrisers Hyderabad,Delhi Daredevils,DA Warner,S Dhawan,DJ Muthuswami,0,0,,,,,,,,,
829731,2015,2015-04-18,Dr. Y.S. Rajasekhara Reddy ACA-VDCA Cricket Stadium,2,5.3,Sunrisers Hyderabad,Delhi Daredevils,DA Warner,S Dhawan,DJ Muthuswami,4,0,,,,,,,,,
829731,2015,2015-04-18,Dr. Y.S. Rajasekhara Reddy ACA-VDCA Cricket Stadium,2,5.4,Sunrisers Hyderabad,Delhi Daredevils,DA Warner,S Dhawan,DJ Muthuswami,4,0,,,,,,,,,
829731,2015,2015-04-18,Dr. Y.S. Rajasekhara Reddy ACA-VDCA Cricket Stadium,2,5.5,Sunrisers Hyderabad,Delhi Daredevils,DA Warner,S Dhawan,DJ Muthuswami,2,0,,,,,,,,,
829731,2015,2015-04-18,Dr. Y.S. Rajasekhara Reddy ACA-VDCA Cricket Stadium,2,5.6,Sunrisers Hyderabad,Delhi Daredevils,DA Warner,S Dhawan,DJ Muthuswami,4,0,,,,,,,,,
829731,2015,2015-04-18,Dr. Y.S. Rajasekhara Reddy ACA-VDCA Cricket Stadium,2,6.1,Sunrisers Hyderabad,Delhi Daredevils,S Dhawan,DA Warner,JP Duminy,0,0,,,,,,bowled,S Dhawan,,
829731,2015,2015-04-18,Dr. Y.S. Rajasekhara Reddy ACA-VDCA Cricket Stadium,2,6.2,Sunrisers Hyderabad,Delhi Daredevils,RS Bopara,DA Warner,JP Duminy,1,0,,,,,,,,,
829731,2015,2015-04-18,Dr. Y.S. Rajasekhara Reddy ACA-VDCA Cricket Stadium,2,6.3,Sunrisers Hyderabad,Delhi Daredevils,DA Warner,RS Bopara,JP Duminy,0,0,,,,,,caught and bowled,DA Warner,,
829731,2015,2015-04-18,Dr. Y.S. Rajasekhara Reddy ACA-VDCA Cricket Stadium,2,6.4,Sunrisers Hyderabad,Delhi Daredevils,KL Rahul,RS Bopara,JP Duminy,0,0,,,,,,,,,
829731,2015,2015-04-18,Dr. Y.S. Rajasekhara Reddy ACA-VDCA Cricket Stadium,2,6.5,Sunrisers Hyderabad,Delhi Daredevils,KL Rahul,RS Bopara,JP Duminy,1,0,,,,,,,,,
829731,2015,2015-04-18,Dr. Y.S. Rajasekhara Reddy ACA-VDCA Cricket Stadium,2,6.6,Sunrisers Hyderabad,Delhi Daredevils,RS Bopara,KL Rahul,JP Duminy,1,0,,,,,,,,,
829731,2015,2015-04-18,Dr. Y.S. Rajasekhara Reddy ACA-VDCA Cricket Stadium,2,7.1,Sunrisers Hyderabad,Delhi Daredevils,RS Bopara,KL Rahul,Imran Tahir,0,0,,,,,,,,,
829731,2015,2015-04-18,Dr. Y.S. Rajasekhara Reddy ACA-VDCA Cricket Stadium,2,7.2,Sunrisers Hyderabad,Delhi Daredevils,RS Bopara,KL Rahul,Imran Tahir,1,0,,,,,,,,,
829731,2015,2015-04-18,Dr. Y.S. Rajasekhara Reddy ACA-VDCA Cricket Stadium,2,7.3,Sunrisers Hyderabad,Delhi Daredevils,KL Rahul,RS Bopara,Imran Tahir,0,0,,,,,,,,,
829731,2015,2015-04-18,Dr. Y.S. Rajasekhara Reddy ACA-VDCA Cricket Stadium,2,7.4,Sunrisers Hyderabad,Delhi Daredevils,KL Rahul,RS Bopara,Imran Tahir,0,0,,,,,,,,,
829731,2015,2015-04-18,Dr. Y.S. Rajasekhara Reddy ACA-VDCA Cricket Stadium,2,7.5,Sunrisers Hyderabad,Delhi Daredevils,KL Rahul,RS Bopara,Imran Tahir,1,0,,,,,,,,,
829731,2015,2015-04-18,Dr. Y.S. Rajasekhara Reddy ACA-VDCA Cricket Stadium,2,7.6,Sunrisers Hyderabad,Delhi Daredevils,RS Bopara,KL Rahul,Imran Tahir,0,0,,,,,,,,,
829731,2015,2015-04-18,Dr. Y.S. Rajasekhara Reddy ACA-VDCA Cricket Stadium,2,8.1,Sunrisers Hyderabad,Delhi Daredevils,KL Rahul,RS Bopara,A Mishra,1,0,,,,,,,,,
829731,2015,2015-04-18,Dr. Y.S. Rajasekhara Reddy ACA-VDCA Cricket Stadium,2,8.2,Sunrisers Hyderabad,Delhi Daredevils,RS Bopara,KL Rahul,A Mishra,0,0,,,,,,,,,
829731,2015,2015-04-18,Dr. Y.S. Rajasekhara Reddy ACA-VDCA Cricket Stadium,2,8.3,Sunrisers Hyderabad,Delhi Daredevils,RS Bopara,KL Rahul,A Mishra,1,0,,,,,,,,,
829731,2015,2015-04-18,Dr. Y.S. Rajasekhara Reddy ACA-VDCA Cricket Stadium,2,8.4,Sunrisers Hyderabad,Delhi Daredevils,KL Rahul,RS Bopara,A Mishra,0,0,,,,,,,,,
829731,2015,2015-04-18,Dr. Y.S. Rajasekhara Reddy ACA-VDCA Cricket Stadium,2,8.5,Sunrisers Hyderabad,Delhi Daredevils,KL Rahul,RS Bopara,A Mishra,1,0,,,,,,,,,
829731,2015,2015-04-18,Dr. Y.S. Rajasekhara Reddy ACA-VDCA Cricket Stadium,2,8.6,Sunrisers Hyderabad,Delhi Daredevils,RS Bopara,KL Rahul,A Mishra,1,0,,,,,,,,,
829731,2015,2015-04-18,Dr. Y.S. Rajasekhara Reddy ACA-VDCA Cricket Stadium,2,9.1,Sunrisers Hyderabad,Delhi Daredevils,RS Bopara,KL Rahul,Yuvraj Singh,1,0,,,,,,,,,
829731,2015,2015-04-18,Dr. Y.S. Rajasekhara Reddy ACA-VDCA Cricket Stadium,2,9.2,Sunrisers Hyderabad,Delhi Daredevils,KL Rahul,RS Bopara,Yuvraj Singh,0,0,,,,,,,,,
829731,2015,2015-04-18,Dr. Y.S. Rajasekhara Reddy ACA-VDCA Cricket Stadium,2,9.3,Sunrisers Hyderabad,Delhi Daredevils,KL Rahul,RS Bopara,Yuvraj Singh,6,0,,,,,,,,,
829731,2015,2015-04-18,Dr. Y.S. Rajasekhara Reddy ACA-VDCA Cricket Stadium,2,9.4,Sunrisers Hyderabad,Delhi Daredevils,KL Rahul,RS Bopara,Yuvraj Singh,1,0,,,,,,,,,
829731,2015,2015-04-18,Dr. Y.S. Rajasekhara Reddy ACA-VDCA Cricket Stadium,2,9.5,Sunrisers Hyderabad,Delhi Daredevils,RS Bopara,KL Rahul,Yuvraj Singh,1,0,,,,,,,,,
829731,2015,2015-04-18,Dr. Y.S. Rajasekhara Reddy ACA-VDCA Cricket Stadium,2,9.6,Sunrisers Hyderabad,Delhi Daredevils,KL Rahul,RS Bopara,Yuvraj Singh,1,0,,,,,,,,,
829731,2015,2015-04-18,Dr. Y.S. Rajasekhara Reddy ACA-VDCA Cricket Stadium,2,10.1,Sunrisers Hyderabad,Delhi Daredevils,KL Rahul,RS Bopara,A Mishra,1,0,,,,,,,,,
829731,2015,2015-04-18,Dr. Y.S. Rajasekhara Reddy ACA-VDCA Cricket Stadium,2,10.2,Sunrisers Hyderabad,Delhi Daredevils,RS Bopara,KL Rahul,A Mishra,1,0,,,,,,,,,
829731,2015,2015-04-18,Dr. Y.S. Rajasekhara Reddy ACA-VDCA Cricket Stadium,2,10.3,Sunrisers Hyderabad,Delhi Daredevils,KL Rahul,RS Bopara,A Mishra,6,0,,,,,,,,,
829731,2015,2015-04-18,Dr. Y.S. Rajasekhara Reddy ACA-VDCA Cricket Stadium,2,10.4,Sunrisers Hyderabad,Delhi Daredevils,KL Rahul,RS Bopara,A Mishra,1,0,,,,,,,,,
829731,2015,2015-04-18,Dr. Y.S. Rajasekhara Reddy ACA-VDCA Cricket Stadium,2,10.5,Sunrisers Hyderabad,Delhi Daredevils,RS Bopara,KL Rahul,A Mishra,0,0,,,,,,,,,
829731,2015,2015-04-18,Dr. Y.S. Rajasekhara Reddy ACA-VDCA Cricket Stadium,2,10.6,Sunrisers Hyderabad,Delhi Daredevils,RS Bopara,KL Rahul,A Mishra,1,0,,,,,,,,,
829731,2015,2015-04-18,Dr. Y.S. Rajasekhara Reddy ACA-VDCA Cricket Stadium,2,11.1,Sunrisers Hyderabad,Delhi Daredevils,RS Bopara,KL Rahul,Imran Tahir,1,0,,,,,,,,,
829731,2015,2015-04-18,Dr. Y.S. Rajasekhara Reddy ACA-VDCA Cricket Stadium,2,11.2,Sunrisers Hyderabad,Delhi Daredevils,KL Rahul,RS Bopara,Imran Tahir,0,0,,,,,,,,,
829731,2015,2015-04-18,Dr. Y.S. Rajasekhara Reddy ACA-VDCA Cricket Stadium,2,11.3,Sunrisers Hyderabad,Delhi Daredevils,KL Rahul,RS Bopara,Imran Tahir,1,0,,,,,,,,,
829731,2015,2015-04-18,Dr. Y.S. Rajasekhara Reddy ACA-VDCA Cricket Stadium,2,11.4,Sunrisers Hyderabad,Delhi Daredevils,RS Bopara,KL Rahul,Imran Tahir,1,0,,,,,,,,,
829731,2015,2015-04-18,Dr. Y.S. Rajasekhara Reddy ACA-VDCA Cricket Stadium,2,11.5,Sunrisers Hyderabad,Delhi Daredevils,KL Rahul,RS Bopara,Imran Tahir,1,0,,,,,,,,,
829731,2015,2015-04-18,Dr. Y.S. Rajasekhara Reddy ACA-VDCA Cricket Stadium,2,11.6,Sunrisers Hyderabad,Delhi Daredevils,RS Bopara,KL Rahul,Imran Tahir,3,0,,,,,,,,,
829731,2015,2015-04-18,Dr. Y.S. Rajasekhara Reddy ACA-VDCA Cricket Stadium,2,12.1,Sunrisers Hyderabad,Delhi Daredevils,RS Bopara,KL Rahul,AD Mathews,1,0,,,,,,,,,
829731,2015,2015-04-18,Dr. Y.S. Rajasekhara Reddy ACA-VDCA Cricket Stadium,2,12.2,Sunrisers Hyderabad,Delhi Daredevils,KL Rahul,RS Bopara,AD Mathews,0,0,,,,,,,,,
829731,2015,2015-04-18,Dr. Y.S. Rajasekhara Reddy ACA-VDCA Cricket Stadium,2,12.3,Sunrisers Hyderabad,Delhi Daredevils,KL Rahul,RS Bopara,AD Mathews,2,0,,,,,,,,,
829731,2015,2015-04-18,Dr. Y.S. Rajasekhara Reddy ACA-VDCA Cricket Stadium,2,12.4,Sunrisers Hyderabad,Delhi Daredevils,KL Rahul,RS Bopara,AD Mathews,0,0,,,,,,bowled,KL Rahul,,
829731,2015,2015-04-18,Dr. Y.S. Rajasekhara Reddy ACA-VDCA Cricket Stadium,2,12.5,Sunrisers Hyderabad,Delhi Daredevils,NV Ojha,RS Bopara,AD Mathews,1,0,,,,,,,,,
829731,2015,2015-04-18,Dr. Y.S. Rajasekhara Reddy ACA-VDCA Cricket Stadium,2,12.6,Sunrisers Hyderabad,Delhi Daredevils,RS Bopara,NV Ojha,AD Mathews,0,0,,,,,,,,,
829731,2015,2015-04-18,Dr. Y.S. Rajasekhara Reddy ACA-VDCA Cricket Stadium,2,13.1,Sunrisers Hyderabad,Delhi Daredevils,NV Ojha,RS Bopara,NM Coulter-Nile,1,0,,,,,,,,,
829731,2015,2015-04-18,Dr. Y.S. Rajasekhara Reddy ACA-VDCA Cricket Stadium,2,13.2,Sunrisers Hyderabad,Delhi Daredevils,RS Bopara,NV Ojha,NM Coulter-Nile,0,0,,,,,,,,,
829731,2015,2015-04-18,Dr. Y.S. Rajasekhara Reddy ACA-VDCA Cricket Stadium,2,13.3,Sunrisers Hyderabad,Delhi Daredevils,RS Bopara,NV Ojha,NM Coulter-Nile,4,0,,,,,,,,,
829731,2015,2015-04-18,Dr. Y.S. Rajasekhara Reddy ACA-VDCA Cricket Stadium,2,13.4,Sunrisers Hyderabad,Delhi Daredevils,RS Bopara,NV Ojha,NM Coulter-Nile,0,0,,,,,,,,,
829731,2015,2015-04-18,Dr. Y.S. Rajasekhara Reddy ACA-VDCA Cricket Stadium,2,13.5,Sunrisers Hyderabad,Delhi Daredevils,RS Bopara,NV Ojha,NM Coulter-Nile,6,0,,,,,,,,,
829731,2015,2015-04-18,Dr. Y.S. Rajasekhara Reddy ACA-VDCA Cricket Stadium,2,13.6,Sunrisers Hyderabad,Delhi Daredevils,RS Bopara,NV Ojha,NM Coulter-Nile,0,0,,,,,,,,,
829731,2015,2015-04-18,Dr. Y.S. Rajasekhara Reddy ACA-VDCA Cricket Stadium,2,14.1,Sunrisers Hyderabad,Delhi Daredevils,NV Ojha,RS Bopara,AD Mathews,1,0,,,,,,,,,
829731,2015,2015-04-18,Dr. Y.S. Rajasekhara Reddy ACA-VDCA Cricket Stadium,2,14.2,Sunrisers Hyderabad,Delhi Daredevils,RS Bopara,NV Ojha,AD Mathews,1,0,,,,,,,,,
829731,2015,2015-04-18,Dr. Y.S. Rajasekhara Reddy ACA-VDCA Cricket Stadium,2,14.3,Sunrisers Hyderabad,Delhi Daredevils,NV Ojha,RS Bopara,AD Mathews,2,0,,,,,,,,,
829731,2015,2015-04-18,Dr. Y.S. Rajasekhara Reddy ACA-VDCA Cricket Stadium,2,14.4,Sunrisers Hyderabad,Delhi Daredevils,NV Ojha,RS Bopara,AD Mathews,4,0,,,,,,,,,
829731,2015,2015-04-18,Dr. Y.S. Rajasekhara Reddy ACA-VDCA Cricket Stadium,2,14.5,Sunrisers Hyderabad,Delhi Daredevils,NV Ojha,RS Bopara,AD Mathews,0,0,,,,,,,,,
829731,2015,2015-04-18,Dr. Y.S. Rajasekhara Reddy ACA-VDCA Cricket Stadium,2,14.6,Sunrisers Hyderabad,Delhi Daredevils,NV Ojha,RS Bopara,AD Mathews,1,0,,,,,,,,,
829731,2015,2015-04-18,Dr. Y.S. Rajasekhara Reddy ACA-VDCA Cricket Stadium,2,15.1,Sunrisers Hyderabad,Delhi Daredevils,NV Ojha,RS Bopara,Imran Tahir,1,0,,,,,,,,,
829731,2015,2015-04-18,Dr. Y.S. Rajasekhara Reddy ACA-VDCA Cricket Stadium,2,15.2,Sunrisers Hyderabad,Delhi Daredevils,RS Bopara,NV Ojha,Imran Tahir,6,0,,,,,,,,,
829731,2015,2015-04-18,Dr. Y.S. Rajasekhara Reddy ACA-VDCA Cricket Stadium,2,15.3,Sunrisers Hyderabad,Delhi Daredevils,RS Bopara,NV Ojha,Imran Tahir,1,0,,,,,,,,,
829731,2015,2015-04-18,Dr. Y.S. Rajasekhara Reddy ACA-VDCA Cricket Stadium,2,15.4,Sunrisers Hyderabad,Delhi Daredevils,NV Ojha,RS Bopara,Imran Tahir,1,0,,,,,,,,,
829731,2015,2015-04-18,Dr. Y.S. Rajasekhara Reddy ACA-VDCA Cricket Stadium,2,15.5,Sunrisers Hyderabad,Delhi Daredevils,RS Bopara,NV Ojha,Imran Tahir,1,0,,,,,,,,,
829731,2015,2015-04-18,Dr. Y.S. Rajasekhara Reddy ACA-VDCA Cricket Stadium,2,15.6,Sunrisers Hyderabad,Delhi Daredevils,NV Ojha,RS Bopara,Imran Tahir,0,0,,,,,,caught,NV Ojha,,
829731,2015,2015-04-18,Dr. Y.S. Rajasekhara Reddy ACA-VDCA Cricket Stadium,2,16.1,Sunrisers Hyderabad,Delhi Daredevils,RS Bopara,EJG Morgan,JP Duminy,6,0,,,,,,,,,
829731,2015,2015-04-18,Dr. Y.S. Rajasekhara Reddy ACA-VDCA Cricket Stadium,2,16.2,Sunrisers Hyderabad,Delhi Daredevils,RS Bopara,EJG Morgan,JP Duminy,1,0,,,,,,,,,
829731,2015,2015-04-18,Dr. Y.S. Rajasekhara Reddy ACA-VDCA Cricket Stadium,2,16.3,Sunrisers Hyderabad,Delhi Daredevils,EJG Morgan,RS Bopara,JP Duminy,1,0,,,,,,,,,
829731,2015,2015-04-18,Dr. Y.S. Rajasekhara Reddy ACA-VDCA Cricket Stadium,2,16.4,Sunrisers Hyderabad,Delhi Daredevils,RS Bopara,EJG Morgan,JP Duminy,0,0,,,,,,caught,RS Bopara,,
829731,2015,2015-04-18,Dr. Y.S. Rajasekhara Reddy ACA-VDCA Cricket Stadium,2,16.5,Sunrisers Hyderabad,Delhi Daredevils,A Ashish Reddy,EJG Morgan,JP Duminy,1,0,,,,,,,,,
829731,2015,2015-04-18,Dr. Y.S. Rajasekhara Reddy ACA-VDCA Cricket Stadium,2,16.6,Sunrisers Hyderabad,Delhi Daredevils,EJG Morgan,A Ashish Reddy,JP Duminy,0,0,,,,,,bowled,EJG Morgan,,
829731,2015,2015-04-18,Dr. Y.S. Rajasekhara Reddy ACA-VDCA Cricket Stadium,2,17.1,Sunrisers Hyderabad,Delhi Daredevils,A Ashish Reddy,KV Sharma,Imran Tahir,1,0,,,,,,,,,
829731,2015,2015-04-18,Dr. Y.S. Rajasekhara Reddy ACA-VDCA Cricket Stadium,2,17.2,Sunrisers Hyderabad,Delhi Daredevils,KV Sharma,A Ashish Reddy,Imran Tahir,1,0,,,,,,,,,
829731,2015,2015-04-18,Dr. Y.S. Rajasekhara Reddy ACA-VDCA Cricket Stadium,2,17.3,Sunrisers Hyderabad,Delhi Daredevils,A Ashish Reddy,KV Sharma,Imran Tahir,1,0,,,,,,,,,
829731,2015,2015-04-18,Dr. Y.S. Rajasekhara Reddy ACA-VDCA Cricket Stadium,2,17.4,Sunrisers Hyderabad,Delhi Daredevils,KV Sharma,A Ashish Reddy,Imran Tahir,6,0,,,,,,,,,
829731,2015,2015-04-18,Dr. Y.S. Rajasekhara Reddy ACA-VDCA Cricket Stadium,2,17.5,Sunrisers Hyderabad,Delhi Daredevils,KV Sharma,A Ashish Reddy,Imran Tahir,6,0,,,,,,,,,
829731,2015,2015-04-18,Dr. Y.S. Rajasekhara Reddy ACA-VDCA Cricket Stadium,2,17.6,Sunrisers Hyderabad,Delhi Daredevils,KV Sharma,A Ashish Reddy,Imran Tahir,1,0,,,,,,,,,
829731,2015,2015-04-18,Dr. Y.S. Rajasekhara Reddy ACA-VDCA Cricket Stadium,2,18.1,Sunrisers Hyderabad,Delhi Daredevils,KV Sharma,A Ashish Reddy,AD Mathews,0,0,,,,,,,,,
829731,2015,2015-04-18,Dr. Y.S. Rajasekhara Reddy ACA-VDCA Cricket Stadium,2,18.2,Sunrisers Hyderabad,Delhi Daredevils,KV Sharma,A Ashish Reddy,AD Mathews,1,0,,,,,,,,,
829731,2015,2015-04-18,Dr. Y.S. Rajasekhara Reddy ACA-VDCA Cricket Stadium,2,18.3,Sunrisers Hyderabad,Delhi Daredevils,A Ashish Reddy,KV Sharma,AD Mathews,4,0,,,,,,,,,
829731,2015,2015-04-18,Dr. Y.S. Rajasekhara Reddy ACA-VDCA Cricket Stadium,2,18.4,Sunrisers Hyderabad,Delhi Daredevils,A Ashish Reddy,KV Sharma,AD Mathews,0,0,,,,,,,,,
829731,2015,2015-04-18,Dr. Y.S. Rajasekhara Reddy ACA-VDCA Cricket Stadium,2,18.5,Sunrisers Hyderabad,Delhi Daredevils,A Ashish Reddy,KV Sharma,AD Mathews,6,0,,,,,,,,,
829731,2015,2015-04-18,Dr. Y.S. Rajasekhara Reddy ACA-VDCA Cricket Stadium,2,18.6,Sunrisers Hyderabad,Delhi Daredevils,A Ashish Reddy,KV Sharma,AD Mathews,2,0,,,,,,,,,
829731,2015,2015-04-18,Dr. Y.S. Rajasekhara Reddy ACA-VDCA Cricket Stadium,2,19.1,Sunrisers Hyderabad,Delhi Daredevils,KV Sharma,A Ashish Reddy,NM Coulter-Nile,1,0,,,,,,,,,
829731,2015,2015-04-18,Dr. Y.S. Rajasekhara Reddy ACA-VDCA Cricket Stadium,2,19.2,Sunrisers Hyderabad,Delhi Daredevils,A Ashish Reddy,KV Sharma,NM Coulter-Nile,0,0,,,,,,run out,A Ashish Reddy,,
829731,2015,2015-04-18,Dr. Y.S. Rajasekhara Reddy ACA-VDCA Cricket Stadium,2,19.3,Sunrisers Hyderabad,Delhi Daredevils,KV Sharma,P Kumar,NM Coulter-Nile,1,0,,,,,,,,,
829731,2015,2015-04-18,Dr. Y.S. Rajasekhara Reddy ACA-VDCA Cricket Stadium,2,19.4,Sunrisers Hyderabad,Delhi Daredevils,P Kumar,KV Sharma,NM Coulter-Nile,1,0,,,,,,,,,
829731,2015,2015-04-18,Dr. Y.S. Rajasekhara Reddy ACA-VDCA Cricket Stadium,2,19.5,Sunrisers Hyderabad,Delhi Daredevils,KV Sharma,P Kumar,NM Coulter-Nile,2,0,,,,,,,,,
829731,2015,2015-04-18,Dr. Y.S. Rajasekhara Reddy ACA-VDCA Cricket Stadium,2,19.6,Sunrisers Hyderabad,Delhi Daredevils,KV Sharma,P Kumar,NM Coulter-Nile,0,0,,,,,,caught,KV Sharma,,
