match_id,season,start_date,venue,innings,ball,batting_team,bowling_team,striker,non_striker,bowler,runs_off_bat,extras,wides,noballs,byes,legbyes,penalty,wicket_type,player_dismissed,other_wicket_type,other_player_dismissed
829765,2015,2015-04-28,"MA Chidambaram Stadium, Chepauk",1,0.1,Chennai Super Kings,Kolkata Knight Riders,DR Smith,BB McCullum,PJ Cummins,0,0,,,,,,,,,
829765,2015,2015-04-28,"MA Chidambaram Stadium, Chepauk",1,0.2,Chennai Super Kings,Kolkata Knight Riders,DR Smith,BB McCullum,PJ Cummins,0,0,,,,,,,,,
829765,2015,2015-04-28,"MA Chidambaram Stadium, Chepauk",1,0.3,Chennai Super Kings,Kolkata Knight Riders,DR Smith,BB McCullum,PJ Cummins,4,0,,,,,,,,,
829765,2015,2015-04-28,"MA Chidambaram Stadium, Chepauk",1,0.4,Chennai Super Kings,Kolkata Knight Riders,DR Smith,BB McCullum,PJ Cummins,0,0,,,,,,,,,
829765,2015,2015-04-28,"MA Chidambaram Stadium, Chepauk",1,0.5,Chennai Super Kings,Kolkata Knight Riders,DR Smith,BB McCullum,PJ Cummins,0,0,,,,,,,,,
829765,2015,2015-04-28,"MA Chidambaram Stadium, Chepauk",1,0.6,Chennai Super Kings,Kolkata Knight Riders,DR Smith,BB McCullum,PJ Cummins,0,0,,,,,,,,,
829765,2015,2015-04-28,"MA Chidambaram Stadium, Chepauk",1,1.1,Chennai Super Kings,Kolkata Knight Riders,BB McCullum,DR Smith,UT Yadav,4,0,,,,,,,,,
829765,2015,2015-04-28,"MA Chidambaram Stadium, Chepauk",1,1.2,Chennai Super Kings,Kolkata Knight Riders,BB McCullum,DR Smith,UT Yadav,0,0,,,,,,,,,
829765,2015,2015-04-28,"MA Chidambaram Stadium, Chepauk",1,1.3,Chennai Super Kings,Kolkata Knight Riders,BB McCullum,DR Smith,UT Yadav,0,1,,,,1,,,,,
829765,2015,2015-04-28,"MA Chidambaram Stadium, Chepauk",1,1.4,Chennai Super Kings,Kolkata Knight Riders,DR Smith,BB McCullum,UT Yadav,1,0,,,,,,,,,
829765,2015,2015-04-28,"MA Chidambaram Stadium, Chepauk",1,1.5,Chennai Super Kings,Kolkata Knight Riders,BB McCullum,DR Smith,UT Yadav,0,0,,,,,,,,,
829765,2015,2015-04-28,"MA Chidambaram Stadium, Chepauk",1,1.6,Chennai Super Kings,Kolkata Knight Riders,BB McCullum,DR Smith,UT Yadav,1,0,,,,,,,,,
829765,2015,2015-04-28,"MA Chidambaram Stadium, Chepauk",1,2.1,Chennai Super Kings,Kolkata Knight Riders,BB McCullum,DR Smith,PJ Cummins,0,0,,,,,,,,,
829765,2015,2015-04-28,"MA Chidambaram Stadium, Chepauk",1,2.2,Chennai Super Kings,Kolkata Knight Riders,BB McCullum,DR Smith,PJ Cummins,0,0,,,,,,,,,
829765,2015,2015-04-28,"MA Chidambaram Stadium, Chepauk",1,2.3,Chennai Super Kings,Kolkata Knight Riders,BB McCullum,DR Smith,PJ Cummins,6,0,,,,,,,,,
829765,2015,2015-04-28,"MA Chidambaram Stadium, Chepauk",1,2.4,Chennai Super Kings,Kolkata Knight Riders,BB McCullum,DR Smith,PJ Cummins,0,1,,,,1,,,,,
829765,2015,2015-04-28,"MA Chidambaram Stadium, Chepauk",1,2.5,Chennai Super Kings,Kolkata Knight Riders,DR Smith,BB McCullum,PJ Cummins,1,0,,,,,,,,,
829765,2015,2015-04-28,"MA Chidambaram Stadium, Chepauk",1,2.6,Chennai Super Kings,Kolkata Knight Riders,BB McCullum,DR Smith,PJ Cummins,4,0,,,,,,,,,
829765,2015,2015-04-28,"MA Chidambaram Stadium, Chepauk",1,3.1,Chennai Super Kings,Kolkata Knight Riders,DR Smith,BB McCullum,UT Yadav,0,1,1,,,,,,,,
829765,2015,2015-04-28,"MA Chidambaram Stadium, Chepauk",1,3.2,Chennai Super Kings,Kolkata Knight Riders,DR Smith,BB McCullum,UT Yadav,0,0,,,,,,,,,
829765,2015,2015-04-28,"MA Chidambaram Stadium, Chepauk",1,3.3,Chennai Super Kings,Kolkata Knight Riders,DR Smith,BB McCullum,UT Yadav,0,0,,,,,,,,,
829765,2015,2015-04-28,"MA Chidambaram Stadium, Chepauk",1,3.4,Chennai Super Kings,Kolkata Knight Riders,DR Smith,BB McCullum,UT Yadav,0,0,,,,,,,,,
829765,2015,2015-04-28,"MA Chidambaram Stadium, Chepauk",1,3.5,Chennai Super Kings,Kolkata Knight Riders,DR Smith,BB McCullum,UT Yadav,6,0,,,,,,,,,
829765,2015,2015-04-28,"MA Chidambaram Stadium, Chepauk",1,3.6,Chennai Super Kings,Kolkata Knight Riders,DR Smith,BB McCullum,UT Yadav,4,0,,,,,,,,,
829765,2015,2015-04-28,"MA Chidambaram Stadium, Chepauk",1,3.7,Chennai Super Kings,Kolkata Knight Riders,DR Smith,BB McCullum,UT Yadav,4,0,,,,,,,,,
829765,2015,2015-04-28,"MA Chidambaram Stadium, Chepauk",1,4.1,Chennai Super Kings,Kolkata Knight Riders,BB McCullum,DR Smith,PP Chawla,0,0,,,,,,,,,
829765,2015,2015-04-28,"MA Chidambaram Stadium, Chepauk",1,4.2,Chennai Super Kings,Kolkata Knight Riders,BB McCullum,DR Smith,PP Chawla,4,0,,,,,,,,,
829765,2015,2015-04-28,"MA Chidambaram Stadium, Chepauk",1,4.3,Chennai Super Kings,Kolkata Knight Riders,BB McCullum,DR Smith,PP Chawla,0,0,,,,,,,,,
829765,2015,2015-04-28,"MA Chidambaram Stadium, Chepauk",1,4.4,Chennai Super Kings,Kolkata Knight Riders,BB McCullum,DR Smith,PP Chawla,0,0,,,,,,lbw,BB McCullum,,
829765,2015,2015-04-28,"MA Chidambaram Stadium, Chepauk",1,4.5,Chennai Super Kings,Kolkata Knight Riders,SK Raina,DR Smith,PP Chawla,0,0,,,,,,,,,
829765,2015,2015-04-28,"MA Chidambaram Stadium, Chepauk",1,4.6,Chennai Super Kings,Kolkata Knight Riders,SK Raina,DR Smith,PP Chawla,6,0,,,,,,,,,
829765,2015,2015-04-28,"MA Chidambaram Stadium, Chepauk",1,5.1,Chennai Super Kings,Kolkata Knight Riders,DR Smith,SK Raina,UT Yadav,1,0,,,,,,,,,
829765,2015,2015-04-28,"MA Chidambaram Stadium, Chepauk",1,5.2,Chennai Super Kings,Kolkata Knight Riders,SK Raina,DR Smith,UT Yadav,0,0,,,,,,,,,
829765,2015,2015-04-28,"MA Chidambaram Stadium, Chepauk",1,5.3,Chennai Super Kings,Kolkata Knight Riders,SK Raina,DR Smith,UT Yadav,0,0,,,,,,,,,
829765,2015,2015-04-28,"MA Chidambaram Stadium, Chepauk",1,5.4,Chennai Super Kings,Kolkata Knight Riders,SK Raina,DR Smith,UT Yadav,4,0,,,,,,,,,
829765,2015,2015-04-28,"MA Chidambaram Stadium, Chepauk",1,5.5,Chennai Super Kings,Kolkata Knight Riders,SK Raina,DR Smith,UT Yadav,0,0,,,,,,,,,
829765,2015,2015-04-28,"MA Chidambaram Stadium, Chepauk",1,5.6,Chennai Super Kings,Kolkata Knight Riders,SK Raina,DR Smith,UT Yadav,0,0,,,,,,,,,
829765,2015,2015-04-28,"MA Chidambaram Stadium, Chepauk",1,6.1,Chennai Super Kings,Kolkata Knight Riders,DR Smith,SK Raina,GB Hogg,1,0,,,,,,,,,
829765,2015,2015-04-28,"MA Chidambaram Stadium, Chepauk",1,6.2,Chennai Super Kings,Kolkata Knight Riders,SK Raina,DR Smith,GB Hogg,0,0,,,,,,,,,
829765,2015,2015-04-28,"MA Chidambaram Stadium, Chepauk",1,6.3,Chennai Super Kings,Kolkata Knight Riders,SK Raina,DR Smith,GB Hogg,0,0,,,,,,,,,
829765,2015,2015-04-28,"MA Chidambaram Stadium, Chepauk",1,6.4,Chennai Super Kings,Kolkata Knight Riders,SK Raina,DR Smith,GB Hogg,0,0,,,,,,,,,
829765,2015,2015-04-28,"MA Chidambaram Stadium, Chepauk",1,6.5,Chennai Super Kings,Kolkata Knight Riders,SK Raina,DR Smith,GB Hogg,0,0,,,,,,,,,
829765,2015,2015-04-28,"MA Chidambaram Stadium, Chepauk",1,6.6,Chennai Super Kings,Kolkata Knight Riders,SK Raina,DR Smith,GB Hogg,1,0,,,,,,,,,
829765,2015,2015-04-28,"MA Chidambaram Stadium, Chepauk",1,7.1,Chennai Super Kings,Kolkata Knight Riders,SK Raina,DR Smith,AD Russell,1,0,,,,,,,,,
829765,2015,2015-04-28,"MA Chidambaram Stadium, Chepauk",1,7.2,Chennai Super Kings,Kolkata Knight Riders,DR Smith,SK Raina,AD Russell,1,0,,,,,,,,,
829765,2015,2015-04-28,"MA Chidambaram Stadium, Chepauk",1,7.3,Chennai Super Kings,Kolkata Knight Riders,SK Raina,DR Smith,AD Russell,0,0,,,,,,,,,
829765,2015,2015-04-28,"MA Chidambaram Stadium, Chepauk",1,7.4,Chennai Super Kings,Kolkata Knight Riders,SK Raina,DR Smith,AD Russell,0,0,,,,,,,,,
829765,2015,2015-04-28,"MA Chidambaram Stadium, Chepauk",1,7.5,Chennai Super Kings,Kolkata Knight Riders,SK Raina,DR Smith,AD Russell,0,0,,,,,,,,,
829765,2015,2015-04-28,"MA Chidambaram Stadium, Chepauk",1,7.6,Chennai Super Kings,Kolkata Knight Riders,SK Raina,DR Smith,AD Russell,4,0,,,,,,,,,
829765,2015,2015-04-28,"MA Chidambaram Stadium, Chepauk",1,8.1,Chennai Super Kings,Kolkata Knight Riders,DR Smith,SK Raina,GB Hogg,1,0,,,,,,,,,
829765,2015,2015-04-28,"MA Chidambaram Stadium, Chepauk",1,8.2,Chennai Super Kings,Kolkata Knight Riders,SK Raina,DR Smith,GB Hogg,1,0,,,,,,,,,
829765,2015,2015-04-28,"MA Chidambaram Stadium, Chepauk",1,8.3,Chennai Super Kings,Kolkata Knight Riders,DR Smith,SK Raina,GB Hogg,1,0,,,,,,,,,
829765,2015,2015-04-28,"MA Chidambaram Stadium, Chepauk",1,8.4,Chennai Super Kings,Kolkata Knight Riders,SK Raina,DR Smith,GB Hogg,0,0,,,,,,run out,DR Smith,,
829765,2015,2015-04-28,"MA Chidambaram Stadium, Chepauk",1,8.5,Chennai Super Kings,Kolkata Knight Riders,F du Plessis,SK Raina,GB Hogg,0,0,,,,,,,,,
829765,2015,2015-04-28,"MA Chidambaram Stadium, Chepauk",1,8.6,Chennai Super Kings,Kolkata Knight Riders,F du Plessis,SK Raina,GB Hogg,1,0,,,,,,,,,
829765,2015,2015-04-28,"MA Chidambaram Stadium, Chepauk",1,9.1,Chennai Super Kings,Kolkata Knight Riders,F du Plessis,SK Raina,AD Russell,1,0,,,,,,,,,
829765,2015,2015-04-28,"MA Chidambaram Stadium, Chepauk",1,9.2,Chennai Super Kings,Kolkata Knight Riders,SK Raina,F du Plessis,AD Russell,0,0,,,,,,,,,
829765,2015,2015-04-28,"MA Chidambaram Stadium, Chepauk",1,9.3,Chennai Super Kings,Kolkata Knight Riders,SK Raina,F du Plessis,AD Russell,0,1,1,,,,,,,,
829765,2015,2015-04-28,"MA Chidambaram Stadium, Chepauk",1,9.4,Chennai Super Kings,Kolkata Knight Riders,SK Raina,F du Plessis,AD Russell,0,0,,,,,,caught,SK Raina,,
829765,2015,2015-04-28,"MA Chidambaram Stadium, Chepauk",1,9.5,Chennai Super Kings,Kolkata Knight Riders,MS Dhoni,F du Plessis,AD Russell,0,1,,,,1,,,,,
829765,2015,2015-04-28,"MA Chidambaram Stadium, Chepauk",1,9.6,Chennai Super Kings,Kolkata Knight Riders,F du Plessis,MS Dhoni,AD Russell,0,1,1,,,,,,,,
829765,2015,2015-04-28,"MA Chidambaram Stadium, Chepauk",1,9.7,Chennai Super Kings,Kolkata Knight Riders,F du Plessis,MS Dhoni,AD Russell,1,0,,,,,,,,,
829765,2015,2015-04-28,"MA Chidambaram Stadium, Chepauk",1,9.8,Chennai Super Kings,Kolkata Knight Riders,MS Dhoni,F du Plessis,AD Russell,0,3,3,,,,,,,,
829765,2015,2015-04-28,"MA Chidambaram Stadium, Chepauk",1,9.9,Chennai Super Kings,Kolkata Knight Riders,MS Dhoni,F du Plessis,AD Russell,0,0,,,,,,,,,
829765,2015,2015-04-28,"MA Chidambaram Stadium, Chepauk",1,10.1,Chennai Super Kings,Kolkata Knight Riders,F du Plessis,MS Dhoni,PP Chawla,2,0,,,,,,,,,
829765,2015,2015-04-28,"MA Chidambaram Stadium, Chepauk",1,10.2,Chennai Super Kings,Kolkata Knight Riders,F du Plessis,MS Dhoni,PP Chawla,1,0,,,,,,,,,
829765,2015,2015-04-28,"MA Chidambaram Stadium, Chepauk",1,10.3,Chennai Super Kings,Kolkata Knight Riders,MS Dhoni,F du Plessis,PP Chawla,1,0,,,,,,,,,
829765,2015,2015-04-28,"MA Chidambaram Stadium, Chepauk",1,10.4,Chennai Super Kings,Kolkata Knight Riders,F du Plessis,MS Dhoni,PP Chawla,0,0,,,,,,,,,
829765,2015,2015-04-28,"MA Chidambaram Stadium, Chepauk",1,10.5,Chennai Super Kings,Kolkata Knight Riders,F du Plessis,MS Dhoni,PP Chawla,1,0,,,,,,,,,
829765,2015,2015-04-28,"MA Chidambaram Stadium, Chepauk",1,10.6,Chennai Super Kings,Kolkata Knight Riders,MS Dhoni,F du Plessis,PP Chawla,1,0,,,,,,,,,
829765,2015,2015-04-28,"MA Chidambaram Stadium, Chepauk",1,11.1,Chennai Super Kings,Kolkata Knight Riders,MS Dhoni,F du Plessis,AD Russell,1,0,,,,,,,,,
829765,2015,2015-04-28,"MA Chidambaram Stadium, Chepauk",1,11.2,Chennai Super Kings,Kolkata Knight Riders,F du Plessis,MS Dhoni,AD Russell,1,0,,,,,,,,,
829765,2015,2015-04-28,"MA Chidambaram Stadium, Chepauk",1,11.3,Chennai Super Kings,Kolkata Knight Riders,MS Dhoni,F du Plessis,AD Russell,0,0,,,,,,caught,MS Dhoni,,
829765,2015,2015-04-28,"MA Chidambaram Stadium, Chepauk",1,11.4,Chennai Super Kings,Kolkata Knight Riders,DJ Bravo,F du Plessis,AD Russell,0,0,,,,,,,,,
829765,2015,2015-04-28,"MA Chidambaram Stadium, Chepauk",1,11.5,Chennai Super Kings,Kolkata Knight Riders,DJ Bravo,F du Plessis,AD Russell,0,0,,,,,,,,,
829765,2015,2015-04-28,"MA Chidambaram Stadium, Chepauk",1,11.6,Chennai Super Kings,Kolkata Knight Riders,DJ Bravo,F du Plessis,AD Russell,4,0,,,,,,,,,
829765,2015,2015-04-28,"MA Chidambaram Stadium, Chepauk",1,12.1,Chennai Super Kings,Kolkata Knight Riders,F du Plessis,DJ Bravo,PP Chawla,1,0,,,,,,,,,
829765,2015,2015-04-28,"MA Chidambaram Stadium, Chepauk",1,12.2,Chennai Super Kings,Kolkata Knight Riders,DJ Bravo,F du Plessis,PP Chawla,1,0,,,,,,,,,
829765,2015,2015-04-28,"MA Chidambaram Stadium, Chepauk",1,12.3,Chennai Super Kings,Kolkata Knight Riders,F du Plessis,DJ Bravo,PP Chawla,1,0,,,,,,,,,
829765,2015,2015-04-28,"MA Chidambaram Stadium, Chepauk",1,12.4,Chennai Super Kings,Kolkata Knight Riders,DJ Bravo,F du Plessis,PP Chawla,0,0,,,,,,,,,
829765,2015,2015-04-28,"MA Chidambaram Stadium, Chepauk",1,12.5,Chennai Super Kings,Kolkata Knight Riders,DJ Bravo,F du Plessis,PP Chawla,0,0,,,,,,,,,
829765,2015,2015-04-28,"MA Chidambaram Stadium, Chepauk",1,12.6,Chennai Super Kings,Kolkata Knight Riders,DJ Bravo,F du Plessis,PP Chawla,0,0,,,,,,caught,DJ Bravo,,
829765,2015,2015-04-28,"MA Chidambaram Stadium, Chepauk",1,13.1,Chennai Super Kings,Kolkata Knight Riders,RA Jadeja,F du Plessis,PJ Cummins,0,0,,,,,,,,,
829765,2015,2015-04-28,"MA Chidambaram Stadium, Chepauk",1,13.2,Chennai Super Kings,Kolkata Knight Riders,RA Jadeja,F du Plessis,PJ Cummins,2,0,,,,,,,,,
829765,2015,2015-04-28,"MA Chidambaram Stadium, Chepauk",1,13.3,Chennai Super Kings,Kolkata Knight Riders,RA Jadeja,F du Plessis,PJ Cummins,0,0,,,,,,,,,
829765,2015,2015-04-28,"MA Chidambaram Stadium, Chepauk",1,13.4,Chennai Super Kings,Kolkata Knight Riders,RA Jadeja,F du Plessis,PJ Cummins,1,0,,,,,,,,,
829765,2015,2015-04-28,"MA Chidambaram Stadium, Chepauk",1,13.5,Chennai Super Kings,Kolkata Knight Riders,F du Plessis,RA Jadeja,PJ Cummins,1,0,,,,,,,,,
829765,2015,2015-04-28,"MA Chidambaram Stadium, Chepauk",1,13.6,Chennai Super Kings,Kolkata Knight Riders,RA Jadeja,F du Plessis,PJ Cummins,0,0,,,,,,,,,
829765,2015,2015-04-28,"MA Chidambaram Stadium, Chepauk",1,14.1,Chennai Super Kings,Kolkata Knight Riders,F du Plessis,RA Jadeja,PP Chawla,1,0,,,,,,,,,
829765,2015,2015-04-28,"MA Chidambaram Stadium, Chepauk",1,14.2,Chennai Super Kings,Kolkata Knight Riders,RA Jadeja,F du Plessis,PP Chawla,1,0,,,,,,,,,
829765,2015,2015-04-28,"MA Chidambaram Stadium, Chepauk",1,14.3,Chennai Super Kings,Kolkata Knight Riders,F du Plessis,RA Jadeja,PP Chawla,2,0,,,,,,,,,
829765,2015,2015-04-28,"MA Chidambaram Stadium, Chepauk",1,14.4,Chennai Super Kings,Kolkata Knight Riders,F du Plessis,RA Jadeja,PP Chawla,1,0,,,,,,,,,
829765,2015,2015-04-28,"MA Chidambaram Stadium, Chepauk",1,14.5,Chennai Super Kings,Kolkata Knight Riders,RA Jadeja,F du Plessis,PP Chawla,2,0,,,,,,,,,
829765,2015,2015-04-28,"MA Chidambaram Stadium, Chepauk",1,14.6,Chennai Super Kings,Kolkata Knight Riders,RA Jadeja,F du Plessis,PP Chawla,0,0,,,,,,,,,
829765,2015,2015-04-28,"MA Chidambaram Stadium, Chepauk",1,15.1,Chennai Super Kings,Kolkata Knight Riders,F du Plessis,RA Jadeja,AD Russell,2,0,,,,,,,,,
829765,2015,2015-04-28,"MA Chidambaram Stadium, Chepauk",1,15.2,Chennai Super Kings,Kolkata Knight Riders,F du Plessis,RA Jadeja,AD Russell,0,1,1,,,,,,,,
829765,2015,2015-04-28,"MA Chidambaram Stadium, Chepauk",1,15.3,Chennai Super Kings,Kolkata Knight Riders,F du Plessis,RA Jadeja,AD Russell,1,0,,,,,,,,,
829765,2015,2015-04-28,"MA Chidambaram Stadium, Chepauk",1,15.4,Chennai Super Kings,Kolkata Knight Riders,RA Jadeja,F du Plessis,AD Russell,0,0,,,,,,,,,
829765,2015,2015-04-28,"MA Chidambaram Stadium, Chepauk",1,15.5,Chennai Super Kings,Kolkata Knight Riders,RA Jadeja,F du Plessis,AD Russell,2,0,,,,,,,,,
829765,2015,2015-04-28,"MA Chidambaram Stadium, Chepauk",1,15.6,Chennai Super Kings,Kolkata Knight Riders,RA Jadeja,F du Plessis,AD Russell,0,0,,,,,,,,,
829765,2015,2015-04-28,"MA Chidambaram Stadium, Chepauk",1,15.7,Chennai Super Kings,Kolkata Knight Riders,RA Jadeja,F du Plessis,AD Russell,1,0,,,,,,,,,
829765,2015,2015-04-28,"MA Chidambaram Stadium, Chepauk",1,16.1,Chennai Super Kings,Kolkata Knight Riders,RA Jadeja,F du Plessis,GB Hogg,1,0,,,,,,,,,
829765,2015,2015-04-28,"MA Chidambaram Stadium, Chepauk",1,16.2,Chennai Super Kings,Kolkata Knight Riders,F du Plessis,RA Jadeja,GB Hogg,4,0,,,,,,,,,
829765,2015,2015-04-28,"MA Chidambaram Stadium, Chepauk",1,16.3,Chennai Super Kings,Kolkata Knight Riders,F du Plessis,RA Jadeja,GB Hogg,1,0,,,,,,,,,
829765,2015,2015-04-28,"MA Chidambaram Stadium, Chepauk",1,16.4,Chennai Super Kings,Kolkata Knight Riders,RA Jadeja,F du Plessis,GB Hogg,1,0,,,,,,,,,
829765,2015,2015-04-28,"MA Chidambaram Stadium, Chepauk",1,16.5,Chennai Super Kings,Kolkata Knight Riders,F du Plessis,RA Jadeja,GB Hogg,1,0,,,,,,,,,
829765,2015,2015-04-28,"MA Chidambaram Stadium, Chepauk",1,16.6,Chennai Super Kings,Kolkata Knight Riders,RA Jadeja,F du Plessis,GB Hogg,1,0,,,,,,,,,
829765,2015,2015-04-28,"MA Chidambaram Stadium, Chepauk",1,17.1,Chennai Super Kings,Kolkata Knight Riders,RA Jadeja,F du Plessis,PJ Cummins,0,0,,,,,,,,,
829765,2015,2015-04-28,"MA Chidambaram Stadium, Chepauk",1,17.2,Chennai Super Kings,Kolkata Knight Riders,RA Jadeja,F du Plessis,PJ Cummins,1,0,,,,,,,,,
829765,2015,2015-04-28,"MA Chidambaram Stadium, Chepauk",1,17.3,Chennai Super Kings,Kolkata Knight Riders,F du Plessis,RA Jadeja,PJ Cummins,1,0,,,,,,,,,
829765,2015,2015-04-28,"MA Chidambaram Stadium, Chepauk",1,17.4,Chennai Super Kings,Kolkata Knight Riders,RA Jadeja,F du Plessis,PJ Cummins,1,0,,,,,,,,,
829765,2015,2015-04-28,"MA Chidambaram Stadium, Chepauk",1,17.5,Chennai Super Kings,Kolkata Knight Riders,F du Plessis,RA Jadeja,PJ Cummins,0,1,1,,,,,,,,
829765,2015,2015-04-28,"MA Chidambaram Stadium, Chepauk",1,17.6,Chennai Super Kings,Kolkata Knight Riders,F du Plessis,RA Jadeja,PJ Cummins,0,0,,,,,,,,,
829765,2015,2015-04-28,"MA Chidambaram Stadium, Chepauk",1,17.7,Chennai Super Kings,Kolkata Knight Riders,F du Plessis,RA Jadeja,PJ Cummins,0,1,1,,,,,,,,
829765,2015,2015-04-28,"MA Chidambaram Stadium, Chepauk",1,17.8,Chennai Super Kings,Kolkata Knight Riders,F du Plessis,RA Jadeja,PJ Cummins,1,0,,,,,,,,,
829765,2015,2015-04-28,"MA Chidambaram Stadium, Chepauk",1,18.1,Chennai Super Kings,Kolkata Knight Riders,F du Plessis,RA Jadeja,GB Hogg,1,0,,,,,,,,,
829765,2015,2015-04-28,"MA Chidambaram Stadium, Chepauk",1,18.2,Chennai Super Kings,Kolkata Knight Riders,RA Jadeja,F du Plessis,GB Hogg,1,0,,,,,,,,,
829765,2015,2015-04-28,"MA Chidambaram Stadium, Chepauk",1,18.3,Chennai Super Kings,Kolkata Knight Riders,F du Plessis,RA Jadeja,GB Hogg,0,0,,,,,,,,,
829765,2015,2015-04-28,"MA Chidambaram Stadium, Chepauk",1,18.4,Chennai Super Kings,Kolkata Knight Riders,F du Plessis,RA Jadeja,GB Hogg,1,0,,,,,,,,,
829765,2015,2015-04-28,"MA Chidambaram Stadium, Chepauk",1,18.5,Chennai Super Kings,Kolkata Knight Riders,RA Jadeja,F du Plessis,GB Hogg,0,0,,,,,,bowled,RA Jadeja,,
829765,2015,2015-04-28,"MA Chidambaram Stadium, Chepauk",1,18.6,Chennai Super Kings,Kolkata Knight Riders,R Ashwin,F du Plessis,GB Hogg,0,0,,,,,,,,,
829765,2015,2015-04-28,"MA Chidambaram Stadium, Chepauk",1,19.1,Chennai Super Kings,Kolkata Knight Riders,F du Plessis,R Ashwin,UT Yadav,0,0,,,,,,,,,
829765,2015,2015-04-28,"MA Chidambaram Stadium, Chepauk",1,19.2,Chennai Super Kings,Kolkata Knight Riders,F du Plessis,R Ashwin,UT Yadav,0,0,,,,,,,,,
829765,2015,2015-04-28,"MA Chidambaram Stadium, Chepauk",1,19.3,Chennai Super Kings,Kolkata Knight Riders,F du Plessis,R Ashwin,UT Yadav,1,0,,,,,,,,,
829765,2015,2015-04-28,"MA Chidambaram Stadium, Chepauk",1,19.4,Chennai Super Kings,Kolkata Knight Riders,R Ashwin,F du Plessis,UT Yadav,4,0,,,,,,,,,
829765,2015,2015-04-28,"MA Chidambaram Stadium, Chepauk",1,19.5,Chennai Super Kings,Kolkata Knight Riders,R Ashwin,F du Plessis,UT Yadav,4,0,,,,,,,,,
829765,2015,2015-04-28,"MA Chidambaram Stadium, Chepauk",1,19.6,Chennai Super Kings,Kolkata Knight Riders,R Ashwin,F du Plessis,UT Yadav,1,0,,,,,,,,,
829765,2015,2015-04-28,"MA Chidambaram Stadium, Chepauk",2,0.1,Kolkata Knight Riders,Chennai Super Kings,RV Uthappa,G Gambhir,IC Pandey,1,0,,,,,,,,,
829765,2015,2015-04-28,"MA Chidambaram Stadium, Chepauk",2,0.2,Kolkata Knight Riders,Chennai Super Kings,G Gambhir,RV Uthappa,IC Pandey,0,0,,,,,,caught,G Gambhir,,
829765,2015,2015-04-28,"MA Chidambaram Stadium, Chepauk",2,0.3,Kolkata Knight Riders,Chennai Super Kings,MK Pandey,RV Uthappa,IC Pandey,0,0,,,,,,,,,
829765,2015,2015-04-28,"MA Chidambaram Stadium, Chepauk",2,0.4,Kolkata Knight Riders,Chennai Super Kings,MK Pandey,RV Uthappa,IC Pandey,4,0,,,,,,,,,
829765,2015,2015-04-28,"MA Chidambaram Stadium, Chepauk",2,0.5,Kolkata Knight Riders,Chennai Super Kings,MK Pandey,RV Uthappa,IC Pandey,0,0,,,,,,,,,
829765,2015,2015-04-28,"MA Chidambaram Stadium, Chepauk",2,0.6,Kolkata Knight Riders,Chennai Super Kings,MK Pandey,RV Uthappa,IC Pandey,0,0,,,,,,,,,
829765,2015,2015-04-28,"MA Chidambaram Stadium, Chepauk",2,1.1,Kolkata Knight Riders,Chennai Super Kings,RV Uthappa,MK Pandey,A Nehra,0,0,,,,,,,,,
829765,2015,2015-04-28,"MA Chidambaram Stadium, Chepauk",2,1.2,Kolkata Knight Riders,Chennai Super Kings,RV Uthappa,MK Pandey,A Nehra,2,0,,,,,,,,,
829765,2015,2015-04-28,"MA Chidambaram Stadium, Chepauk",2,1.3,Kolkata Knight Riders,Chennai Super Kings,RV Uthappa,MK Pandey,A Nehra,3,0,,,,,,,,,
829765,2015,2015-04-28,"MA Chidambaram Stadium, Chepauk",2,1.4,Kolkata Knight Riders,Chennai Super Kings,MK Pandey,RV Uthappa,A Nehra,1,0,,,,,,,,,
829765,2015,2015-04-28,"MA Chidambaram Stadium, Chepauk",2,1.5,Kolkata Knight Riders,Chennai Super Kings,RV Uthappa,MK Pandey,A Nehra,4,0,,,,,,,,,
829765,2015,2015-04-28,"MA Chidambaram Stadium, Chepauk",2,1.6,Kolkata Knight Riders,Chennai Super Kings,RV Uthappa,MK Pandey,A Nehra,0,0,,,,,,,,,
829765,2015,2015-04-28,"MA Chidambaram Stadium, Chepauk",2,2.1,Kolkata Knight Riders,Chennai Super Kings,MK Pandey,RV Uthappa,IC Pandey,1,0,,,,,,,,,
829765,2015,2015-04-28,"MA Chidambaram Stadium, Chepauk",2,2.2,Kolkata Knight Riders,Chennai Super Kings,RV Uthappa,MK Pandey,IC Pandey,6,0,,,,,,,,,
829765,2015,2015-04-28,"MA Chidambaram Stadium, Chepauk",2,2.3,Kolkata Knight Riders,Chennai Super Kings,RV Uthappa,MK Pandey,IC Pandey,0,0,,,,,,,,,
829765,2015,2015-04-28,"MA Chidambaram Stadium, Chepauk",2,2.4,Kolkata Knight Riders,Chennai Super Kings,RV Uthappa,MK Pandey,IC Pandey,4,0,,,,,,,,,
829765,2015,2015-04-28,"MA Chidambaram Stadium, Chepauk",2,2.5,Kolkata Knight Riders,Chennai Super Kings,RV Uthappa,MK Pandey,IC Pandey,0,1,1,,,,,,,,
829765,2015,2015-04-28,"MA Chidambaram Stadium, Chepauk",2,2.6,Kolkata Knight Riders,Chennai Super Kings,RV Uthappa,MK Pandey,IC Pandey,1,0,,,,,,,,,
829765,2015,2015-04-28,"MA Chidambaram Stadium, Chepauk",2,2.7,Kolkata Knight Riders,Chennai Super Kings,MK Pandey,RV Uthappa,IC Pandey,0,0,,,,,,,,,
829765,2015,2015-04-28,"MA Chidambaram Stadium, Chepauk",2,3.1,Kolkata Knight Riders,Chennai Super Kings,RV Uthappa,MK Pandey,MM Sharma,4,0,,,,,,,,,
829765,2015,2015-04-28,"MA Chidambaram Stadium, Chepauk",2,3.2,Kolkata Knight Riders,Chennai Super Kings,RV Uthappa,MK Pandey,MM Sharma,4,0,,,,,,,,,
829765,2015,2015-04-28,"MA Chidambaram Stadium, Chepauk",2,3.3,Kolkata Knight Riders,Chennai Super Kings,RV Uthappa,MK Pandey,MM Sharma,4,0,,,,,,,,,
829765,2015,2015-04-28,"MA Chidambaram Stadium, Chepauk",2,3.4,Kolkata Knight Riders,Chennai Super Kings,RV Uthappa,MK Pandey,MM Sharma,1,0,,,,,,,,,
829765,2015,2015-04-28,"MA Chidambaram Stadium, Chepauk",2,3.5,Kolkata Knight Riders,Chennai Super Kings,MK Pandey,RV Uthappa,MM Sharma,0,0,,,,,,,,,
829765,2015,2015-04-28,"MA Chidambaram Stadium, Chepauk",2,3.6,Kolkata Knight Riders,Chennai Super Kings,MK Pandey,RV Uthappa,MM Sharma,1,0,,,,,,,,,
829765,2015,2015-04-28,"MA Chidambaram Stadium, Chepauk",2,4.1,Kolkata Knight Riders,Chennai Super Kings,MK Pandey,RV Uthappa,A Nehra,0,0,,,,,,,,,
829765,2015,2015-04-28,"MA Chidambaram Stadium, Chepauk",2,4.2,Kolkata Knight Riders,Chennai Super Kings,MK Pandey,RV Uthappa,A Nehra,0,0,,,,,,,,,
829765,2015,2015-04-28,"MA Chidambaram Stadium, Chepauk",2,4.3,Kolkata Knight Riders,Chennai Super Kings,MK Pandey,RV Uthappa,A Nehra,1,0,,,,,,,,,
829765,2015,2015-04-28,"MA Chidambaram Stadium, Chepauk",2,4.4,Kolkata Knight Riders,Chennai Super Kings,RV Uthappa,MK Pandey,A Nehra,4,0,,,,,,,,,
829765,2015,2015-04-28,"MA Chidambaram Stadium, Chepauk",2,4.5,Kolkata Knight Riders,Chennai Super Kings,RV Uthappa,MK Pandey,A Nehra,1,0,,,,,,,,,
829765,2015,2015-04-28,"MA Chidambaram Stadium, Chepauk",2,4.6,Kolkata Knight Riders,Chennai Super Kings,MK Pandey,RV Uthappa,A Nehra,4,0,,,,,,,,,
829765,2015,2015-04-28,"MA Chidambaram Stadium, Chepauk",2,5.1,Kolkata Knight Riders,Chennai Super Kings,RV Uthappa,MK Pandey,R Ashwin,0,0,,,,,,caught,RV Uthappa,,
829765,2015,2015-04-28,"MA Chidambaram Stadium, Chepauk",2,5.2,Kolkata Knight Riders,Chennai Super Kings,SA Yadav,MK Pandey,R Ashwin,1,0,,,,,,,,,
829765,2015,2015-04-28,"MA Chidambaram Stadium, Chepauk",2,5.3,Kolkata Knight Riders,Chennai Super Kings,MK Pandey,SA Yadav,R Ashwin,0,0,,,,,,,,,
829765,2015,2015-04-28,"MA Chidambaram Stadium, Chepauk",2,5.4,Kolkata Knight Riders,Chennai Super Kings,MK Pandey,SA Yadav,R Ashwin,0,0,,,,,,,,,
829765,2015,2015-04-28,"MA Chidambaram Stadium, Chepauk",2,5.5,Kolkata Knight Riders,Chennai Super Kings,MK Pandey,SA Yadav,R Ashwin,0,0,,,,,,,,,
829765,2015,2015-04-28,"MA Chidambaram Stadium, Chepauk",2,5.6,Kolkata Knight Riders,Chennai Super Kings,MK Pandey,SA Yadav,R Ashwin,1,0,,,,,,,,,
829765,2015,2015-04-28,"MA Chidambaram Stadium, Chepauk",2,6.1,Kolkata Knight Riders,Chennai Super Kings,MK Pandey,SA Yadav,RA Jadeja,1,0,,,,,,,,,
829765,2015,2015-04-28,"MA Chidambaram Stadium, Chepauk",2,6.2,Kolkata Knight Riders,Chennai Super Kings,SA Yadav,MK Pandey,RA Jadeja,1,0,,,,,,,,,
829765,2015,2015-04-28,"MA Chidambaram Stadium, Chepauk",2,6.3,Kolkata Knight Riders,Chennai Super Kings,MK Pandey,SA Yadav,RA Jadeja,1,0,,,,,,,,,
829765,2015,2015-04-28,"MA Chidambaram Stadium, Chepauk",2,6.4,Kolkata Knight Riders,Chennai Super Kings,SA Yadav,MK Pandey,RA Jadeja,0,0,,,,,,,,,
829765,2015,2015-04-28,"MA Chidambaram Stadium, Chepauk",2,6.5,Kolkata Knight Riders,Chennai Super Kings,SA Yadav,MK Pandey,RA Jadeja,4,0,,,,,,,,,
829765,2015,2015-04-28,"MA Chidambaram Stadium, Chepauk",2,6.6,Kolkata Knight Riders,Chennai Super Kings,SA Yadav,MK Pandey,RA Jadeja,0,0,,,,,,,,,
829765,2015,2015-04-28,"MA Chidambaram Stadium, Chepauk",2,7.1,Kolkata Knight Riders,Chennai Super Kings,MK Pandey,SA Yadav,R Ashwin,0,0,,,,,,caught,MK Pandey,,
829765,2015,2015-04-28,"MA Chidambaram Stadium, Chepauk",2,7.2,Kolkata Knight Riders,Chennai Super Kings,SA Yadav,YK Pathan,R Ashwin,0,0,,,,,,,,,
829765,2015,2015-04-28,"MA Chidambaram Stadium, Chepauk",2,7.3,Kolkata Knight Riders,Chennai Super Kings,SA Yadav,YK Pathan,R Ashwin,1,0,,,,,,,,,
829765,2015,2015-04-28,"MA Chidambaram Stadium, Chepauk",2,7.4,Kolkata Knight Riders,Chennai Super Kings,YK Pathan,SA Yadav,R Ashwin,0,0,,,,,,,,,
829765,2015,2015-04-28,"MA Chidambaram Stadium, Chepauk",2,7.5,Kolkata Knight Riders,Chennai Super Kings,YK Pathan,SA Yadav,R Ashwin,0,0,,,,,,,,,
829765,2015,2015-04-28,"MA Chidambaram Stadium, Chepauk",2,7.6,Kolkata Knight Riders,Chennai Super Kings,YK Pathan,SA Yadav,R Ashwin,2,0,,,,,,,,,
829765,2015,2015-04-28,"MA Chidambaram Stadium, Chepauk",2,8.1,Kolkata Knight Riders,Chennai Super Kings,SA Yadav,YK Pathan,RA Jadeja,0,0,,,,,,,,,
829765,2015,2015-04-28,"MA Chidambaram Stadium, Chepauk",2,8.2,Kolkata Knight Riders,Chennai Super Kings,SA Yadav,YK Pathan,RA Jadeja,1,0,,,,,,,,,
829765,2015,2015-04-28,"MA Chidambaram Stadium, Chepauk",2,8.3,Kolkata Knight Riders,Chennai Super Kings,YK Pathan,SA Yadav,RA Jadeja,0,0,,,,,,,,,
829765,2015,2015-04-28,"MA Chidambaram Stadium, Chepauk",2,8.4,Kolkata Knight Riders,Chennai Super Kings,YK Pathan,SA Yadav,RA Jadeja,0,0,,,,,,,,,
829765,2015,2015-04-28,"MA Chidambaram Stadium, Chepauk",2,8.5,Kolkata Knight Riders,Chennai Super Kings,YK Pathan,SA Yadav,RA Jadeja,1,0,,,,,,,,,
829765,2015,2015-04-28,"MA Chidambaram Stadium, Chepauk",2,8.6,Kolkata Knight Riders,Chennai Super Kings,SA Yadav,YK Pathan,RA Jadeja,1,0,,,,,,,,,
829765,2015,2015-04-28,"MA Chidambaram Stadium, Chepauk",2,9.1,Kolkata Knight Riders,Chennai Super Kings,SA Yadav,YK Pathan,SK Raina,0,0,,,,,,,,,
829765,2015,2015-04-28,"MA Chidambaram Stadium, Chepauk",2,9.2,Kolkata Knight Riders,Chennai Super Kings,SA Yadav,YK Pathan,SK Raina,0,0,,,,,,,,,
829765,2015,2015-04-28,"MA Chidambaram Stadium, Chepauk",2,9.3,Kolkata Knight Riders,Chennai Super Kings,SA Yadav,YK Pathan,SK Raina,1,0,,,,,,,,,
829765,2015,2015-04-28,"MA Chidambaram Stadium, Chepauk",2,9.4,Kolkata Knight Riders,Chennai Super Kings,YK Pathan,SA Yadav,SK Raina,0,0,,,,,,,,,
829765,2015,2015-04-28,"MA Chidambaram Stadium, Chepauk",2,9.5,Kolkata Knight Riders,Chennai Super Kings,YK Pathan,SA Yadav,SK Raina,1,0,,,,,,,,,
829765,2015,2015-04-28,"MA Chidambaram Stadium, Chepauk",2,9.6,Kolkata Knight Riders,Chennai Super Kings,SA Yadav,YK Pathan,SK Raina,1,0,,,,,,,,,
829765,2015,2015-04-28,"MA Chidambaram Stadium, Chepauk",2,10.1,Kolkata Knight Riders,Chennai Super Kings,SA Yadav,YK Pathan,RA Jadeja,0,0,,,,,,,,,
829765,2015,2015-04-28,"MA Chidambaram Stadium, Chepauk",2,10.2,Kolkata Knight Riders,Chennai Super Kings,SA Yadav,YK Pathan,RA Jadeja,0,0,,,,,,,,,
829765,2015,2015-04-28,"MA Chidambaram Stadium, Chepauk",2,10.3,Kolkata Knight Riders,Chennai Super Kings,SA Yadav,YK Pathan,RA Jadeja,0,0,,,,,,,,,
829765,2015,2015-04-28,"MA Chidambaram Stadium, Chepauk",2,10.4,Kolkata Knight Riders,Chennai Super Kings,SA Yadav,YK Pathan,RA Jadeja,0,0,,,,,,,,,
829765,2015,2015-04-28,"MA Chidambaram Stadium, Chepauk",2,10.5,Kolkata Knight Riders,Chennai Super Kings,SA Yadav,YK Pathan,RA Jadeja,0,0,,,,,,,,,
829765,2015,2015-04-28,"MA Chidambaram Stadium, Chepauk",2,10.6,Kolkata Knight Riders,Chennai Super Kings,SA Yadav,YK Pathan,RA Jadeja,1,0,,,,,,,,,
829765,2015,2015-04-28,"MA Chidambaram Stadium, Chepauk",2,11.1,Kolkata Knight Riders,Chennai Super Kings,SA Yadav,YK Pathan,SK Raina,2,0,,,,,,,,,
829765,2015,2015-04-28,"MA Chidambaram Stadium, Chepauk",2,11.2,Kolkata Knight Riders,Chennai Super Kings,SA Yadav,YK Pathan,SK Raina,1,0,,,,,,,,,
829765,2015,2015-04-28,"MA Chidambaram Stadium, Chepauk",2,11.3,Kolkata Knight Riders,Chennai Super Kings,YK Pathan,SA Yadav,SK Raina,0,0,,,,,,,,,
829765,2015,2015-04-28,"MA Chidambaram Stadium, Chepauk",2,11.4,Kolkata Knight Riders,Chennai Super Kings,YK Pathan,SA Yadav,SK Raina,1,0,,,,,,,,,
829765,2015,2015-04-28,"MA Chidambaram Stadium, Chepauk",2,11.5,Kolkata Knight Riders,Chennai Super Kings,SA Yadav,YK Pathan,SK Raina,0,0,,,,,,,,,
829765,2015,2015-04-28,"MA Chidambaram Stadium, Chepauk",2,11.6,Kolkata Knight Riders,Chennai Super Kings,SA Yadav,YK Pathan,SK Raina,1,0,,,,,,,,,
829765,2015,2015-04-28,"MA Chidambaram Stadium, Chepauk",2,12.1,Kolkata Knight Riders,Chennai Super Kings,SA Yadav,YK Pathan,MM Sharma,0,0,,,,,,,,,
829765,2015,2015-04-28,"MA Chidambaram Stadium, Chepauk",2,12.2,Kolkata Knight Riders,Chennai Super Kings,SA Yadav,YK Pathan,MM Sharma,0,0,,,,,,caught,SA Yadav,,
829765,2015,2015-04-28,"MA Chidambaram Stadium, Chepauk",2,12.3,Kolkata Knight Riders,Chennai Super Kings,YK Pathan,RN ten Doeschate,MM Sharma,0,1,1,,,,,,,,
829765,2015,2015-04-28,"MA Chidambaram Stadium, Chepauk",2,12.4,Kolkata Knight Riders,Chennai Super Kings,YK Pathan,RN ten Doeschate,MM Sharma,1,0,,,,,,,,,
829765,2015,2015-04-28,"MA Chidambaram Stadium, Chepauk",2,12.5,Kolkata Knight Riders,Chennai Super Kings,RN ten Doeschate,YK Pathan,MM Sharma,1,0,,,,,,,,,
829765,2015,2015-04-28,"MA Chidambaram Stadium, Chepauk",2,12.6,Kolkata Knight Riders,Chennai Super Kings,YK Pathan,RN ten Doeschate,MM Sharma,1,0,,,,,,,,,
829765,2015,2015-04-28,"MA Chidambaram Stadium, Chepauk",2,12.7,Kolkata Knight Riders,Chennai Super Kings,RN ten Doeschate,YK Pathan,MM Sharma,0,0,,,,,,,,,
829765,2015,2015-04-28,"MA Chidambaram Stadium, Chepauk",2,13.1,Kolkata Knight Riders,Chennai Super Kings,YK Pathan,RN ten Doeschate,SK Raina,1,0,,,,,,,,,
829765,2015,2015-04-28,"MA Chidambaram Stadium, Chepauk",2,13.2,Kolkata Knight Riders,Chennai Super Kings,RN ten Doeschate,YK Pathan,SK Raina,0,0,,,,,,,,,
829765,2015,2015-04-28,"MA Chidambaram Stadium, Chepauk",2,13.3,Kolkata Knight Riders,Chennai Super Kings,RN ten Doeschate,YK Pathan,SK Raina,0,0,,,,,,,,,
829765,2015,2015-04-28,"MA Chidambaram Stadium, Chepauk",2,13.4,Kolkata Knight Riders,Chennai Super Kings,RN ten Doeschate,YK Pathan,SK Raina,0,0,,,,,,,,,
829765,2015,2015-04-28,"MA Chidambaram Stadium, Chepauk",2,13.5,Kolkata Knight Riders,Chennai Super Kings,RN ten Doeschate,YK Pathan,SK Raina,1,0,,,,,,,,,
829765,2015,2015-04-28,"MA Chidambaram Stadium, Chepauk",2,13.6,Kolkata Knight Riders,Chennai Super Kings,YK Pathan,RN ten Doeschate,SK Raina,0,1,1,,,,,,,,
829765,2015,2015-04-28,"MA Chidambaram Stadium, Chepauk",2,13.7,Kolkata Knight Riders,Chennai Super Kings,YK Pathan,RN ten Doeschate,SK Raina,1,0,,,,,,,,,
829765,2015,2015-04-28,"MA Chidambaram Stadium, Chepauk",2,14.1,Kolkata Knight Riders,Chennai Super Kings,YK Pathan,RN ten Doeschate,MM Sharma,1,0,,,,,,,,,
829765,2015,2015-04-28,"MA Chidambaram Stadium, Chepauk",2,14.2,Kolkata Knight Riders,Chennai Super Kings,RN ten Doeschate,YK Pathan,MM Sharma,1,0,,,,,,,,,
829765,2015,2015-04-28,"MA Chidambaram Stadium, Chepauk",2,14.3,Kolkata Knight Riders,Chennai Super Kings,YK Pathan,RN ten Doeschate,MM Sharma,1,0,,,,,,,,,
829765,2015,2015-04-28,"MA Chidambaram Stadium, Chepauk",2,14.4,Kolkata Knight Riders,Chennai Super Kings,RN ten Doeschate,YK Pathan,MM Sharma,0,0,,,,,,,,,
829765,2015,2015-04-28,"MA Chidambaram Stadium, Chepauk",2,14.5,Kolkata Knight Riders,Chennai Super Kings,RN ten Doeschate,YK Pathan,MM Sharma,1,0,,,,,,,,,
829765,2015,2015-04-28,"MA Chidambaram Stadium, Chepauk",2,14.6,Kolkata Knight Riders,Chennai Super Kings,YK Pathan,RN ten Doeschate,MM Sharma,2,0,,,,,,,,,
829765,2015,2015-04-28,"MA Chidambaram Stadium, Chepauk",2,15.1,Kolkata Knight Riders,Chennai Super Kings,RN ten Doeschate,YK Pathan,DJ Bravo,1,0,,,,,,,,,
829765,2015,2015-04-28,"MA Chidambaram Stadium, Chepauk",2,15.2,Kolkata Knight Riders,Chennai Super Kings,YK Pathan,RN ten Doeschate,DJ Bravo,0,0,,,,,,bowled,YK Pathan,,
829765,2015,2015-04-28,"MA Chidambaram Stadium, Chepauk",2,15.3,Kolkata Knight Riders,Chennai Super Kings,AD Russell,RN ten Doeschate,DJ Bravo,1,0,,,,,,,,,
829765,2015,2015-04-28,"MA Chidambaram Stadium, Chepauk",2,15.4,Kolkata Knight Riders,Chennai Super Kings,RN ten Doeschate,AD Russell,DJ Bravo,1,0,,,,,,,,,
829765,2015,2015-04-28,"MA Chidambaram Stadium, Chepauk",2,15.5,Kolkata Knight Riders,Chennai Super Kings,AD Russell,RN ten Doeschate,DJ Bravo,1,0,,,,,,,,,
829765,2015,2015-04-28,"MA Chidambaram Stadium, Chepauk",2,15.6,Kolkata Knight Riders,Chennai Super Kings,RN ten Doeschate,AD Russell,DJ Bravo,1,0,,,,,,,,,
829765,2015,2015-04-28,"MA Chidambaram Stadium, Chepauk",2,16.1,Kolkata Knight Riders,Chennai Super Kings,RN ten Doeschate,AD Russell,A Nehra,1,0,,,,,,,,,
829765,2015,2015-04-28,"MA Chidambaram Stadium, Chepauk",2,16.2,Kolkata Knight Riders,Chennai Super Kings,AD Russell,RN ten Doeschate,A Nehra,1,0,,,,,,,,,
829765,2015,2015-04-28,"MA Chidambaram Stadium, Chepauk",2,16.3,Kolkata Knight Riders,Chennai Super Kings,RN ten Doeschate,AD Russell,A Nehra,1,0,,,,,,,,,
829765,2015,2015-04-28,"MA Chidambaram Stadium, Chepauk",2,16.4,Kolkata Knight Riders,Chennai Super Kings,AD Russell,RN ten Doeschate,A Nehra,1,0,,,,,,,,,
829765,2015,2015-04-28,"MA Chidambaram Stadium, Chepauk",2,16.5,Kolkata Knight Riders,Chennai Super Kings,RN ten Doeschate,AD Russell,A Nehra,1,0,,,,,,run out,AD Russell,,
829765,2015,2015-04-28,"MA Chidambaram Stadium, Chepauk",2,16.6,Kolkata Knight Riders,Chennai Super Kings,PJ Cummins,RN ten Doeschate,A Nehra,0,1,,,,1,,,,,
829765,2015,2015-04-28,"MA Chidambaram Stadium, Chepauk",2,17.1,Kolkata Knight Riders,Chennai Super Kings,PJ Cummins,RN ten Doeschate,DJ Bravo,0,0,,,,,,caught,PJ Cummins,,
829765,2015,2015-04-28,"MA Chidambaram Stadium, Chepauk",2,17.2,Kolkata Knight Riders,Chennai Super Kings,RN ten Doeschate,PP Chawla,DJ Bravo,2,0,,,,,,,,,
829765,2015,2015-04-28,"MA Chidambaram Stadium, Chepauk",2,17.3,Kolkata Knight Riders,Chennai Super Kings,RN ten Doeschate,PP Chawla,DJ Bravo,0,1,,,,1,,,,,
829765,2015,2015-04-28,"MA Chidambaram Stadium, Chepauk",2,17.4,Kolkata Knight Riders,Chennai Super Kings,PP Chawla,RN ten Doeschate,DJ Bravo,0,0,,,,,,,,,
829765,2015,2015-04-28,"MA Chidambaram Stadium, Chepauk",2,17.5,Kolkata Knight Riders,Chennai Super Kings,PP Chawla,RN ten Doeschate,DJ Bravo,0,0,,,,,,caught,PP Chawla,,
829765,2015,2015-04-28,"MA Chidambaram Stadium, Chepauk",2,17.6,Kolkata Knight Riders,Chennai Super Kings,RN ten Doeschate,UT Yadav,DJ Bravo,1,0,,,,,,,,,
829765,2015,2015-04-28,"MA Chidambaram Stadium, Chepauk",2,18.1,Kolkata Knight Riders,Chennai Super Kings,RN ten Doeschate,UT Yadav,A Nehra,0,0,,,,,,,,,
829765,2015,2015-04-28,"MA Chidambaram Stadium, Chepauk",2,18.2,Kolkata Knight Riders,Chennai Super Kings,RN ten Doeschate,UT Yadav,A Nehra,4,0,,,,,,,,,
829765,2015,2015-04-28,"MA Chidambaram Stadium, Chepauk",2,18.3,Kolkata Knight Riders,Chennai Super Kings,RN ten Doeschate,UT Yadav,A Nehra,6,0,,,,,,,,,
829765,2015,2015-04-28,"MA Chidambaram Stadium, Chepauk",2,18.4,Kolkata Knight Riders,Chennai Super Kings,RN ten Doeschate,UT Yadav,A Nehra,1,0,,,,,,,,,
829765,2015,2015-04-28,"MA Chidambaram Stadium, Chepauk",2,18.5,Kolkata Knight Riders,Chennai Super Kings,UT Yadav,RN ten Doeschate,A Nehra,0,0,,,,,,bowled,UT Yadav,,
829765,2015,2015-04-28,"MA Chidambaram Stadium, Chepauk",2,18.6,Kolkata Knight Riders,Chennai Super Kings,GB Hogg,RN ten Doeschate,A Nehra,2,0,,,,,,,,,
829765,2015,2015-04-28,"MA Chidambaram Stadium, Chepauk",2,19.1,Kolkata Knight Riders,Chennai Super Kings,RN ten Doeschate,GB Hogg,DJ Bravo,0,0,,,,,,,,,
829765,2015,2015-04-28,"MA Chidambaram Stadium, Chepauk",2,19.2,Kolkata Knight Riders,Chennai Super Kings,RN ten Doeschate,GB Hogg,DJ Bravo,0,0,,,,,,,,,
829765,2015,2015-04-28,"MA Chidambaram Stadium, Chepauk",2,19.3,Kolkata Knight Riders,Chennai Super Kings,RN ten Doeschate,GB Hogg,DJ Bravo,0,0,,,,,,,,,
829765,2015,2015-04-28,"MA Chidambaram Stadium, Chepauk",2,19.4,Kolkata Knight Riders,Chennai Super Kings,RN ten Doeschate,GB Hogg,DJ Bravo,6,0,,,,,,,,,
829765,2015,2015-04-28,"MA Chidambaram Stadium, Chepauk",2,19.5,Kolkata Knight Riders,Chennai Super Kings,RN ten Doeschate,GB Hogg,DJ Bravo,4,0,,,,,,,,,
829765,2015,2015-04-28,"MA Chidambaram Stadium, Chepauk",2,19.6,Kolkata Knight Riders,Chennai Super Kings,RN ten Doeschate,GB Hogg,DJ Bravo,4,0,,,,,,,,,
