match_id,season,start_date,venue,innings,ball,batting_team,bowling_team,striker,non_striker,bowler,runs_off_bat,extras,wides,noballs,byes,legbyes,penalty,wicket_type,player_dismissed,other_wicket_type,other_player_dismissed
829779,2015,2015-05-04,"MA Chidambaram Stadium, Chepauk",1,0.1,Chennai Super Kings,Royal Challengers Bangalore,DR Smith,BB McCullum,MA Starc,0,0,,,,,,,,,
829779,2015,2015-05-04,"MA Chidambaram Stadium, Chepauk",1,0.2,Chennai Super Kings,Royal Challengers Bangalore,DR Smith,BB McCullum,MA Starc,0,0,,,,,,,,,
829779,2015,2015-05-04,"MA Chidambaram Stadium, Chepauk",1,0.3,Chennai Super Kings,Royal Challengers Bangalore,DR Smith,BB McCullum,MA Starc,0,0,,,,,,,,,
829779,2015,2015-05-04,"MA Chidambaram Stadium, Chepauk",1,0.4,Chennai Super Kings,Royal Challengers Bangalore,DR Smith,BB McCullum,MA Starc,0,0,,,,,,,,,
829779,2015,2015-05-04,"MA Chidambaram Stadium, Chepauk",1,0.5,Chennai Super Kings,Royal Challengers Bangalore,DR Smith,BB McCullum,MA Starc,0,0,,,,,,,,,
829779,2015,2015-05-04,"MA Chidambaram Stadium, Chepauk",1,0.6,Chennai Super Kings,Royal Challengers Bangalore,DR Smith,BB McCullum,MA Starc,0,0,,,,,,bowled,DR Smith,,
829779,2015,2015-05-04,"MA Chidambaram Stadium, Chepauk",1,1.1,Chennai Super Kings,Royal Challengers Bangalore,BB McCullum,SK Raina,YS Chahal,1,0,,,,,,,,,
829779,2015,2015-05-04,"MA Chidambaram Stadium, Chepauk",1,1.2,Chennai Super Kings,Royal Challengers Bangalore,SK Raina,BB McCullum,YS Chahal,1,0,,,,,,,,,
829779,2015,2015-05-04,"MA Chidambaram Stadium, Chepauk",1,1.3,Chennai Super Kings,Royal Challengers Bangalore,BB McCullum,SK Raina,YS Chahal,0,0,,,,,,,,,
829779,2015,2015-05-04,"MA Chidambaram Stadium, Chepauk",1,1.4,Chennai Super Kings,Royal Challengers Bangalore,BB McCullum,SK Raina,YS Chahal,0,0,,,,,,,,,
829779,2015,2015-05-04,"MA Chidambaram Stadium, Chepauk",1,1.5,Chennai Super Kings,Royal Challengers Bangalore,BB McCullum,SK Raina,YS Chahal,4,0,,,,,,,,,
829779,2015,2015-05-04,"MA Chidambaram Stadium, Chepauk",1,1.6,Chennai Super Kings,Royal Challengers Bangalore,BB McCullum,SK Raina,YS Chahal,0,0,,,,,,,,,
829779,2015,2015-05-04,"MA Chidambaram Stadium, Chepauk",1,2.1,Chennai Super Kings,Royal Challengers Bangalore,SK Raina,BB McCullum,MA Starc,1,0,,,,,,,,,
829779,2015,2015-05-04,"MA Chidambaram Stadium, Chepauk",1,2.2,Chennai Super Kings,Royal Challengers Bangalore,BB McCullum,SK Raina,MA Starc,0,0,,,,,,,,,
829779,2015,2015-05-04,"MA Chidambaram Stadium, Chepauk",1,2.3,Chennai Super Kings,Royal Challengers Bangalore,BB McCullum,SK Raina,MA Starc,0,0,,,,,,,,,
829779,2015,2015-05-04,"MA Chidambaram Stadium, Chepauk",1,2.4,Chennai Super Kings,Royal Challengers Bangalore,BB McCullum,SK Raina,MA Starc,2,0,,,,,,,,,
829779,2015,2015-05-04,"MA Chidambaram Stadium, Chepauk",1,2.5,Chennai Super Kings,Royal Challengers Bangalore,BB McCullum,SK Raina,MA Starc,4,0,,,,,,,,,
829779,2015,2015-05-04,"MA Chidambaram Stadium, Chepauk",1,2.6,Chennai Super Kings,Royal Challengers Bangalore,BB McCullum,SK Raina,MA Starc,4,0,,,,,,,,,
829779,2015,2015-05-04,"MA Chidambaram Stadium, Chepauk",1,3.1,Chennai Super Kings,Royal Challengers Bangalore,SK Raina,BB McCullum,D Wiese,4,0,,,,,,,,,
829779,2015,2015-05-04,"MA Chidambaram Stadium, Chepauk",1,3.2,Chennai Super Kings,Royal Challengers Bangalore,SK Raina,BB McCullum,D Wiese,0,0,,,,,,,,,
829779,2015,2015-05-04,"MA Chidambaram Stadium, Chepauk",1,3.3,Chennai Super Kings,Royal Challengers Bangalore,SK Raina,BB McCullum,D Wiese,0,0,,,,,,,,,
829779,2015,2015-05-04,"MA Chidambaram Stadium, Chepauk",1,3.4,Chennai Super Kings,Royal Challengers Bangalore,SK Raina,BB McCullum,D Wiese,1,0,,,,,,,,,
829779,2015,2015-05-04,"MA Chidambaram Stadium, Chepauk",1,3.5,Chennai Super Kings,Royal Challengers Bangalore,BB McCullum,SK Raina,D Wiese,0,0,,,,,,,,,
829779,2015,2015-05-04,"MA Chidambaram Stadium, Chepauk",1,3.6,Chennai Super Kings,Royal Challengers Bangalore,BB McCullum,SK Raina,D Wiese,0,0,,,,,,,,,
829779,2015,2015-05-04,"MA Chidambaram Stadium, Chepauk",1,4.1,Chennai Super Kings,Royal Challengers Bangalore,SK Raina,BB McCullum,HV Patel,4,0,,,,,,,,,
829779,2015,2015-05-04,"MA Chidambaram Stadium, Chepauk",1,4.2,Chennai Super Kings,Royal Challengers Bangalore,SK Raina,BB McCullum,HV Patel,0,0,,,,,,,,,
829779,2015,2015-05-04,"MA Chidambaram Stadium, Chepauk",1,4.3,Chennai Super Kings,Royal Challengers Bangalore,SK Raina,BB McCullum,HV Patel,0,0,,,,,,,,,
829779,2015,2015-05-04,"MA Chidambaram Stadium, Chepauk",1,4.4,Chennai Super Kings,Royal Challengers Bangalore,SK Raina,BB McCullum,HV Patel,1,0,,,,,,,,,
829779,2015,2015-05-04,"MA Chidambaram Stadium, Chepauk",1,4.5,Chennai Super Kings,Royal Challengers Bangalore,BB McCullum,SK Raina,HV Patel,1,0,,,,,,,,,
829779,2015,2015-05-04,"MA Chidambaram Stadium, Chepauk",1,4.6,Chennai Super Kings,Royal Challengers Bangalore,SK Raina,BB McCullum,HV Patel,1,0,,,,,,,,,
829779,2015,2015-05-04,"MA Chidambaram Stadium, Chepauk",1,5.1,Chennai Super Kings,Royal Challengers Bangalore,SK Raina,BB McCullum,D Wiese,1,0,,,,,,,,,
829779,2015,2015-05-04,"MA Chidambaram Stadium, Chepauk",1,5.2,Chennai Super Kings,Royal Challengers Bangalore,BB McCullum,SK Raina,D Wiese,4,0,,,,,,,,,
829779,2015,2015-05-04,"MA Chidambaram Stadium, Chepauk",1,5.3,Chennai Super Kings,Royal Challengers Bangalore,BB McCullum,SK Raina,D Wiese,0,0,,,,,,caught,BB McCullum,,
829779,2015,2015-05-04,"MA Chidambaram Stadium, Chepauk",1,5.4,Chennai Super Kings,Royal Challengers Bangalore,SK Raina,F du Plessis,D Wiese,0,0,,,,,,,,,
829779,2015,2015-05-04,"MA Chidambaram Stadium, Chepauk",1,5.5,Chennai Super Kings,Royal Challengers Bangalore,SK Raina,F du Plessis,D Wiese,2,0,,,,,,,,,
829779,2015,2015-05-04,"MA Chidambaram Stadium, Chepauk",1,5.6,Chennai Super Kings,Royal Challengers Bangalore,SK Raina,F du Plessis,D Wiese,1,0,,,,,,,,,
829779,2015,2015-05-04,"MA Chidambaram Stadium, Chepauk",1,6.1,Chennai Super Kings,Royal Challengers Bangalore,SK Raina,F du Plessis,Iqbal Abdulla,1,0,,,,,,,,,
829779,2015,2015-05-04,"MA Chidambaram Stadium, Chepauk",1,6.2,Chennai Super Kings,Royal Challengers Bangalore,F du Plessis,SK Raina,Iqbal Abdulla,1,0,,,,,,,,,
829779,2015,2015-05-04,"MA Chidambaram Stadium, Chepauk",1,6.3,Chennai Super Kings,Royal Challengers Bangalore,SK Raina,F du Plessis,Iqbal Abdulla,0,1,1,,,,,,,,
829779,2015,2015-05-04,"MA Chidambaram Stadium, Chepauk",1,6.4,Chennai Super Kings,Royal Challengers Bangalore,SK Raina,F du Plessis,Iqbal Abdulla,1,0,,,,,,,,,
829779,2015,2015-05-04,"MA Chidambaram Stadium, Chepauk",1,6.5,Chennai Super Kings,Royal Challengers Bangalore,F du Plessis,SK Raina,Iqbal Abdulla,1,0,,,,,,,,,
829779,2015,2015-05-04,"MA Chidambaram Stadium, Chepauk",1,6.6,Chennai Super Kings,Royal Challengers Bangalore,SK Raina,F du Plessis,Iqbal Abdulla,1,0,,,,,,,,,
829779,2015,2015-05-04,"MA Chidambaram Stadium, Chepauk",1,6.7,Chennai Super Kings,Royal Challengers Bangalore,F du Plessis,SK Raina,Iqbal Abdulla,1,0,,,,,,,,,
829779,2015,2015-05-04,"MA Chidambaram Stadium, Chepauk",1,7.1,Chennai Super Kings,Royal Challengers Bangalore,F du Plessis,SK Raina,HV Patel,1,0,,,,,,,,,
829779,2015,2015-05-04,"MA Chidambaram Stadium, Chepauk",1,7.2,Chennai Super Kings,Royal Challengers Bangalore,SK Raina,F du Plessis,HV Patel,0,0,,,,,,,,,
829779,2015,2015-05-04,"MA Chidambaram Stadium, Chepauk",1,7.3,Chennai Super Kings,Royal Challengers Bangalore,SK Raina,F du Plessis,HV Patel,0,0,,,,,,,,,
829779,2015,2015-05-04,"MA Chidambaram Stadium, Chepauk",1,7.4,Chennai Super Kings,Royal Challengers Bangalore,SK Raina,F du Plessis,HV Patel,0,0,,,,,,,,,
829779,2015,2015-05-04,"MA Chidambaram Stadium, Chepauk",1,7.5,Chennai Super Kings,Royal Challengers Bangalore,SK Raina,F du Plessis,HV Patel,0,1,1,,,,,,,,
829779,2015,2015-05-04,"MA Chidambaram Stadium, Chepauk",1,7.6,Chennai Super Kings,Royal Challengers Bangalore,SK Raina,F du Plessis,HV Patel,0,0,,,,,,,,,
829779,2015,2015-05-04,"MA Chidambaram Stadium, Chepauk",1,7.7,Chennai Super Kings,Royal Challengers Bangalore,SK Raina,F du Plessis,HV Patel,2,0,,,,,,,,,
829779,2015,2015-05-04,"MA Chidambaram Stadium, Chepauk",1,8.1,Chennai Super Kings,Royal Challengers Bangalore,F du Plessis,SK Raina,Iqbal Abdulla,0,0,,,,,,,,,
829779,2015,2015-05-04,"MA Chidambaram Stadium, Chepauk",1,8.2,Chennai Super Kings,Royal Challengers Bangalore,F du Plessis,SK Raina,Iqbal Abdulla,6,0,,,,,,,,,
829779,2015,2015-05-04,"MA Chidambaram Stadium, Chepauk",1,8.3,Chennai Super Kings,Royal Challengers Bangalore,F du Plessis,SK Raina,Iqbal Abdulla,1,0,,,,,,,,,
829779,2015,2015-05-04,"MA Chidambaram Stadium, Chepauk",1,8.4,Chennai Super Kings,Royal Challengers Bangalore,SK Raina,F du Plessis,Iqbal Abdulla,4,0,,,,,,,,,
829779,2015,2015-05-04,"MA Chidambaram Stadium, Chepauk",1,8.5,Chennai Super Kings,Royal Challengers Bangalore,SK Raina,F du Plessis,Iqbal Abdulla,4,0,,,,,,,,,
829779,2015,2015-05-04,"MA Chidambaram Stadium, Chepauk",1,8.6,Chennai Super Kings,Royal Challengers Bangalore,SK Raina,F du Plessis,Iqbal Abdulla,0,0,,,,,,,,,
829779,2015,2015-05-04,"MA Chidambaram Stadium, Chepauk",1,9.1,Chennai Super Kings,Royal Challengers Bangalore,F du Plessis,SK Raina,HV Patel,1,0,,,,,,,,,
829779,2015,2015-05-04,"MA Chidambaram Stadium, Chepauk",1,9.2,Chennai Super Kings,Royal Challengers Bangalore,SK Raina,F du Plessis,HV Patel,1,0,,,,,,,,,
829779,2015,2015-05-04,"MA Chidambaram Stadium, Chepauk",1,9.3,Chennai Super Kings,Royal Challengers Bangalore,F du Plessis,SK Raina,HV Patel,1,0,,,,,,,,,
829779,2015,2015-05-04,"MA Chidambaram Stadium, Chepauk",1,9.4,Chennai Super Kings,Royal Challengers Bangalore,SK Raina,F du Plessis,HV Patel,0,1,1,,,,,,,,
829779,2015,2015-05-04,"MA Chidambaram Stadium, Chepauk",1,9.5,Chennai Super Kings,Royal Challengers Bangalore,SK Raina,F du Plessis,HV Patel,0,0,,,,,,,,,
829779,2015,2015-05-04,"MA Chidambaram Stadium, Chepauk",1,9.6,Chennai Super Kings,Royal Challengers Bangalore,SK Raina,F du Plessis,HV Patel,0,1,1,,,,,,,,
829779,2015,2015-05-04,"MA Chidambaram Stadium, Chepauk",1,9.7,Chennai Super Kings,Royal Challengers Bangalore,SK Raina,F du Plessis,HV Patel,0,0,,,,,,,,,
829779,2015,2015-05-04,"MA Chidambaram Stadium, Chepauk",1,9.8,Chennai Super Kings,Royal Challengers Bangalore,SK Raina,F du Plessis,HV Patel,0,0,,,,,,,,,
829779,2015,2015-05-04,"MA Chidambaram Stadium, Chepauk",1,10.1,Chennai Super Kings,Royal Challengers Bangalore,F du Plessis,SK Raina,YS Chahal,1,0,,,,,,,,,
829779,2015,2015-05-04,"MA Chidambaram Stadium, Chepauk",1,10.2,Chennai Super Kings,Royal Challengers Bangalore,SK Raina,F du Plessis,YS Chahal,0,0,,,,,,,,,
829779,2015,2015-05-04,"MA Chidambaram Stadium, Chepauk",1,10.3,Chennai Super Kings,Royal Challengers Bangalore,SK Raina,F du Plessis,YS Chahal,0,0,,,,,,,,,
829779,2015,2015-05-04,"MA Chidambaram Stadium, Chepauk",1,10.4,Chennai Super Kings,Royal Challengers Bangalore,SK Raina,F du Plessis,YS Chahal,2,0,,,,,,,,,
829779,2015,2015-05-04,"MA Chidambaram Stadium, Chepauk",1,10.5,Chennai Super Kings,Royal Challengers Bangalore,SK Raina,F du Plessis,YS Chahal,1,0,,,,,,,,,
829779,2015,2015-05-04,"MA Chidambaram Stadium, Chepauk",1,10.6,Chennai Super Kings,Royal Challengers Bangalore,F du Plessis,SK Raina,YS Chahal,1,0,,,,,,,,,
829779,2015,2015-05-04,"MA Chidambaram Stadium, Chepauk",1,11.1,Chennai Super Kings,Royal Challengers Bangalore,F du Plessis,SK Raina,V Kohli,2,0,,,,,,,,,
829779,2015,2015-05-04,"MA Chidambaram Stadium, Chepauk",1,11.2,Chennai Super Kings,Royal Challengers Bangalore,F du Plessis,SK Raina,V Kohli,1,0,,,,,,,,,
829779,2015,2015-05-04,"MA Chidambaram Stadium, Chepauk",1,11.3,Chennai Super Kings,Royal Challengers Bangalore,SK Raina,F du Plessis,V Kohli,1,0,,,,,,,,,
829779,2015,2015-05-04,"MA Chidambaram Stadium, Chepauk",1,11.4,Chennai Super Kings,Royal Challengers Bangalore,F du Plessis,SK Raina,V Kohli,1,0,,,,,,,,,
829779,2015,2015-05-04,"MA Chidambaram Stadium, Chepauk",1,11.5,Chennai Super Kings,Royal Challengers Bangalore,SK Raina,F du Plessis,V Kohli,0,0,,,,,,,,,
829779,2015,2015-05-04,"MA Chidambaram Stadium, Chepauk",1,11.6,Chennai Super Kings,Royal Challengers Bangalore,SK Raina,F du Plessis,V Kohli,1,0,,,,,,,,,
829779,2015,2015-05-04,"MA Chidambaram Stadium, Chepauk",1,12.1,Chennai Super Kings,Royal Challengers Bangalore,SK Raina,F du Plessis,YS Chahal,6,0,,,,,,,,,
829779,2015,2015-05-04,"MA Chidambaram Stadium, Chepauk",1,12.2,Chennai Super Kings,Royal Challengers Bangalore,SK Raina,F du Plessis,YS Chahal,0,0,,,,,,,,,
829779,2015,2015-05-04,"MA Chidambaram Stadium, Chepauk",1,12.3,Chennai Super Kings,Royal Challengers Bangalore,SK Raina,F du Plessis,YS Chahal,1,0,,,,,,,,,
829779,2015,2015-05-04,"MA Chidambaram Stadium, Chepauk",1,12.4,Chennai Super Kings,Royal Challengers Bangalore,F du Plessis,SK Raina,YS Chahal,1,0,,,,,,,,,
829779,2015,2015-05-04,"MA Chidambaram Stadium, Chepauk",1,12.5,Chennai Super Kings,Royal Challengers Bangalore,SK Raina,F du Plessis,YS Chahal,1,0,,,,,,,,,
829779,2015,2015-05-04,"MA Chidambaram Stadium, Chepauk",1,12.6,Chennai Super Kings,Royal Challengers Bangalore,F du Plessis,SK Raina,YS Chahal,1,0,,,,,,,,,
829779,2015,2015-05-04,"MA Chidambaram Stadium, Chepauk",1,13.1,Chennai Super Kings,Royal Challengers Bangalore,F du Plessis,SK Raina,D Wiese,1,0,,,,,,,,,
829779,2015,2015-05-04,"MA Chidambaram Stadium, Chepauk",1,13.2,Chennai Super Kings,Royal Challengers Bangalore,SK Raina,F du Plessis,D Wiese,1,0,,,,,,,,,
829779,2015,2015-05-04,"MA Chidambaram Stadium, Chepauk",1,13.3,Chennai Super Kings,Royal Challengers Bangalore,F du Plessis,SK Raina,D Wiese,1,0,,,,,,,,,
829779,2015,2015-05-04,"MA Chidambaram Stadium, Chepauk",1,13.4,Chennai Super Kings,Royal Challengers Bangalore,SK Raina,F du Plessis,D Wiese,4,0,,,,,,,,,
829779,2015,2015-05-04,"MA Chidambaram Stadium, Chepauk",1,13.5,Chennai Super Kings,Royal Challengers Bangalore,SK Raina,F du Plessis,D Wiese,1,0,,,,,,,,,
829779,2015,2015-05-04,"MA Chidambaram Stadium, Chepauk",1,13.6,Chennai Super Kings,Royal Challengers Bangalore,F du Plessis,SK Raina,D Wiese,1,0,,,,,,,,,
829779,2015,2015-05-04,"MA Chidambaram Stadium, Chepauk",1,14.1,Chennai Super Kings,Royal Challengers Bangalore,F du Plessis,SK Raina,HV Patel,0,0,,,,,,bowled,F du Plessis,,
829779,2015,2015-05-04,"MA Chidambaram Stadium, Chepauk",1,14.2,Chennai Super Kings,Royal Challengers Bangalore,MS Dhoni,SK Raina,HV Patel,0,0,,,,,,,,,
829779,2015,2015-05-04,"MA Chidambaram Stadium, Chepauk",1,14.3,Chennai Super Kings,Royal Challengers Bangalore,MS Dhoni,SK Raina,HV Patel,0,0,,,,,,,,,
829779,2015,2015-05-04,"MA Chidambaram Stadium, Chepauk",1,14.4,Chennai Super Kings,Royal Challengers Bangalore,MS Dhoni,SK Raina,HV Patel,1,0,,,,,,,,,
829779,2015,2015-05-04,"MA Chidambaram Stadium, Chepauk",1,14.5,Chennai Super Kings,Royal Challengers Bangalore,SK Raina,MS Dhoni,HV Patel,2,0,,,,,,,,,
829779,2015,2015-05-04,"MA Chidambaram Stadium, Chepauk",1,14.6,Chennai Super Kings,Royal Challengers Bangalore,SK Raina,MS Dhoni,HV Patel,0,0,,,,,,lbw,SK Raina,,
829779,2015,2015-05-04,"MA Chidambaram Stadium, Chepauk",1,15.1,Chennai Super Kings,Royal Challengers Bangalore,MS Dhoni,RA Jadeja,Iqbal Abdulla,0,0,,,,,,,,,
829779,2015,2015-05-04,"MA Chidambaram Stadium, Chepauk",1,15.2,Chennai Super Kings,Royal Challengers Bangalore,MS Dhoni,RA Jadeja,Iqbal Abdulla,6,0,,,,,,,,,
829779,2015,2015-05-04,"MA Chidambaram Stadium, Chepauk",1,15.3,Chennai Super Kings,Royal Challengers Bangalore,MS Dhoni,RA Jadeja,Iqbal Abdulla,1,0,,,,,,,,,
829779,2015,2015-05-04,"MA Chidambaram Stadium, Chepauk",1,15.4,Chennai Super Kings,Royal Challengers Bangalore,RA Jadeja,MS Dhoni,Iqbal Abdulla,1,0,,,,,,,,,
829779,2015,2015-05-04,"MA Chidambaram Stadium, Chepauk",1,15.5,Chennai Super Kings,Royal Challengers Bangalore,MS Dhoni,RA Jadeja,Iqbal Abdulla,0,0,,,,,,,,,
829779,2015,2015-05-04,"MA Chidambaram Stadium, Chepauk",1,15.6,Chennai Super Kings,Royal Challengers Bangalore,MS Dhoni,RA Jadeja,Iqbal Abdulla,4,0,,,,,,,,,
829779,2015,2015-05-04,"MA Chidambaram Stadium, Chepauk",1,16.1,Chennai Super Kings,Royal Challengers Bangalore,RA Jadeja,MS Dhoni,MA Starc,1,0,,,,,,,,,
829779,2015,2015-05-04,"MA Chidambaram Stadium, Chepauk",1,16.2,Chennai Super Kings,Royal Challengers Bangalore,MS Dhoni,RA Jadeja,MA Starc,0,0,,,,,,,,,
829779,2015,2015-05-04,"MA Chidambaram Stadium, Chepauk",1,16.3,Chennai Super Kings,Royal Challengers Bangalore,MS Dhoni,RA Jadeja,MA Starc,1,0,,,,,,,,,
829779,2015,2015-05-04,"MA Chidambaram Stadium, Chepauk",1,16.4,Chennai Super Kings,Royal Challengers Bangalore,RA Jadeja,MS Dhoni,MA Starc,1,0,,,,,,,,,
829779,2015,2015-05-04,"MA Chidambaram Stadium, Chepauk",1,16.5,Chennai Super Kings,Royal Challengers Bangalore,MS Dhoni,RA Jadeja,MA Starc,2,0,,,,,,,,,
829779,2015,2015-05-04,"MA Chidambaram Stadium, Chepauk",1,16.6,Chennai Super Kings,Royal Challengers Bangalore,MS Dhoni,RA Jadeja,MA Starc,4,0,,,,,,,,,
829779,2015,2015-05-04,"MA Chidambaram Stadium, Chepauk",1,17.1,Chennai Super Kings,Royal Challengers Bangalore,RA Jadeja,MS Dhoni,YS Chahal,0,0,,,,,,caught,RA Jadeja,,
829779,2015,2015-05-04,"MA Chidambaram Stadium, Chepauk",1,17.2,Chennai Super Kings,Royal Challengers Bangalore,MS Dhoni,P Negi,YS Chahal,6,0,,,,,,,,,
829779,2015,2015-05-04,"MA Chidambaram Stadium, Chepauk",1,17.3,Chennai Super Kings,Royal Challengers Bangalore,MS Dhoni,P Negi,YS Chahal,1,0,,,,,,,,,
829779,2015,2015-05-04,"MA Chidambaram Stadium, Chepauk",1,17.4,Chennai Super Kings,Royal Challengers Bangalore,P Negi,MS Dhoni,YS Chahal,1,0,,,,,,,,,
829779,2015,2015-05-04,"MA Chidambaram Stadium, Chepauk",1,17.5,Chennai Super Kings,Royal Challengers Bangalore,MS Dhoni,P Negi,YS Chahal,1,0,,,,,,,,,
829779,2015,2015-05-04,"MA Chidambaram Stadium, Chepauk",1,17.6,Chennai Super Kings,Royal Challengers Bangalore,P Negi,MS Dhoni,YS Chahal,6,0,,,,,,,,,
829779,2015,2015-05-04,"MA Chidambaram Stadium, Chepauk",1,18.1,Chennai Super Kings,Royal Challengers Bangalore,MS Dhoni,P Negi,D Wiese,2,0,,,,,,,,,
829779,2015,2015-05-04,"MA Chidambaram Stadium, Chepauk",1,18.2,Chennai Super Kings,Royal Challengers Bangalore,MS Dhoni,P Negi,D Wiese,0,0,,,,,,,,,
829779,2015,2015-05-04,"MA Chidambaram Stadium, Chepauk",1,18.3,Chennai Super Kings,Royal Challengers Bangalore,MS Dhoni,P Negi,D Wiese,0,0,,,,,,caught,MS Dhoni,,
829779,2015,2015-05-04,"MA Chidambaram Stadium, Chepauk",1,18.4,Chennai Super Kings,Royal Challengers Bangalore,P Negi,DJ Bravo,D Wiese,0,0,,,,,,,,,
829779,2015,2015-05-04,"MA Chidambaram Stadium, Chepauk",1,18.5,Chennai Super Kings,Royal Challengers Bangalore,P Negi,DJ Bravo,D Wiese,4,0,,,,,,,,,
829779,2015,2015-05-04,"MA Chidambaram Stadium, Chepauk",1,18.6,Chennai Super Kings,Royal Challengers Bangalore,P Negi,DJ Bravo,D Wiese,1,0,,,,,,,,,
829779,2015,2015-05-04,"MA Chidambaram Stadium, Chepauk",1,19.1,Chennai Super Kings,Royal Challengers Bangalore,P Negi,DJ Bravo,MA Starc,1,0,,,,,,,,,
829779,2015,2015-05-04,"MA Chidambaram Stadium, Chepauk",1,19.2,Chennai Super Kings,Royal Challengers Bangalore,DJ Bravo,P Negi,MA Starc,0,0,,,,,,,,,
829779,2015,2015-05-04,"MA Chidambaram Stadium, Chepauk",1,19.3,Chennai Super Kings,Royal Challengers Bangalore,DJ Bravo,P Negi,MA Starc,2,0,,,,,,,,,
829779,2015,2015-05-04,"MA Chidambaram Stadium, Chepauk",1,19.4,Chennai Super Kings,Royal Challengers Bangalore,DJ Bravo,P Negi,MA Starc,0,0,,,,,,caught,DJ Bravo,,
829779,2015,2015-05-04,"MA Chidambaram Stadium, Chepauk",1,19.5,Chennai Super Kings,Royal Challengers Bangalore,P Negi,MM Sharma,MA Starc,0,1,1,,,,,,,,
829779,2015,2015-05-04,"MA Chidambaram Stadium, Chepauk",1,19.6,Chennai Super Kings,Royal Challengers Bangalore,P Negi,MM Sharma,MA Starc,0,0,,,,,,bowled,P Negi,,
829779,2015,2015-05-04,"MA Chidambaram Stadium, Chepauk",1,19.7,Chennai Super Kings,Royal Challengers Bangalore,A Nehra,MM Sharma,MA Starc,0,0,,,,,,run out,MM Sharma,,
829779,2015,2015-05-04,"MA Chidambaram Stadium, Chepauk",2,0.1,Royal Challengers Bangalore,Chennai Super Kings,NJ Maddinson,V Kohli,IC Pandey,0,0,,,,,,,,,
829779,2015,2015-05-04,"MA Chidambaram Stadium, Chepauk",2,0.2,Royal Challengers Bangalore,Chennai Super Kings,NJ Maddinson,V Kohli,IC Pandey,0,0,,,,,,,,,
829779,2015,2015-05-04,"MA Chidambaram Stadium, Chepauk",2,0.3,Royal Challengers Bangalore,Chennai Super Kings,NJ Maddinson,V Kohli,IC Pandey,4,0,,,,,,,,,
829779,2015,2015-05-04,"MA Chidambaram Stadium, Chepauk",2,0.4,Royal Challengers Bangalore,Chennai Super Kings,NJ Maddinson,V Kohli,IC Pandey,0,0,,,,,,,,,
829779,2015,2015-05-04,"MA Chidambaram Stadium, Chepauk",2,0.5,Royal Challengers Bangalore,Chennai Super Kings,NJ Maddinson,V Kohli,IC Pandey,0,0,,,,,,,,,
829779,2015,2015-05-04,"MA Chidambaram Stadium, Chepauk",2,0.6,Royal Challengers Bangalore,Chennai Super Kings,NJ Maddinson,V Kohli,IC Pandey,0,0,,,,,,,,,
829779,2015,2015-05-04,"MA Chidambaram Stadium, Chepauk",2,1.1,Royal Challengers Bangalore,Chennai Super Kings,V Kohli,NJ Maddinson,A Nehra,0,0,,,,,,,,,
829779,2015,2015-05-04,"MA Chidambaram Stadium, Chepauk",2,1.2,Royal Challengers Bangalore,Chennai Super Kings,V Kohli,NJ Maddinson,A Nehra,0,0,,,,,,,,,
829779,2015,2015-05-04,"MA Chidambaram Stadium, Chepauk",2,1.3,Royal Challengers Bangalore,Chennai Super Kings,V Kohli,NJ Maddinson,A Nehra,2,0,,,,,,,,,
829779,2015,2015-05-04,"MA Chidambaram Stadium, Chepauk",2,1.4,Royal Challengers Bangalore,Chennai Super Kings,V Kohli,NJ Maddinson,A Nehra,4,0,,,,,,,,,
829779,2015,2015-05-04,"MA Chidambaram Stadium, Chepauk",2,1.5,Royal Challengers Bangalore,Chennai Super Kings,V Kohli,NJ Maddinson,A Nehra,0,0,,,,,,,,,
829779,2015,2015-05-04,"MA Chidambaram Stadium, Chepauk",2,1.6,Royal Challengers Bangalore,Chennai Super Kings,V Kohli,NJ Maddinson,A Nehra,0,0,,,,,,,,,
829779,2015,2015-05-04,"MA Chidambaram Stadium, Chepauk",2,2.1,Royal Challengers Bangalore,Chennai Super Kings,NJ Maddinson,V Kohli,IC Pandey,0,0,,,,,,bowled,NJ Maddinson,,
829779,2015,2015-05-04,"MA Chidambaram Stadium, Chepauk",2,2.2,Royal Challengers Bangalore,Chennai Super Kings,AB de Villiers,V Kohli,IC Pandey,0,0,,,,,,,,,
829779,2015,2015-05-04,"MA Chidambaram Stadium, Chepauk",2,2.3,Royal Challengers Bangalore,Chennai Super Kings,AB de Villiers,V Kohli,IC Pandey,4,0,,,,,,,,,
829779,2015,2015-05-04,"MA Chidambaram Stadium, Chepauk",2,2.4,Royal Challengers Bangalore,Chennai Super Kings,AB de Villiers,V Kohli,IC Pandey,0,0,,,,,,,,,
829779,2015,2015-05-04,"MA Chidambaram Stadium, Chepauk",2,2.5,Royal Challengers Bangalore,Chennai Super Kings,AB de Villiers,V Kohli,IC Pandey,4,0,,,,,,,,,
829779,2015,2015-05-04,"MA Chidambaram Stadium, Chepauk",2,2.6,Royal Challengers Bangalore,Chennai Super Kings,AB de Villiers,V Kohli,IC Pandey,0,0,,,,,,,,,
829779,2015,2015-05-04,"MA Chidambaram Stadium, Chepauk",2,3.1,Royal Challengers Bangalore,Chennai Super Kings,V Kohli,AB de Villiers,A Nehra,1,0,,,,,,,,,
829779,2015,2015-05-04,"MA Chidambaram Stadium, Chepauk",2,3.2,Royal Challengers Bangalore,Chennai Super Kings,AB de Villiers,V Kohli,A Nehra,0,0,,,,,,,,,
829779,2015,2015-05-04,"MA Chidambaram Stadium, Chepauk",2,3.3,Royal Challengers Bangalore,Chennai Super Kings,AB de Villiers,V Kohli,A Nehra,1,0,,,,,,,,,
829779,2015,2015-05-04,"MA Chidambaram Stadium, Chepauk",2,3.4,Royal Challengers Bangalore,Chennai Super Kings,V Kohli,AB de Villiers,A Nehra,1,0,,,,,,,,,
829779,2015,2015-05-04,"MA Chidambaram Stadium, Chepauk",2,3.5,Royal Challengers Bangalore,Chennai Super Kings,AB de Villiers,V Kohli,A Nehra,0,0,,,,,,,,,
829779,2015,2015-05-04,"MA Chidambaram Stadium, Chepauk",2,3.6,Royal Challengers Bangalore,Chennai Super Kings,AB de Villiers,V Kohli,A Nehra,4,0,,,,,,,,,
829779,2015,2015-05-04,"MA Chidambaram Stadium, Chepauk",2,4.1,Royal Challengers Bangalore,Chennai Super Kings,V Kohli,AB de Villiers,IC Pandey,1,0,,,,,,,,,
829779,2015,2015-05-04,"MA Chidambaram Stadium, Chepauk",2,4.2,Royal Challengers Bangalore,Chennai Super Kings,AB de Villiers,V Kohli,IC Pandey,4,0,,,,,,,,,
829779,2015,2015-05-04,"MA Chidambaram Stadium, Chepauk",2,4.3,Royal Challengers Bangalore,Chennai Super Kings,AB de Villiers,V Kohli,IC Pandey,0,0,,,,,,,,,
829779,2015,2015-05-04,"MA Chidambaram Stadium, Chepauk",2,4.4,Royal Challengers Bangalore,Chennai Super Kings,AB de Villiers,V Kohli,IC Pandey,4,0,,,,,,,,,
829779,2015,2015-05-04,"MA Chidambaram Stadium, Chepauk",2,4.5,Royal Challengers Bangalore,Chennai Super Kings,AB de Villiers,V Kohli,IC Pandey,0,0,,,,,,,,,
829779,2015,2015-05-04,"MA Chidambaram Stadium, Chepauk",2,4.6,Royal Challengers Bangalore,Chennai Super Kings,AB de Villiers,V Kohli,IC Pandey,0,0,,,,,,caught,AB de Villiers,,
829779,2015,2015-05-04,"MA Chidambaram Stadium, Chepauk",2,5.1,Royal Challengers Bangalore,Chennai Super Kings,V Kohli,Mandeep Singh,MM Sharma,0,0,,,,,,,,,
829779,2015,2015-05-04,"MA Chidambaram Stadium, Chepauk",2,5.2,Royal Challengers Bangalore,Chennai Super Kings,V Kohli,Mandeep Singh,MM Sharma,0,0,,,,,,run out,Mandeep Singh,,
829779,2015,2015-05-04,"MA Chidambaram Stadium, Chepauk",2,5.3,Royal Challengers Bangalore,Chennai Super Kings,KD Karthik,V Kohli,MM Sharma,1,0,,,,,,,,,
829779,2015,2015-05-04,"MA Chidambaram Stadium, Chepauk",2,5.4,Royal Challengers Bangalore,Chennai Super Kings,V Kohli,KD Karthik,MM Sharma,3,0,,,,,,,,,
829779,2015,2015-05-04,"MA Chidambaram Stadium, Chepauk",2,5.5,Royal Challengers Bangalore,Chennai Super Kings,KD Karthik,V Kohli,MM Sharma,0,0,,,,,,,,,
829779,2015,2015-05-04,"MA Chidambaram Stadium, Chepauk",2,5.6,Royal Challengers Bangalore,Chennai Super Kings,KD Karthik,V Kohli,MM Sharma,4,0,,,,,,,,,
829779,2015,2015-05-04,"MA Chidambaram Stadium, Chepauk",2,6.1,Royal Challengers Bangalore,Chennai Super Kings,V Kohli,KD Karthik,IC Pandey,1,0,,,,,,,,,
829779,2015,2015-05-04,"MA Chidambaram Stadium, Chepauk",2,6.2,Royal Challengers Bangalore,Chennai Super Kings,KD Karthik,V Kohli,IC Pandey,1,0,,,,,,,,,
829779,2015,2015-05-04,"MA Chidambaram Stadium, Chepauk",2,6.3,Royal Challengers Bangalore,Chennai Super Kings,V Kohli,KD Karthik,IC Pandey,1,0,,,,,,,,,
829779,2015,2015-05-04,"MA Chidambaram Stadium, Chepauk",2,6.4,Royal Challengers Bangalore,Chennai Super Kings,KD Karthik,V Kohli,IC Pandey,0,0,,,,,,,,,
829779,2015,2015-05-04,"MA Chidambaram Stadium, Chepauk",2,6.5,Royal Challengers Bangalore,Chennai Super Kings,KD Karthik,V Kohli,IC Pandey,4,0,,,,,,,,,
829779,2015,2015-05-04,"MA Chidambaram Stadium, Chepauk",2,6.6,Royal Challengers Bangalore,Chennai Super Kings,KD Karthik,V Kohli,IC Pandey,0,0,,,,,,,,,
829779,2015,2015-05-04,"MA Chidambaram Stadium, Chepauk",2,7.1,Royal Challengers Bangalore,Chennai Super Kings,V Kohli,KD Karthik,MM Sharma,0,0,,,,,,,,,
829779,2015,2015-05-04,"MA Chidambaram Stadium, Chepauk",2,7.2,Royal Challengers Bangalore,Chennai Super Kings,V Kohli,KD Karthik,MM Sharma,1,0,,,,,,,,,
829779,2015,2015-05-04,"MA Chidambaram Stadium, Chepauk",2,7.3,Royal Challengers Bangalore,Chennai Super Kings,KD Karthik,V Kohli,MM Sharma,1,0,,,,,,,,,
829779,2015,2015-05-04,"MA Chidambaram Stadium, Chepauk",2,7.4,Royal Challengers Bangalore,Chennai Super Kings,V Kohli,KD Karthik,MM Sharma,1,0,,,,,,,,,
829779,2015,2015-05-04,"MA Chidambaram Stadium, Chepauk",2,7.5,Royal Challengers Bangalore,Chennai Super Kings,KD Karthik,V Kohli,MM Sharma,0,0,,,,,,,,,
829779,2015,2015-05-04,"MA Chidambaram Stadium, Chepauk",2,7.6,Royal Challengers Bangalore,Chennai Super Kings,KD Karthik,V Kohli,MM Sharma,4,0,,,,,,,,,
829779,2015,2015-05-04,"MA Chidambaram Stadium, Chepauk",2,8.1,Royal Challengers Bangalore,Chennai Super Kings,V Kohli,KD Karthik,RA Jadeja,1,0,,,,,,,,,
829779,2015,2015-05-04,"MA Chidambaram Stadium, Chepauk",2,8.2,Royal Challengers Bangalore,Chennai Super Kings,KD Karthik,V Kohli,RA Jadeja,0,0,,,,,,,,,
829779,2015,2015-05-04,"MA Chidambaram Stadium, Chepauk",2,8.3,Royal Challengers Bangalore,Chennai Super Kings,KD Karthik,V Kohli,RA Jadeja,1,0,,,,,,,,,
829779,2015,2015-05-04,"MA Chidambaram Stadium, Chepauk",2,8.4,Royal Challengers Bangalore,Chennai Super Kings,V Kohli,KD Karthik,RA Jadeja,4,0,,,,,,,,,
829779,2015,2015-05-04,"MA Chidambaram Stadium, Chepauk",2,8.5,Royal Challengers Bangalore,Chennai Super Kings,V Kohli,KD Karthik,RA Jadeja,2,0,,,,,,,,,
829779,2015,2015-05-04,"MA Chidambaram Stadium, Chepauk",2,8.6,Royal Challengers Bangalore,Chennai Super Kings,V Kohli,KD Karthik,RA Jadeja,1,0,,,,,,,,,
829779,2015,2015-05-04,"MA Chidambaram Stadium, Chepauk",2,9.1,Royal Challengers Bangalore,Chennai Super Kings,V Kohli,KD Karthik,P Negi,0,0,,,,,,,,,
829779,2015,2015-05-04,"MA Chidambaram Stadium, Chepauk",2,9.2,Royal Challengers Bangalore,Chennai Super Kings,V Kohli,KD Karthik,P Negi,0,0,,,,,,,,,
829779,2015,2015-05-04,"MA Chidambaram Stadium, Chepauk",2,9.3,Royal Challengers Bangalore,Chennai Super Kings,V Kohli,KD Karthik,P Negi,1,0,,,,,,,,,
829779,2015,2015-05-04,"MA Chidambaram Stadium, Chepauk",2,9.4,Royal Challengers Bangalore,Chennai Super Kings,KD Karthik,V Kohli,P Negi,4,0,,,,,,,,,
829779,2015,2015-05-04,"MA Chidambaram Stadium, Chepauk",2,9.5,Royal Challengers Bangalore,Chennai Super Kings,KD Karthik,V Kohli,P Negi,0,0,,,,,,,,,
829779,2015,2015-05-04,"MA Chidambaram Stadium, Chepauk",2,9.6,Royal Challengers Bangalore,Chennai Super Kings,KD Karthik,V Kohli,P Negi,1,0,,,,,,,,,
829779,2015,2015-05-04,"MA Chidambaram Stadium, Chepauk",2,10.1,Royal Challengers Bangalore,Chennai Super Kings,KD Karthik,V Kohli,RA Jadeja,1,0,,,,,,,,,
829779,2015,2015-05-04,"MA Chidambaram Stadium, Chepauk",2,10.2,Royal Challengers Bangalore,Chennai Super Kings,V Kohli,KD Karthik,RA Jadeja,0,0,,,,,,,,,
829779,2015,2015-05-04,"MA Chidambaram Stadium, Chepauk",2,10.3,Royal Challengers Bangalore,Chennai Super Kings,V Kohli,KD Karthik,RA Jadeja,0,0,,,,,,,,,
829779,2015,2015-05-04,"MA Chidambaram Stadium, Chepauk",2,10.4,Royal Challengers Bangalore,Chennai Super Kings,V Kohli,KD Karthik,RA Jadeja,0,0,,,,,,,,,
829779,2015,2015-05-04,"MA Chidambaram Stadium, Chepauk",2,10.5,Royal Challengers Bangalore,Chennai Super Kings,V Kohli,KD Karthik,RA Jadeja,0,0,,,,,,,,,
829779,2015,2015-05-04,"MA Chidambaram Stadium, Chepauk",2,10.6,Royal Challengers Bangalore,Chennai Super Kings,V Kohli,KD Karthik,RA Jadeja,1,0,,,,,,,,,
829779,2015,2015-05-04,"MA Chidambaram Stadium, Chepauk",2,11.1,Royal Challengers Bangalore,Chennai Super Kings,V Kohli,KD Karthik,P Negi,6,0,,,,,,,,,
829779,2015,2015-05-04,"MA Chidambaram Stadium, Chepauk",2,11.2,Royal Challengers Bangalore,Chennai Super Kings,V Kohli,KD Karthik,P Negi,2,0,,,,,,,,,
829779,2015,2015-05-04,"MA Chidambaram Stadium, Chepauk",2,11.3,Royal Challengers Bangalore,Chennai Super Kings,V Kohli,KD Karthik,P Negi,0,0,,,,,,,,,
829779,2015,2015-05-04,"MA Chidambaram Stadium, Chepauk",2,11.4,Royal Challengers Bangalore,Chennai Super Kings,V Kohli,KD Karthik,P Negi,2,0,,,,,,,,,
829779,2015,2015-05-04,"MA Chidambaram Stadium, Chepauk",2,11.5,Royal Challengers Bangalore,Chennai Super Kings,V Kohli,KD Karthik,P Negi,2,0,,,,,,,,,
829779,2015,2015-05-04,"MA Chidambaram Stadium, Chepauk",2,11.6,Royal Challengers Bangalore,Chennai Super Kings,V Kohli,KD Karthik,P Negi,1,0,,,,,,,,,
829779,2015,2015-05-04,"MA Chidambaram Stadium, Chepauk",2,12.1,Royal Challengers Bangalore,Chennai Super Kings,V Kohli,KD Karthik,MM Sharma,1,0,,,,,,,,,
829779,2015,2015-05-04,"MA Chidambaram Stadium, Chepauk",2,12.2,Royal Challengers Bangalore,Chennai Super Kings,KD Karthik,V Kohli,MM Sharma,1,0,,,,,,,,,
829779,2015,2015-05-04,"MA Chidambaram Stadium, Chepauk",2,12.3,Royal Challengers Bangalore,Chennai Super Kings,V Kohli,KD Karthik,MM Sharma,0,0,,,,,,,,,
829779,2015,2015-05-04,"MA Chidambaram Stadium, Chepauk",2,12.4,Royal Challengers Bangalore,Chennai Super Kings,V Kohli,KD Karthik,MM Sharma,2,0,,,,,,,,,
829779,2015,2015-05-04,"MA Chidambaram Stadium, Chepauk",2,12.5,Royal Challengers Bangalore,Chennai Super Kings,V Kohli,KD Karthik,MM Sharma,2,0,,,,,,,,,
829779,2015,2015-05-04,"MA Chidambaram Stadium, Chepauk",2,12.6,Royal Challengers Bangalore,Chennai Super Kings,V Kohli,KD Karthik,MM Sharma,1,0,,,,,,,,,
829779,2015,2015-05-04,"MA Chidambaram Stadium, Chepauk",2,13.1,Royal Challengers Bangalore,Chennai Super Kings,V Kohli,KD Karthik,DJ Bravo,1,0,,,,,,,,,
829779,2015,2015-05-04,"MA Chidambaram Stadium, Chepauk",2,13.2,Royal Challengers Bangalore,Chennai Super Kings,KD Karthik,V Kohli,DJ Bravo,0,0,,,,,,,,,
829779,2015,2015-05-04,"MA Chidambaram Stadium, Chepauk",2,13.3,Royal Challengers Bangalore,Chennai Super Kings,KD Karthik,V Kohli,DJ Bravo,0,1,,,,1,,,,,
829779,2015,2015-05-04,"MA Chidambaram Stadium, Chepauk",2,13.4,Royal Challengers Bangalore,Chennai Super Kings,V Kohli,KD Karthik,DJ Bravo,0,0,,,,,,,,,
829779,2015,2015-05-04,"MA Chidambaram Stadium, Chepauk",2,13.5,Royal Challengers Bangalore,Chennai Super Kings,V Kohli,KD Karthik,DJ Bravo,2,0,,,,,,,,,
829779,2015,2015-05-04,"MA Chidambaram Stadium, Chepauk",2,13.6,Royal Challengers Bangalore,Chennai Super Kings,V Kohli,KD Karthik,DJ Bravo,0,0,,,,,,run out,V Kohli,,
829779,2015,2015-05-04,"MA Chidambaram Stadium, Chepauk",2,14.1,Royal Challengers Bangalore,Chennai Super Kings,KD Karthik,SN Khan,A Nehra,0,0,,,,,,caught,KD Karthik,,
829779,2015,2015-05-04,"MA Chidambaram Stadium, Chepauk",2,14.2,Royal Challengers Bangalore,Chennai Super Kings,D Wiese,SN Khan,A Nehra,0,0,,,,,,,,,
829779,2015,2015-05-04,"MA Chidambaram Stadium, Chepauk",2,14.3,Royal Challengers Bangalore,Chennai Super Kings,D Wiese,SN Khan,A Nehra,1,0,,,,,,,,,
829779,2015,2015-05-04,"MA Chidambaram Stadium, Chepauk",2,14.4,Royal Challengers Bangalore,Chennai Super Kings,SN Khan,D Wiese,A Nehra,1,0,,,,,,,,,
829779,2015,2015-05-04,"MA Chidambaram Stadium, Chepauk",2,14.5,Royal Challengers Bangalore,Chennai Super Kings,D Wiese,SN Khan,A Nehra,0,0,,,,,,,,,
829779,2015,2015-05-04,"MA Chidambaram Stadium, Chepauk",2,14.6,Royal Challengers Bangalore,Chennai Super Kings,D Wiese,SN Khan,A Nehra,1,0,,,,,,,,,
829779,2015,2015-05-04,"MA Chidambaram Stadium, Chepauk",2,15.1,Royal Challengers Bangalore,Chennai Super Kings,D Wiese,SN Khan,DJ Bravo,1,0,,,,,,,,,
829779,2015,2015-05-04,"MA Chidambaram Stadium, Chepauk",2,15.2,Royal Challengers Bangalore,Chennai Super Kings,SN Khan,D Wiese,DJ Bravo,0,0,,,,,,,,,
829779,2015,2015-05-04,"MA Chidambaram Stadium, Chepauk",2,15.3,Royal Challengers Bangalore,Chennai Super Kings,SN Khan,D Wiese,DJ Bravo,4,0,,,,,,,,,
829779,2015,2015-05-04,"MA Chidambaram Stadium, Chepauk",2,15.4,Royal Challengers Bangalore,Chennai Super Kings,SN Khan,D Wiese,DJ Bravo,2,0,,,,,,,,,
829779,2015,2015-05-04,"MA Chidambaram Stadium, Chepauk",2,15.5,Royal Challengers Bangalore,Chennai Super Kings,SN Khan,D Wiese,DJ Bravo,1,0,,,,,,,,,
829779,2015,2015-05-04,"MA Chidambaram Stadium, Chepauk",2,15.6,Royal Challengers Bangalore,Chennai Super Kings,D Wiese,SN Khan,DJ Bravo,1,0,,,,,,,,,
829779,2015,2015-05-04,"MA Chidambaram Stadium, Chepauk",2,16.1,Royal Challengers Bangalore,Chennai Super Kings,D Wiese,SN Khan,A Nehra,0,1,1,,,,,,,,
829779,2015,2015-05-04,"MA Chidambaram Stadium, Chepauk",2,16.2,Royal Challengers Bangalore,Chennai Super Kings,D Wiese,SN Khan,A Nehra,1,0,,,,,,,,,
829779,2015,2015-05-04,"MA Chidambaram Stadium, Chepauk",2,16.3,Royal Challengers Bangalore,Chennai Super Kings,SN Khan,D Wiese,A Nehra,0,0,,,,,,,,,
829779,2015,2015-05-04,"MA Chidambaram Stadium, Chepauk",2,16.4,Royal Challengers Bangalore,Chennai Super Kings,SN Khan,D Wiese,A Nehra,0,0,,,,,,,,,
829779,2015,2015-05-04,"MA Chidambaram Stadium, Chepauk",2,16.5,Royal Challengers Bangalore,Chennai Super Kings,SN Khan,D Wiese,A Nehra,0,0,,,,,,caught,SN Khan,,
829779,2015,2015-05-04,"MA Chidambaram Stadium, Chepauk",2,16.6,Royal Challengers Bangalore,Chennai Super Kings,D Wiese,HV Patel,A Nehra,1,0,,,,,,,,,
829779,2015,2015-05-04,"MA Chidambaram Stadium, Chepauk",2,16.7,Royal Challengers Bangalore,Chennai Super Kings,HV Patel,D Wiese,A Nehra,0,0,,,,,,caught,HV Patel,,
829779,2015,2015-05-04,"MA Chidambaram Stadium, Chepauk",2,17.1,Royal Challengers Bangalore,Chennai Super Kings,D Wiese,MA Starc,DJ Bravo,4,0,,,,,,,,,
829779,2015,2015-05-04,"MA Chidambaram Stadium, Chepauk",2,17.2,Royal Challengers Bangalore,Chennai Super Kings,D Wiese,MA Starc,DJ Bravo,1,0,,,,,,,,,
829779,2015,2015-05-04,"MA Chidambaram Stadium, Chepauk",2,17.3,Royal Challengers Bangalore,Chennai Super Kings,MA Starc,D Wiese,DJ Bravo,0,0,,,,,,,,,
829779,2015,2015-05-04,"MA Chidambaram Stadium, Chepauk",2,17.4,Royal Challengers Bangalore,Chennai Super Kings,MA Starc,D Wiese,DJ Bravo,0,0,,,,,,,,,
829779,2015,2015-05-04,"MA Chidambaram Stadium, Chepauk",2,17.5,Royal Challengers Bangalore,Chennai Super Kings,MA Starc,D Wiese,DJ Bravo,0,0,,,,,,,,,
829779,2015,2015-05-04,"MA Chidambaram Stadium, Chepauk",2,17.6,Royal Challengers Bangalore,Chennai Super Kings,MA Starc,D Wiese,DJ Bravo,0,0,,,,,,,,,
829779,2015,2015-05-04,"MA Chidambaram Stadium, Chepauk",2,18.1,Royal Challengers Bangalore,Chennai Super Kings,D Wiese,MA Starc,MM Sharma,4,0,,,,,,,,,
829779,2015,2015-05-04,"MA Chidambaram Stadium, Chepauk",2,18.2,Royal Challengers Bangalore,Chennai Super Kings,D Wiese,MA Starc,MM Sharma,1,0,,,,,,,,,
829779,2015,2015-05-04,"MA Chidambaram Stadium, Chepauk",2,18.3,Royal Challengers Bangalore,Chennai Super Kings,MA Starc,D Wiese,MM Sharma,1,0,,,,,,,,,
829779,2015,2015-05-04,"MA Chidambaram Stadium, Chepauk",2,18.4,Royal Challengers Bangalore,Chennai Super Kings,D Wiese,MA Starc,MM Sharma,1,0,,,,,,,,,
829779,2015,2015-05-04,"MA Chidambaram Stadium, Chepauk",2,18.5,Royal Challengers Bangalore,Chennai Super Kings,MA Starc,D Wiese,MM Sharma,0,0,,,,,,,,,
829779,2015,2015-05-04,"MA Chidambaram Stadium, Chepauk",2,18.6,Royal Challengers Bangalore,Chennai Super Kings,MA Starc,D Wiese,MM Sharma,0,0,,,,,,caught,MA Starc,,
829779,2015,2015-05-04,"MA Chidambaram Stadium, Chepauk",2,19.1,Royal Challengers Bangalore,Chennai Super Kings,D Wiese,Iqbal Abdulla,DJ Bravo,0,0,,,,,,caught,D Wiese,,
829779,2015,2015-05-04,"MA Chidambaram Stadium, Chepauk",2,19.2,Royal Challengers Bangalore,Chennai Super Kings,Iqbal Abdulla,YS Chahal,DJ Bravo,0,0,,,,,,,,,
829779,2015,2015-05-04,"MA Chidambaram Stadium, Chepauk",2,19.3,Royal Challengers Bangalore,Chennai Super Kings,Iqbal Abdulla,YS Chahal,DJ Bravo,0,0,,,,,,,,,
829779,2015,2015-05-04,"MA Chidambaram Stadium, Chepauk",2,19.4,Royal Challengers Bangalore,Chennai Super Kings,Iqbal Abdulla,YS Chahal,DJ Bravo,0,0,,,,,,caught,Iqbal Abdulla,,
