match_id,season,start_date,venue,innings,ball,batting_team,bowling_team,striker,non_striker,bowler,runs_off_bat,extras,wides,noballs,byes,legbyes,penalty,wicket_type,player_dismissed,other_wicket_type,other_player_dismissed
829721,2015,2015-04-14,"Sardar Patel Stadium, Motera",1,0.1,Mumbai Indians,Rajasthan Royals,AJ Finch,PA Patel,TG Southee,0,0,,,,,,,,,
829721,2015,2015-04-14,"Sardar Patel Stadium, Motera",1,0.2,Mumbai Indians,Rajasthan Royals,AJ Finch,PA Patel,TG Southee,1,0,,,,,,,,,
829721,2015,2015-04-14,"Sardar Patel Stadium, Motera",1,0.3,Mumbai Indians,Rajasthan Royals,PA Patel,AJ Finch,TG Southee,1,0,,,,,,,,,
829721,2015,2015-04-14,"Sardar Patel Stadium, Motera",1,0.4,Mumbai Indians,Rajasthan Royals,AJ Finch,PA Patel,TG Southee,4,0,,,,,,,,,
829721,2015,2015-04-14,"Sardar Patel Stadium, Motera",1,0.5,Mumbai Indians,Rajasthan Royals,AJ Finch,PA Patel,TG Southee,0,0,,,,,,,,,
829721,2015,2015-04-14,"Sardar Patel Stadium, Motera",1,0.6,Mumbai Indians,Rajasthan Royals,AJ Finch,PA Patel,TG Southee,0,0,,,,,,,,,
829721,2015,2015-04-14,"Sardar Patel Stadium, Motera",1,1.1,Mumbai Indians,Rajasthan Royals,PA Patel,AJ Finch,CH Morris,4,0,,,,,,,,,
829721,2015,2015-04-14,"Sardar Patel Stadium, Motera",1,1.2,Mumbai Indians,Rajasthan Royals,PA Patel,AJ Finch,CH Morris,0,0,,,,,,,,,
829721,2015,2015-04-14,"Sardar Patel Stadium, Motera",1,1.3,Mumbai Indians,Rajasthan Royals,PA Patel,AJ Finch,CH Morris,3,0,,,,,,,,,
829721,2015,2015-04-14,"Sardar Patel Stadium, Motera",1,1.4,Mumbai Indians,Rajasthan Royals,AJ Finch,PA Patel,CH Morris,0,0,,,,,,,,,
829721,2015,2015-04-14,"Sardar Patel Stadium, Motera",1,1.5,Mumbai Indians,Rajasthan Royals,AJ Finch,PA Patel,CH Morris,0,0,,,,,,,,,
829721,2015,2015-04-14,"Sardar Patel Stadium, Motera",1,1.6,Mumbai Indians,Rajasthan Royals,AJ Finch,PA Patel,CH Morris,4,0,,,,,,,,,
829721,2015,2015-04-14,"Sardar Patel Stadium, Motera",1,2.1,Mumbai Indians,Rajasthan Royals,PA Patel,AJ Finch,DS Kulkarni,4,0,,,,,,,,,
829721,2015,2015-04-14,"Sardar Patel Stadium, Motera",1,2.2,Mumbai Indians,Rajasthan Royals,PA Patel,AJ Finch,DS Kulkarni,1,0,,,,,,,,,
829721,2015,2015-04-14,"Sardar Patel Stadium, Motera",1,2.3,Mumbai Indians,Rajasthan Royals,AJ Finch,PA Patel,DS Kulkarni,0,0,,,,,,,,,
829721,2015,2015-04-14,"Sardar Patel Stadium, Motera",1,2.4,Mumbai Indians,Rajasthan Royals,AJ Finch,PA Patel,DS Kulkarni,0,0,,,,,,,,,
829721,2015,2015-04-14,"Sardar Patel Stadium, Motera",1,2.5,Mumbai Indians,Rajasthan Royals,AJ Finch,PA Patel,DS Kulkarni,0,0,,,,,,,,,
829721,2015,2015-04-14,"Sardar Patel Stadium, Motera",1,2.6,Mumbai Indians,Rajasthan Royals,AJ Finch,PA Patel,DS Kulkarni,0,0,,,,,,,,,
829721,2015,2015-04-14,"Sardar Patel Stadium, Motera",1,3.1,Mumbai Indians,Rajasthan Royals,PA Patel,AJ Finch,STR Binny,1,0,,,,,,,,,
829721,2015,2015-04-14,"Sardar Patel Stadium, Motera",1,3.2,Mumbai Indians,Rajasthan Royals,AJ Finch,PA Patel,STR Binny,0,0,,,,,,,,,
829721,2015,2015-04-14,"Sardar Patel Stadium, Motera",1,3.3,Mumbai Indians,Rajasthan Royals,AJ Finch,PA Patel,STR Binny,1,0,,,,,,retired hurt,AJ Finch,,
829721,2015,2015-04-14,"Sardar Patel Stadium, Motera",1,3.4,Mumbai Indians,Rajasthan Royals,PA Patel,UBT Chand,STR Binny,0,0,,,,,,,,,
829721,2015,2015-04-14,"Sardar Patel Stadium, Motera",1,3.5,Mumbai Indians,Rajasthan Royals,PA Patel,UBT Chand,STR Binny,2,0,,,,,,,,,
829721,2015,2015-04-14,"Sardar Patel Stadium, Motera",1,3.6,Mumbai Indians,Rajasthan Royals,PA Patel,UBT Chand,STR Binny,0,0,,,,,,,,,
829721,2015,2015-04-14,"Sardar Patel Stadium, Motera",1,4.1,Mumbai Indians,Rajasthan Royals,UBT Chand,PA Patel,DS Kulkarni,0,0,,,,,,,,,
829721,2015,2015-04-14,"Sardar Patel Stadium, Motera",1,4.2,Mumbai Indians,Rajasthan Royals,UBT Chand,PA Patel,DS Kulkarni,0,0,,,,,,,,,
829721,2015,2015-04-14,"Sardar Patel Stadium, Motera",1,4.3,Mumbai Indians,Rajasthan Royals,UBT Chand,PA Patel,DS Kulkarni,1,0,,,,,,,,,
829721,2015,2015-04-14,"Sardar Patel Stadium, Motera",1,4.4,Mumbai Indians,Rajasthan Royals,PA Patel,UBT Chand,DS Kulkarni,0,0,,,,,,caught,PA Patel,,
829721,2015,2015-04-14,"Sardar Patel Stadium, Motera",1,4.5,Mumbai Indians,Rajasthan Royals,RG Sharma,UBT Chand,DS Kulkarni,0,0,,,,,,,,,
829721,2015,2015-04-14,"Sardar Patel Stadium, Motera",1,4.6,Mumbai Indians,Rajasthan Royals,RG Sharma,UBT Chand,DS Kulkarni,0,0,,,,,,,,,
829721,2015,2015-04-14,"Sardar Patel Stadium, Motera",1,5.1,Mumbai Indians,Rajasthan Royals,UBT Chand,RG Sharma,TG Southee,0,0,,,,,,,,,
829721,2015,2015-04-14,"Sardar Patel Stadium, Motera",1,5.2,Mumbai Indians,Rajasthan Royals,UBT Chand,RG Sharma,TG Southee,0,0,,,,,,,,,
829721,2015,2015-04-14,"Sardar Patel Stadium, Motera",1,5.3,Mumbai Indians,Rajasthan Royals,UBT Chand,RG Sharma,TG Southee,0,0,,,,,,,,,
829721,2015,2015-04-14,"Sardar Patel Stadium, Motera",1,5.4,Mumbai Indians,Rajasthan Royals,UBT Chand,RG Sharma,TG Southee,0,0,,,,,,,,,
829721,2015,2015-04-14,"Sardar Patel Stadium, Motera",1,5.5,Mumbai Indians,Rajasthan Royals,UBT Chand,RG Sharma,TG Southee,4,0,,,,,,,,,
829721,2015,2015-04-14,"Sardar Patel Stadium, Motera",1,5.6,Mumbai Indians,Rajasthan Royals,UBT Chand,RG Sharma,TG Southee,0,0,,,,,,,,,
829721,2015,2015-04-14,"Sardar Patel Stadium, Motera",1,6.1,Mumbai Indians,Rajasthan Royals,RG Sharma,UBT Chand,STR Binny,0,0,,,,,,,,,
829721,2015,2015-04-14,"Sardar Patel Stadium, Motera",1,6.2,Mumbai Indians,Rajasthan Royals,RG Sharma,UBT Chand,STR Binny,0,0,,,,,,,,,
829721,2015,2015-04-14,"Sardar Patel Stadium, Motera",1,6.3,Mumbai Indians,Rajasthan Royals,RG Sharma,UBT Chand,STR Binny,0,0,,,,,,caught,RG Sharma,,
829721,2015,2015-04-14,"Sardar Patel Stadium, Motera",1,6.4,Mumbai Indians,Rajasthan Royals,CJ Anderson,UBT Chand,STR Binny,0,0,,,,,,,,,
829721,2015,2015-04-14,"Sardar Patel Stadium, Motera",1,6.5,Mumbai Indians,Rajasthan Royals,CJ Anderson,UBT Chand,STR Binny,4,0,,,,,,,,,
829721,2015,2015-04-14,"Sardar Patel Stadium, Motera",1,6.6,Mumbai Indians,Rajasthan Royals,CJ Anderson,UBT Chand,STR Binny,0,0,,,,,,,,,
829721,2015,2015-04-14,"Sardar Patel Stadium, Motera",1,7.1,Mumbai Indians,Rajasthan Royals,UBT Chand,CJ Anderson,DJ Hooda,0,0,,,,,,,,,
829721,2015,2015-04-14,"Sardar Patel Stadium, Motera",1,7.2,Mumbai Indians,Rajasthan Royals,UBT Chand,CJ Anderson,DJ Hooda,1,0,,,,,,,,,
829721,2015,2015-04-14,"Sardar Patel Stadium, Motera",1,7.3,Mumbai Indians,Rajasthan Royals,CJ Anderson,UBT Chand,DJ Hooda,0,0,,,,,,,,,
829721,2015,2015-04-14,"Sardar Patel Stadium, Motera",1,7.4,Mumbai Indians,Rajasthan Royals,CJ Anderson,UBT Chand,DJ Hooda,1,0,,,,,,,,,
829721,2015,2015-04-14,"Sardar Patel Stadium, Motera",1,7.5,Mumbai Indians,Rajasthan Royals,UBT Chand,CJ Anderson,DJ Hooda,1,0,,,,,,,,,
829721,2015,2015-04-14,"Sardar Patel Stadium, Motera",1,7.6,Mumbai Indians,Rajasthan Royals,CJ Anderson,UBT Chand,DJ Hooda,0,0,,,,,,,,,
829721,2015,2015-04-14,"Sardar Patel Stadium, Motera",1,8.1,Mumbai Indians,Rajasthan Royals,UBT Chand,CJ Anderson,JP Faulkner,0,1,,,,1,,,,,
829721,2015,2015-04-14,"Sardar Patel Stadium, Motera",1,8.2,Mumbai Indians,Rajasthan Royals,CJ Anderson,UBT Chand,JP Faulkner,0,0,,,,,,,,,
829721,2015,2015-04-14,"Sardar Patel Stadium, Motera",1,8.3,Mumbai Indians,Rajasthan Royals,CJ Anderson,UBT Chand,JP Faulkner,0,0,,,,,,,,,
829721,2015,2015-04-14,"Sardar Patel Stadium, Motera",1,8.4,Mumbai Indians,Rajasthan Royals,CJ Anderson,UBT Chand,JP Faulkner,0,0,,,,,,,,,
829721,2015,2015-04-14,"Sardar Patel Stadium, Motera",1,8.5,Mumbai Indians,Rajasthan Royals,CJ Anderson,UBT Chand,JP Faulkner,0,0,,,,,,,,,
829721,2015,2015-04-14,"Sardar Patel Stadium, Motera",1,8.6,Mumbai Indians,Rajasthan Royals,CJ Anderson,UBT Chand,JP Faulkner,0,0,,,,,,,,,
829721,2015,2015-04-14,"Sardar Patel Stadium, Motera",1,9.1,Mumbai Indians,Rajasthan Royals,UBT Chand,CJ Anderson,PV Tambe,2,0,,,,,,,,,
829721,2015,2015-04-14,"Sardar Patel Stadium, Motera",1,9.2,Mumbai Indians,Rajasthan Royals,UBT Chand,CJ Anderson,PV Tambe,1,0,,,,,,,,,
829721,2015,2015-04-14,"Sardar Patel Stadium, Motera",1,9.3,Mumbai Indians,Rajasthan Royals,CJ Anderson,UBT Chand,PV Tambe,1,0,,,,,,,,,
829721,2015,2015-04-14,"Sardar Patel Stadium, Motera",1,9.4,Mumbai Indians,Rajasthan Royals,UBT Chand,CJ Anderson,PV Tambe,2,0,,,,,,,,,
829721,2015,2015-04-14,"Sardar Patel Stadium, Motera",1,9.5,Mumbai Indians,Rajasthan Royals,UBT Chand,CJ Anderson,PV Tambe,0,0,,,,,,bowled,UBT Chand,,
829721,2015,2015-04-14,"Sardar Patel Stadium, Motera",1,9.6,Mumbai Indians,Rajasthan Royals,KA Pollard,CJ Anderson,PV Tambe,0,0,,,,,,,,,
829721,2015,2015-04-14,"Sardar Patel Stadium, Motera",1,10.1,Mumbai Indians,Rajasthan Royals,CJ Anderson,KA Pollard,CH Morris,0,0,,,,,,,,,
829721,2015,2015-04-14,"Sardar Patel Stadium, Motera",1,10.2,Mumbai Indians,Rajasthan Royals,CJ Anderson,KA Pollard,CH Morris,0,0,,,,,,,,,
829721,2015,2015-04-14,"Sardar Patel Stadium, Motera",1,10.3,Mumbai Indians,Rajasthan Royals,CJ Anderson,KA Pollard,CH Morris,0,0,,,,,,,,,
829721,2015,2015-04-14,"Sardar Patel Stadium, Motera",1,10.4,Mumbai Indians,Rajasthan Royals,CJ Anderson,KA Pollard,CH Morris,0,0,,,,,,,,,
829721,2015,2015-04-14,"Sardar Patel Stadium, Motera",1,10.5,Mumbai Indians,Rajasthan Royals,CJ Anderson,KA Pollard,CH Morris,1,0,,,,,,,,,
829721,2015,2015-04-14,"Sardar Patel Stadium, Motera",1,10.6,Mumbai Indians,Rajasthan Royals,KA Pollard,CJ Anderson,CH Morris,0,0,,,,,,,,,
829721,2015,2015-04-14,"Sardar Patel Stadium, Motera",1,11.1,Mumbai Indians,Rajasthan Royals,CJ Anderson,KA Pollard,PV Tambe,1,0,,,,,,,,,
829721,2015,2015-04-14,"Sardar Patel Stadium, Motera",1,11.2,Mumbai Indians,Rajasthan Royals,KA Pollard,CJ Anderson,PV Tambe,0,0,,,,,,,,,
829721,2015,2015-04-14,"Sardar Patel Stadium, Motera",1,11.3,Mumbai Indians,Rajasthan Royals,KA Pollard,CJ Anderson,PV Tambe,0,0,,,,,,,,,
829721,2015,2015-04-14,"Sardar Patel Stadium, Motera",1,11.4,Mumbai Indians,Rajasthan Royals,KA Pollard,CJ Anderson,PV Tambe,1,0,,,,,,,,,
829721,2015,2015-04-14,"Sardar Patel Stadium, Motera",1,11.5,Mumbai Indians,Rajasthan Royals,CJ Anderson,KA Pollard,PV Tambe,0,0,,,,,,,,,
829721,2015,2015-04-14,"Sardar Patel Stadium, Motera",1,11.6,Mumbai Indians,Rajasthan Royals,CJ Anderson,KA Pollard,PV Tambe,4,0,,,,,,,,,
829721,2015,2015-04-14,"Sardar Patel Stadium, Motera",1,12.1,Mumbai Indians,Rajasthan Royals,KA Pollard,CJ Anderson,CH Morris,0,0,,,,,,,,,
829721,2015,2015-04-14,"Sardar Patel Stadium, Motera",1,12.2,Mumbai Indians,Rajasthan Royals,KA Pollard,CJ Anderson,CH Morris,4,0,,,,,,,,,
829721,2015,2015-04-14,"Sardar Patel Stadium, Motera",1,12.3,Mumbai Indians,Rajasthan Royals,KA Pollard,CJ Anderson,CH Morris,1,0,,,,,,,,,
829721,2015,2015-04-14,"Sardar Patel Stadium, Motera",1,12.4,Mumbai Indians,Rajasthan Royals,CJ Anderson,KA Pollard,CH Morris,4,0,,,,,,,,,
829721,2015,2015-04-14,"Sardar Patel Stadium, Motera",1,12.5,Mumbai Indians,Rajasthan Royals,CJ Anderson,KA Pollard,CH Morris,0,0,,,,,,,,,
829721,2015,2015-04-14,"Sardar Patel Stadium, Motera",1,12.6,Mumbai Indians,Rajasthan Royals,CJ Anderson,KA Pollard,CH Morris,0,0,,,,,,,,,
829721,2015,2015-04-14,"Sardar Patel Stadium, Motera",1,13.1,Mumbai Indians,Rajasthan Royals,KA Pollard,CJ Anderson,JP Faulkner,6,0,,,,,,,,,
829721,2015,2015-04-14,"Sardar Patel Stadium, Motera",1,13.2,Mumbai Indians,Rajasthan Royals,KA Pollard,CJ Anderson,JP Faulkner,0,0,,,,,,,,,
829721,2015,2015-04-14,"Sardar Patel Stadium, Motera",1,13.3,Mumbai Indians,Rajasthan Royals,KA Pollard,CJ Anderson,JP Faulkner,0,0,,,,,,,,,
829721,2015,2015-04-14,"Sardar Patel Stadium, Motera",1,13.4,Mumbai Indians,Rajasthan Royals,KA Pollard,CJ Anderson,JP Faulkner,1,0,,,,,,,,,
829721,2015,2015-04-14,"Sardar Patel Stadium, Motera",1,13.5,Mumbai Indians,Rajasthan Royals,CJ Anderson,KA Pollard,JP Faulkner,0,0,,,,,,,,,
829721,2015,2015-04-14,"Sardar Patel Stadium, Motera",1,13.6,Mumbai Indians,Rajasthan Royals,CJ Anderson,KA Pollard,JP Faulkner,6,0,,,,,,,,,
829721,2015,2015-04-14,"Sardar Patel Stadium, Motera",1,14.1,Mumbai Indians,Rajasthan Royals,KA Pollard,CJ Anderson,DS Kulkarni,1,0,,,,,,,,,
829721,2015,2015-04-14,"Sardar Patel Stadium, Motera",1,14.2,Mumbai Indians,Rajasthan Royals,CJ Anderson,KA Pollard,DS Kulkarni,1,0,,,,,,,,,
829721,2015,2015-04-14,"Sardar Patel Stadium, Motera",1,14.3,Mumbai Indians,Rajasthan Royals,KA Pollard,CJ Anderson,DS Kulkarni,0,0,,,,,,,,,
829721,2015,2015-04-14,"Sardar Patel Stadium, Motera",1,14.4,Mumbai Indians,Rajasthan Royals,KA Pollard,CJ Anderson,DS Kulkarni,4,0,,,,,,,,,
829721,2015,2015-04-14,"Sardar Patel Stadium, Motera",1,14.5,Mumbai Indians,Rajasthan Royals,KA Pollard,CJ Anderson,DS Kulkarni,1,0,,,,,,,,,
829721,2015,2015-04-14,"Sardar Patel Stadium, Motera",1,14.6,Mumbai Indians,Rajasthan Royals,CJ Anderson,KA Pollard,DS Kulkarni,0,1,,1,,,,,,,
829721,2015,2015-04-14,"Sardar Patel Stadium, Motera",1,14.7,Mumbai Indians,Rajasthan Royals,CJ Anderson,KA Pollard,DS Kulkarni,1,0,,,,,,,,,
829721,2015,2015-04-14,"Sardar Patel Stadium, Motera",1,15.1,Mumbai Indians,Rajasthan Royals,CJ Anderson,KA Pollard,TG Southee,6,0,,,,,,,,,
829721,2015,2015-04-14,"Sardar Patel Stadium, Motera",1,15.2,Mumbai Indians,Rajasthan Royals,CJ Anderson,KA Pollard,TG Southee,4,0,,,,,,,,,
829721,2015,2015-04-14,"Sardar Patel Stadium, Motera",1,15.3,Mumbai Indians,Rajasthan Royals,CJ Anderson,KA Pollard,TG Southee,1,0,,,,,,,,,
829721,2015,2015-04-14,"Sardar Patel Stadium, Motera",1,15.4,Mumbai Indians,Rajasthan Royals,KA Pollard,CJ Anderson,TG Southee,4,0,,,,,,,,,
829721,2015,2015-04-14,"Sardar Patel Stadium, Motera",1,15.5,Mumbai Indians,Rajasthan Royals,KA Pollard,CJ Anderson,TG Southee,1,0,,,,,,,,,
829721,2015,2015-04-14,"Sardar Patel Stadium, Motera",1,15.6,Mumbai Indians,Rajasthan Royals,CJ Anderson,KA Pollard,TG Southee,0,0,,,,,,,,,
829721,2015,2015-04-14,"Sardar Patel Stadium, Motera",1,16.1,Mumbai Indians,Rajasthan Royals,KA Pollard,CJ Anderson,JP Faulkner,4,0,,,,,,,,,
829721,2015,2015-04-14,"Sardar Patel Stadium, Motera",1,16.2,Mumbai Indians,Rajasthan Royals,KA Pollard,CJ Anderson,JP Faulkner,6,0,,,,,,,,,
829721,2015,2015-04-14,"Sardar Patel Stadium, Motera",1,16.3,Mumbai Indians,Rajasthan Royals,KA Pollard,CJ Anderson,JP Faulkner,0,0,,,,,,,,,
829721,2015,2015-04-14,"Sardar Patel Stadium, Motera",1,16.4,Mumbai Indians,Rajasthan Royals,KA Pollard,CJ Anderson,JP Faulkner,4,0,,,,,,,,,
829721,2015,2015-04-14,"Sardar Patel Stadium, Motera",1,16.5,Mumbai Indians,Rajasthan Royals,KA Pollard,CJ Anderson,JP Faulkner,0,1,,,,1,,,,,
829721,2015,2015-04-14,"Sardar Patel Stadium, Motera",1,16.6,Mumbai Indians,Rajasthan Royals,CJ Anderson,KA Pollard,JP Faulkner,2,0,,,,,,,,,
829721,2015,2015-04-14,"Sardar Patel Stadium, Motera",1,17.1,Mumbai Indians,Rajasthan Royals,KA Pollard,CJ Anderson,PV Tambe,6,0,,,,,,,,,
829721,2015,2015-04-14,"Sardar Patel Stadium, Motera",1,17.2,Mumbai Indians,Rajasthan Royals,KA Pollard,CJ Anderson,PV Tambe,2,0,,,,,,,,,
829721,2015,2015-04-14,"Sardar Patel Stadium, Motera",1,17.3,Mumbai Indians,Rajasthan Royals,KA Pollard,CJ Anderson,PV Tambe,1,0,,,,,,,,,
829721,2015,2015-04-14,"Sardar Patel Stadium, Motera",1,17.4,Mumbai Indians,Rajasthan Royals,CJ Anderson,KA Pollard,PV Tambe,1,0,,,,,,,,,
829721,2015,2015-04-14,"Sardar Patel Stadium, Motera",1,17.5,Mumbai Indians,Rajasthan Royals,KA Pollard,CJ Anderson,PV Tambe,2,0,,,,,,,,,
829721,2015,2015-04-14,"Sardar Patel Stadium, Motera",1,17.6,Mumbai Indians,Rajasthan Royals,KA Pollard,CJ Anderson,PV Tambe,1,0,,,,,,,,,
829721,2015,2015-04-14,"Sardar Patel Stadium, Motera",1,18.1,Mumbai Indians,Rajasthan Royals,KA Pollard,CJ Anderson,TG Southee,6,0,,,,,,,,,
829721,2015,2015-04-14,"Sardar Patel Stadium, Motera",1,18.2,Mumbai Indians,Rajasthan Royals,KA Pollard,CJ Anderson,TG Southee,4,0,,,,,,,,,
829721,2015,2015-04-14,"Sardar Patel Stadium, Motera",1,18.3,Mumbai Indians,Rajasthan Royals,KA Pollard,CJ Anderson,TG Southee,4,0,,,,,,,,,
829721,2015,2015-04-14,"Sardar Patel Stadium, Motera",1,18.4,Mumbai Indians,Rajasthan Royals,KA Pollard,CJ Anderson,TG Southee,6,0,,,,,,,,,
829721,2015,2015-04-14,"Sardar Patel Stadium, Motera",1,18.5,Mumbai Indians,Rajasthan Royals,KA Pollard,CJ Anderson,TG Southee,0,0,,,,,,,,,
829721,2015,2015-04-14,"Sardar Patel Stadium, Motera",1,18.6,Mumbai Indians,Rajasthan Royals,KA Pollard,CJ Anderson,TG Southee,0,0,,,,,,caught,KA Pollard,,
829721,2015,2015-04-14,"Sardar Patel Stadium, Motera",1,19.1,Mumbai Indians,Rajasthan Royals,CJ Anderson,J Suchith,CH Morris,2,0,,,,,,,,,
829721,2015,2015-04-14,"Sardar Patel Stadium, Motera",1,19.2,Mumbai Indians,Rajasthan Royals,CJ Anderson,J Suchith,CH Morris,4,0,,,,,,,,,
829721,2015,2015-04-14,"Sardar Patel Stadium, Motera",1,19.3,Mumbai Indians,Rajasthan Royals,CJ Anderson,J Suchith,CH Morris,6,0,,,,,,,,,
829721,2015,2015-04-14,"Sardar Patel Stadium, Motera",1,19.4,Mumbai Indians,Rajasthan Royals,CJ Anderson,J Suchith,CH Morris,0,0,,,,,,bowled,CJ Anderson,,
829721,2015,2015-04-14,"Sardar Patel Stadium, Motera",1,19.5,Mumbai Indians,Rajasthan Royals,S Gopal,J Suchith,CH Morris,1,0,,,,,,,,,
829721,2015,2015-04-14,"Sardar Patel Stadium, Motera",1,19.6,Mumbai Indians,Rajasthan Royals,J Suchith,S Gopal,CH Morris,0,2,,,2,,,,,,
829721,2015,2015-04-14,"Sardar Patel Stadium, Motera",2,0.1,Rajasthan Royals,Mumbai Indians,AM Rahane,SV Samson,R Vinay Kumar,0,0,,,,,,,,,
829721,2015,2015-04-14,"Sardar Patel Stadium, Motera",2,0.2,Rajasthan Royals,Mumbai Indians,AM Rahane,SV Samson,R Vinay Kumar,0,0,,,,,,,,,
829721,2015,2015-04-14,"Sardar Patel Stadium, Motera",2,0.3,Rajasthan Royals,Mumbai Indians,AM Rahane,SV Samson,R Vinay Kumar,0,0,,,,,,,,,
829721,2015,2015-04-14,"Sardar Patel Stadium, Motera",2,0.4,Rajasthan Royals,Mumbai Indians,AM Rahane,SV Samson,R Vinay Kumar,1,0,,,,,,,,,
829721,2015,2015-04-14,"Sardar Patel Stadium, Motera",2,0.5,Rajasthan Royals,Mumbai Indians,SV Samson,AM Rahane,R Vinay Kumar,0,0,,,,,,,,,
829721,2015,2015-04-14,"Sardar Patel Stadium, Motera",2,0.6,Rajasthan Royals,Mumbai Indians,SV Samson,AM Rahane,R Vinay Kumar,0,0,,,,,,,,,
829721,2015,2015-04-14,"Sardar Patel Stadium, Motera",2,1.1,Rajasthan Royals,Mumbai Indians,AM Rahane,SV Samson,P Suyal,1,0,,,,,,,,,
829721,2015,2015-04-14,"Sardar Patel Stadium, Motera",2,1.2,Rajasthan Royals,Mumbai Indians,SV Samson,AM Rahane,P Suyal,4,0,,,,,,,,,
829721,2015,2015-04-14,"Sardar Patel Stadium, Motera",2,1.3,Rajasthan Royals,Mumbai Indians,SV Samson,AM Rahane,P Suyal,0,1,,1,,,,,,,
829721,2015,2015-04-14,"Sardar Patel Stadium, Motera",2,1.4,Rajasthan Royals,Mumbai Indians,SV Samson,AM Rahane,P Suyal,4,0,,,,,,,,,
829721,2015,2015-04-14,"Sardar Patel Stadium, Motera",2,1.5,Rajasthan Royals,Mumbai Indians,SV Samson,AM Rahane,P Suyal,0,0,,,,,,,,,
829721,2015,2015-04-14,"Sardar Patel Stadium, Motera",2,1.6,Rajasthan Royals,Mumbai Indians,SV Samson,AM Rahane,P Suyal,1,0,,,,,,,,,
829721,2015,2015-04-14,"Sardar Patel Stadium, Motera",2,1.7,Rajasthan Royals,Mumbai Indians,AM Rahane,SV Samson,P Suyal,0,0,,,,,,,,,
829721,2015,2015-04-14,"Sardar Patel Stadium, Motera",2,2.1,Rajasthan Royals,Mumbai Indians,SV Samson,AM Rahane,R Vinay Kumar,0,0,,,,,,,,,
829721,2015,2015-04-14,"Sardar Patel Stadium, Motera",2,2.2,Rajasthan Royals,Mumbai Indians,SV Samson,AM Rahane,R Vinay Kumar,0,0,,,,,,,,,
829721,2015,2015-04-14,"Sardar Patel Stadium, Motera",2,2.3,Rajasthan Royals,Mumbai Indians,SV Samson,AM Rahane,R Vinay Kumar,1,0,,,,,,,,,
829721,2015,2015-04-14,"Sardar Patel Stadium, Motera",2,2.4,Rajasthan Royals,Mumbai Indians,AM Rahane,SV Samson,R Vinay Kumar,1,0,,,,,,,,,
829721,2015,2015-04-14,"Sardar Patel Stadium, Motera",2,2.5,Rajasthan Royals,Mumbai Indians,SV Samson,AM Rahane,R Vinay Kumar,1,0,,,,,,,,,
829721,2015,2015-04-14,"Sardar Patel Stadium, Motera",2,2.6,Rajasthan Royals,Mumbai Indians,AM Rahane,SV Samson,R Vinay Kumar,0,0,,,,,,,,,
829721,2015,2015-04-14,"Sardar Patel Stadium, Motera",2,3.1,Rajasthan Royals,Mumbai Indians,SV Samson,AM Rahane,P Suyal,1,0,,,,,,,,,
829721,2015,2015-04-14,"Sardar Patel Stadium, Motera",2,3.2,Rajasthan Royals,Mumbai Indians,AM Rahane,SV Samson,P Suyal,0,0,,,,,,,,,
829721,2015,2015-04-14,"Sardar Patel Stadium, Motera",2,3.3,Rajasthan Royals,Mumbai Indians,AM Rahane,SV Samson,P Suyal,1,0,,,,,,,,,
829721,2015,2015-04-14,"Sardar Patel Stadium, Motera",2,3.4,Rajasthan Royals,Mumbai Indians,SV Samson,AM Rahane,P Suyal,1,0,,,,,,,,,
829721,2015,2015-04-14,"Sardar Patel Stadium, Motera",2,3.5,Rajasthan Royals,Mumbai Indians,AM Rahane,SV Samson,P Suyal,4,0,,,,,,,,,
829721,2015,2015-04-14,"Sardar Patel Stadium, Motera",2,3.6,Rajasthan Royals,Mumbai Indians,AM Rahane,SV Samson,P Suyal,2,0,,,,,,,,,
829721,2015,2015-04-14,"Sardar Patel Stadium, Motera",2,4.1,Rajasthan Royals,Mumbai Indians,SV Samson,AM Rahane,R Vinay Kumar,0,0,,,,,,,,,
829721,2015,2015-04-14,"Sardar Patel Stadium, Motera",2,4.2,Rajasthan Royals,Mumbai Indians,SV Samson,AM Rahane,R Vinay Kumar,4,0,,,,,,,,,
829721,2015,2015-04-14,"Sardar Patel Stadium, Motera",2,4.3,Rajasthan Royals,Mumbai Indians,SV Samson,AM Rahane,R Vinay Kumar,0,0,,,,,,caught,SV Samson,,
829721,2015,2015-04-14,"Sardar Patel Stadium, Motera",2,4.4,Rajasthan Royals,Mumbai Indians,SPD Smith,AM Rahane,R Vinay Kumar,1,0,,,,,,,,,
829721,2015,2015-04-14,"Sardar Patel Stadium, Motera",2,4.5,Rajasthan Royals,Mumbai Indians,AM Rahane,SPD Smith,R Vinay Kumar,4,0,,,,,,,,,
829721,2015,2015-04-14,"Sardar Patel Stadium, Motera",2,4.6,Rajasthan Royals,Mumbai Indians,AM Rahane,SPD Smith,R Vinay Kumar,0,0,,,,,,,,,
829721,2015,2015-04-14,"Sardar Patel Stadium, Motera",2,5.1,Rajasthan Royals,Mumbai Indians,SPD Smith,AM Rahane,SL Malinga,1,0,,,,,,,,,
829721,2015,2015-04-14,"Sardar Patel Stadium, Motera",2,5.2,Rajasthan Royals,Mumbai Indians,AM Rahane,SPD Smith,SL Malinga,1,0,,,,,,,,,
829721,2015,2015-04-14,"Sardar Patel Stadium, Motera",2,5.3,Rajasthan Royals,Mumbai Indians,SPD Smith,AM Rahane,SL Malinga,0,0,,,,,,,,,
829721,2015,2015-04-14,"Sardar Patel Stadium, Motera",2,5.4,Rajasthan Royals,Mumbai Indians,SPD Smith,AM Rahane,SL Malinga,4,0,,,,,,,,,
829721,2015,2015-04-14,"Sardar Patel Stadium, Motera",2,5.5,Rajasthan Royals,Mumbai Indians,SPD Smith,AM Rahane,SL Malinga,1,0,,,,,,,,,
829721,2015,2015-04-14,"Sardar Patel Stadium, Motera",2,5.6,Rajasthan Royals,Mumbai Indians,AM Rahane,SPD Smith,SL Malinga,2,0,,,,,,,,,
829721,2015,2015-04-14,"Sardar Patel Stadium, Motera",2,6.1,Rajasthan Royals,Mumbai Indians,SPD Smith,AM Rahane,J Suchith,1,0,,,,,,,,,
829721,2015,2015-04-14,"Sardar Patel Stadium, Motera",2,6.2,Rajasthan Royals,Mumbai Indians,AM Rahane,SPD Smith,J Suchith,1,0,,,,,,,,,
829721,2015,2015-04-14,"Sardar Patel Stadium, Motera",2,6.3,Rajasthan Royals,Mumbai Indians,SPD Smith,AM Rahane,J Suchith,1,0,,,,,,,,,
829721,2015,2015-04-14,"Sardar Patel Stadium, Motera",2,6.4,Rajasthan Royals,Mumbai Indians,AM Rahane,SPD Smith,J Suchith,1,0,,,,,,,,,
829721,2015,2015-04-14,"Sardar Patel Stadium, Motera",2,6.5,Rajasthan Royals,Mumbai Indians,SPD Smith,AM Rahane,J Suchith,2,0,,,,,,,,,
829721,2015,2015-04-14,"Sardar Patel Stadium, Motera",2,6.6,Rajasthan Royals,Mumbai Indians,SPD Smith,AM Rahane,J Suchith,1,0,,,,,,,,,
829721,2015,2015-04-14,"Sardar Patel Stadium, Motera",2,7.1,Rajasthan Royals,Mumbai Indians,SPD Smith,AM Rahane,CJ Anderson,0,0,,,,,,,,,
829721,2015,2015-04-14,"Sardar Patel Stadium, Motera",2,7.2,Rajasthan Royals,Mumbai Indians,SPD Smith,AM Rahane,CJ Anderson,0,0,,,,,,,,,
829721,2015,2015-04-14,"Sardar Patel Stadium, Motera",2,7.3,Rajasthan Royals,Mumbai Indians,SPD Smith,AM Rahane,CJ Anderson,2,0,,,,,,,,,
829721,2015,2015-04-14,"Sardar Patel Stadium, Motera",2,7.4,Rajasthan Royals,Mumbai Indians,SPD Smith,AM Rahane,CJ Anderson,1,0,,,,,,,,,
829721,2015,2015-04-14,"Sardar Patel Stadium, Motera",2,7.5,Rajasthan Royals,Mumbai Indians,AM Rahane,SPD Smith,CJ Anderson,4,0,,,,,,,,,
829721,2015,2015-04-14,"Sardar Patel Stadium, Motera",2,7.6,Rajasthan Royals,Mumbai Indians,AM Rahane,SPD Smith,CJ Anderson,1,0,,,,,,,,,
829721,2015,2015-04-14,"Sardar Patel Stadium, Motera",2,8.1,Rajasthan Royals,Mumbai Indians,AM Rahane,SPD Smith,J Suchith,0,0,,,,,,,,,
829721,2015,2015-04-14,"Sardar Patel Stadium, Motera",2,8.2,Rajasthan Royals,Mumbai Indians,AM Rahane,SPD Smith,J Suchith,2,0,,,,,,,,,
829721,2015,2015-04-14,"Sardar Patel Stadium, Motera",2,8.3,Rajasthan Royals,Mumbai Indians,AM Rahane,SPD Smith,J Suchith,0,0,,,,,,,,,
829721,2015,2015-04-14,"Sardar Patel Stadium, Motera",2,8.4,Rajasthan Royals,Mumbai Indians,AM Rahane,SPD Smith,J Suchith,4,0,,,,,,,,,
829721,2015,2015-04-14,"Sardar Patel Stadium, Motera",2,8.5,Rajasthan Royals,Mumbai Indians,AM Rahane,SPD Smith,J Suchith,1,0,,,,,,,,,
829721,2015,2015-04-14,"Sardar Patel Stadium, Motera",2,8.6,Rajasthan Royals,Mumbai Indians,SPD Smith,AM Rahane,J Suchith,1,0,,,,,,,,,
829721,2015,2015-04-14,"Sardar Patel Stadium, Motera",2,9.1,Rajasthan Royals,Mumbai Indians,SPD Smith,AM Rahane,CJ Anderson,1,0,,,,,,,,,
829721,2015,2015-04-14,"Sardar Patel Stadium, Motera",2,9.2,Rajasthan Royals,Mumbai Indians,AM Rahane,SPD Smith,CJ Anderson,1,0,,,,,,,,,
829721,2015,2015-04-14,"Sardar Patel Stadium, Motera",2,9.3,Rajasthan Royals,Mumbai Indians,SPD Smith,AM Rahane,CJ Anderson,2,0,,,,,,,,,
829721,2015,2015-04-14,"Sardar Patel Stadium, Motera",2,9.4,Rajasthan Royals,Mumbai Indians,SPD Smith,AM Rahane,CJ Anderson,0,0,,,,,,,,,
829721,2015,2015-04-14,"Sardar Patel Stadium, Motera",2,9.5,Rajasthan Royals,Mumbai Indians,SPD Smith,AM Rahane,CJ Anderson,0,0,,,,,,,,,
829721,2015,2015-04-14,"Sardar Patel Stadium, Motera",2,9.6,Rajasthan Royals,Mumbai Indians,SPD Smith,AM Rahane,CJ Anderson,0,0,,,,,,,,,
829721,2015,2015-04-14,"Sardar Patel Stadium, Motera",2,10.1,Rajasthan Royals,Mumbai Indians,AM Rahane,SPD Smith,J Suchith,1,0,,,,,,,,,
829721,2015,2015-04-14,"Sardar Patel Stadium, Motera",2,10.2,Rajasthan Royals,Mumbai Indians,SPD Smith,AM Rahane,J Suchith,1,0,,,,,,,,,
829721,2015,2015-04-14,"Sardar Patel Stadium, Motera",2,10.3,Rajasthan Royals,Mumbai Indians,AM Rahane,SPD Smith,J Suchith,2,0,,,,,,,,,
829721,2015,2015-04-14,"Sardar Patel Stadium, Motera",2,10.4,Rajasthan Royals,Mumbai Indians,AM Rahane,SPD Smith,J Suchith,2,0,,,,,,,,,
829721,2015,2015-04-14,"Sardar Patel Stadium, Motera",2,10.5,Rajasthan Royals,Mumbai Indians,AM Rahane,SPD Smith,J Suchith,1,0,,,,,,,,,
829721,2015,2015-04-14,"Sardar Patel Stadium, Motera",2,10.6,Rajasthan Royals,Mumbai Indians,SPD Smith,AM Rahane,J Suchith,2,0,,,,,,,,,
829721,2015,2015-04-14,"Sardar Patel Stadium, Motera",2,11.1,Rajasthan Royals,Mumbai Indians,AM Rahane,SPD Smith,S Gopal,0,0,,,,,,,,,
829721,2015,2015-04-14,"Sardar Patel Stadium, Motera",2,11.2,Rajasthan Royals,Mumbai Indians,AM Rahane,SPD Smith,S Gopal,2,0,,,,,,,,,
829721,2015,2015-04-14,"Sardar Patel Stadium, Motera",2,11.3,Rajasthan Royals,Mumbai Indians,AM Rahane,SPD Smith,S Gopal,2,0,,,,,,,,,
829721,2015,2015-04-14,"Sardar Patel Stadium, Motera",2,11.4,Rajasthan Royals,Mumbai Indians,AM Rahane,SPD Smith,S Gopal,1,0,,,,,,,,,
829721,2015,2015-04-14,"Sardar Patel Stadium, Motera",2,11.5,Rajasthan Royals,Mumbai Indians,SPD Smith,AM Rahane,S Gopal,1,0,,,,,,,,,
829721,2015,2015-04-14,"Sardar Patel Stadium, Motera",2,11.6,Rajasthan Royals,Mumbai Indians,AM Rahane,SPD Smith,S Gopal,1,0,,,,,,,,,
829721,2015,2015-04-14,"Sardar Patel Stadium, Motera",2,12.1,Rajasthan Royals,Mumbai Indians,AM Rahane,SPD Smith,J Suchith,0,0,,,,,,,,,
829721,2015,2015-04-14,"Sardar Patel Stadium, Motera",2,12.2,Rajasthan Royals,Mumbai Indians,AM Rahane,SPD Smith,J Suchith,1,0,,,,,,,,,
829721,2015,2015-04-14,"Sardar Patel Stadium, Motera",2,12.3,Rajasthan Royals,Mumbai Indians,SPD Smith,AM Rahane,J Suchith,0,0,,,,,,,,,
829721,2015,2015-04-14,"Sardar Patel Stadium, Motera",2,12.4,Rajasthan Royals,Mumbai Indians,SPD Smith,AM Rahane,J Suchith,1,0,,,,,,,,,
829721,2015,2015-04-14,"Sardar Patel Stadium, Motera",2,12.5,Rajasthan Royals,Mumbai Indians,AM Rahane,SPD Smith,J Suchith,1,0,,,,,,,,,
829721,2015,2015-04-14,"Sardar Patel Stadium, Motera",2,12.6,Rajasthan Royals,Mumbai Indians,SPD Smith,AM Rahane,J Suchith,4,0,,,,,,,,,
829721,2015,2015-04-14,"Sardar Patel Stadium, Motera",2,13.1,Rajasthan Royals,Mumbai Indians,AM Rahane,SPD Smith,S Gopal,0,0,,,,,,caught,AM Rahane,,
829721,2015,2015-04-14,"Sardar Patel Stadium, Motera",2,13.2,Rajasthan Royals,Mumbai Indians,SPD Smith,DJ Hooda,S Gopal,1,0,,,,,,,,,
829721,2015,2015-04-14,"Sardar Patel Stadium, Motera",2,13.3,Rajasthan Royals,Mumbai Indians,DJ Hooda,SPD Smith,S Gopal,1,0,,,,,,,,,
829721,2015,2015-04-14,"Sardar Patel Stadium, Motera",2,13.4,Rajasthan Royals,Mumbai Indians,SPD Smith,DJ Hooda,S Gopal,1,0,,,,,,,,,
829721,2015,2015-04-14,"Sardar Patel Stadium, Motera",2,13.5,Rajasthan Royals,Mumbai Indians,DJ Hooda,SPD Smith,S Gopal,6,0,,,,,,,,,
829721,2015,2015-04-14,"Sardar Patel Stadium, Motera",2,13.6,Rajasthan Royals,Mumbai Indians,DJ Hooda,SPD Smith,S Gopal,6,0,,,,,,,,,
829721,2015,2015-04-14,"Sardar Patel Stadium, Motera",2,14.1,Rajasthan Royals,Mumbai Indians,SPD Smith,DJ Hooda,SL Malinga,2,0,,,,,,,,,
829721,2015,2015-04-14,"Sardar Patel Stadium, Motera",2,14.2,Rajasthan Royals,Mumbai Indians,SPD Smith,DJ Hooda,SL Malinga,0,0,,,,,,,,,
829721,2015,2015-04-14,"Sardar Patel Stadium, Motera",2,14.3,Rajasthan Royals,Mumbai Indians,SPD Smith,DJ Hooda,SL Malinga,0,1,1,,,,,,,,
829721,2015,2015-04-14,"Sardar Patel Stadium, Motera",2,14.4,Rajasthan Royals,Mumbai Indians,SPD Smith,DJ Hooda,SL Malinga,2,0,,,,,,,,,
829721,2015,2015-04-14,"Sardar Patel Stadium, Motera",2,14.5,Rajasthan Royals,Mumbai Indians,SPD Smith,DJ Hooda,SL Malinga,1,0,,,,,,,,,
829721,2015,2015-04-14,"Sardar Patel Stadium, Motera",2,14.6,Rajasthan Royals,Mumbai Indians,DJ Hooda,SPD Smith,SL Malinga,0,0,,,,,,bowled,DJ Hooda,,
829721,2015,2015-04-14,"Sardar Patel Stadium, Motera",2,14.7,Rajasthan Royals,Mumbai Indians,JP Faulkner,SPD Smith,SL Malinga,0,0,,,,,,,,,
829721,2015,2015-04-14,"Sardar Patel Stadium, Motera",2,15.1,Rajasthan Royals,Mumbai Indians,SPD Smith,JP Faulkner,P Suyal,3,0,,,,,,,,,
829721,2015,2015-04-14,"Sardar Patel Stadium, Motera",2,15.2,Rajasthan Royals,Mumbai Indians,JP Faulkner,SPD Smith,P Suyal,1,0,,,,,,,,,
829721,2015,2015-04-14,"Sardar Patel Stadium, Motera",2,15.3,Rajasthan Royals,Mumbai Indians,SPD Smith,JP Faulkner,P Suyal,4,0,,,,,,,,,
829721,2015,2015-04-14,"Sardar Patel Stadium, Motera",2,15.4,Rajasthan Royals,Mumbai Indians,SPD Smith,JP Faulkner,P Suyal,0,0,,,,,,,,,
829721,2015,2015-04-14,"Sardar Patel Stadium, Motera",2,15.5,Rajasthan Royals,Mumbai Indians,SPD Smith,JP Faulkner,P Suyal,0,0,,,,,,,,,
829721,2015,2015-04-14,"Sardar Patel Stadium, Motera",2,15.6,Rajasthan Royals,Mumbai Indians,SPD Smith,JP Faulkner,P Suyal,2,1,,1,,,,,,,
829721,2015,2015-04-14,"Sardar Patel Stadium, Motera",2,15.7,Rajasthan Royals,Mumbai Indians,SPD Smith,JP Faulkner,P Suyal,0,1,,1,,,,,,,
829721,2015,2015-04-14,"Sardar Patel Stadium, Motera",2,15.8,Rajasthan Royals,Mumbai Indians,SPD Smith,JP Faulkner,P Suyal,1,0,,,,,,,,,
829721,2015,2015-04-14,"Sardar Patel Stadium, Motera",2,16.1,Rajasthan Royals,Mumbai Indians,SPD Smith,JP Faulkner,SL Malinga,4,0,,,,,,,,,
829721,2015,2015-04-14,"Sardar Patel Stadium, Motera",2,16.2,Rajasthan Royals,Mumbai Indians,SPD Smith,JP Faulkner,SL Malinga,4,0,,,,,,,,,
829721,2015,2015-04-14,"Sardar Patel Stadium, Motera",2,16.3,Rajasthan Royals,Mumbai Indians,SPD Smith,JP Faulkner,SL Malinga,2,0,,,,,,,,,
829721,2015,2015-04-14,"Sardar Patel Stadium, Motera",2,16.4,Rajasthan Royals,Mumbai Indians,SPD Smith,JP Faulkner,SL Malinga,4,0,,,,,,,,,
829721,2015,2015-04-14,"Sardar Patel Stadium, Motera",2,16.5,Rajasthan Royals,Mumbai Indians,SPD Smith,JP Faulkner,SL Malinga,0,0,,,,,,,,,
829721,2015,2015-04-14,"Sardar Patel Stadium, Motera",2,16.6,Rajasthan Royals,Mumbai Indians,SPD Smith,JP Faulkner,SL Malinga,1,0,,,,,,,,,
829721,2015,2015-04-14,"Sardar Patel Stadium, Motera",2,17.1,Rajasthan Royals,Mumbai Indians,SPD Smith,JP Faulkner,P Suyal,1,0,,,,,,,,,
829721,2015,2015-04-14,"Sardar Patel Stadium, Motera",2,17.2,Rajasthan Royals,Mumbai Indians,JP Faulkner,SPD Smith,P Suyal,2,0,,,,,,,,,
829721,2015,2015-04-14,"Sardar Patel Stadium, Motera",2,17.3,Rajasthan Royals,Mumbai Indians,JP Faulkner,SPD Smith,P Suyal,1,0,,,,,,,,,
829721,2015,2015-04-14,"Sardar Patel Stadium, Motera",2,17.4,Rajasthan Royals,Mumbai Indians,SPD Smith,JP Faulkner,P Suyal,0,0,,,,,,,,,
829721,2015,2015-04-14,"Sardar Patel Stadium, Motera",2,17.5,Rajasthan Royals,Mumbai Indians,SPD Smith,JP Faulkner,P Suyal,2,0,,,,,,,,,
829721,2015,2015-04-14,"Sardar Patel Stadium, Motera",2,17.6,Rajasthan Royals,Mumbai Indians,SPD Smith,JP Faulkner,P Suyal,6,0,,,,,,,,,
829721,2015,2015-04-14,"Sardar Patel Stadium, Motera",2,18.1,Rajasthan Royals,Mumbai Indians,JP Faulkner,SPD Smith,SL Malinga,1,0,,,,,,,,,
829721,2015,2015-04-14,"Sardar Patel Stadium, Motera",2,18.2,Rajasthan Royals,Mumbai Indians,SPD Smith,JP Faulkner,SL Malinga,4,0,,,,,,,,,
829721,2015,2015-04-14,"Sardar Patel Stadium, Motera",2,18.3,Rajasthan Royals,Mumbai Indians,SPD Smith,JP Faulkner,SL Malinga,2,0,,,,,,,,,
829721,2015,2015-04-14,"Sardar Patel Stadium, Motera",2,18.4,Rajasthan Royals,Mumbai Indians,SPD Smith,JP Faulkner,SL Malinga,0,0,,,,,,,,,
829721,2015,2015-04-14,"Sardar Patel Stadium, Motera",2,18.5,Rajasthan Royals,Mumbai Indians,SPD Smith,JP Faulkner,SL Malinga,0,0,,,,,,,,,
829721,2015,2015-04-14,"Sardar Patel Stadium, Motera",2,18.6,Rajasthan Royals,Mumbai Indians,SPD Smith,JP Faulkner,SL Malinga,4,0,,,,,,,,,
829721,2015,2015-04-14,"Sardar Patel Stadium, Motera",2,19.1,Rajasthan Royals,Mumbai Indians,JP Faulkner,SPD Smith,S Gopal,1,0,,,,,,,,,
