time,Engagement,Excitement,Stress,Relaxation,Interest,Focus
236.0,0.633012,0.321338,0.362762,0.505854,0.661003,0.300367
237.0,0.635433,0.3275086,0.36577046666666657,0.5115340666666667,0.6600857333333333,0.3030823333333333
238.0,0.6381998571428571,0.3345607142857143,0.3692087142857142,0.5180255714285714,0.6590374285714286,0.3061855714285714
239.0,0.6412434,0.34231804,0.37299078666666663,0.5251662266666667,0.6578842933333333,0.30959913333333333
240.0,0.6444922258064516,0.35059858709677416,0.37702795483870966,0.5327885096774194,0.6566533806451613,0.31324293548387094
241.0,0.6481237258064516,0.35985448709677414,0.3815406548387097,0.5413086096774193,0.6552774806451612,0.31731593548387094
242.0,0.6517552258064516,0.3691103870967742,0.3860533548387096,0.5498287096774194,0.6539015806451612,0.32138893548387093
243.0,0.6553867258064515,0.3783662870967742,0.39056605483870965,0.5583488096774194,0.6525256806451613,0.3254619354838709
244.0,0.6590182258064516,0.3876221870967742,0.3950787548387097,0.5668689096774193,0.6511497806451612,0.3295349354838709
245.0,0.6626497258064515,0.3968780870967742,0.39959145483870967,0.5753890096774193,0.6497738806451612,0.3336079354838709
246.0,0.6662812258064517,0.4061339870967742,0.40410415483870965,0.5839091096774194,0.6483979806451612,0.3376809354838709
247.0,0.668449964516129,0.400441964516129,0.40059672580645167,0.5764338548387098,0.6456244032258064,0.3376184
248.0,0.6698873225806452,0.38727598064516133,0.3930792322580645,0.5609609225806451,0.6421519870967742,0.33548809677419356
249.0,0.6709589903225807,0.3703730161290323,0.3835567064516129,0.5414891516129032,0.6383301516129032,0.3323239096774193
250.0,0.6718478129032258,0.3516015612903226,0.37303166451612907,0.5200179612903226,0.6343336064516129,0.3286427806451613
251.0,0.6726452129032258,0.33189586129032256,0.3620053645161291,0.49754706129032256,0.6302497064516128,0.32470318064516124
252.0,0.6734426129032258,0.3121901612903226,0.35097906451612904,0.47507616129032254,0.6261658064516129,0.3207635806451613
253.0,0.6742400129032258,0.2924844612903226,0.33995276451612905,0.4526052612903225,0.6220819064516129,0.31682398064516126
254.0,0.6750374129032258,0.2727787612903226,0.32892646451612906,0.43013436129032256,0.6179980064516128,0.3128843806451613
255.0,0.6758348129032259,0.2530730612903226,0.317900164516129,0.4076634612903226,0.6139141064516129,0.3089447806451613
256.0,0.6766322129032258,0.2333673612903226,0.3068738645161291,0.38519256129032253,0.6098302064516128,0.30500518064516124
257.0,0.6736722451612903,0.22186677096774193,0.3042888032258065,0.3800885258064516,0.6064235709677419,0.29860725806451616
258.0,0.6688335935483871,0.21446873548387096,0.3059243612903226,0.3836679225806452,0.6033555677419353,0.2909801741935484
259.0,0.6630556000000001,0.20912197741935484,0.30967022903225805,0.39158903548387103,0.6004568806451612,0.2827385096774193
260.0,0.656807935483871,0.20480085806451614,0.31447125161290324,0.4016810064516129,0.5976428516129032,0.27418955483870966
261.0,0.650325435483871,0.2009925580645161,0.31979985161290325,0.41285840645161287,0.5948711516129033,0.26548695483870965
262.0,0.643842935483871,0.19718425806451612,0.3251284516129032,0.4240358064516129,0.5920994516129032,0.25678435483870965
263.0,0.637360435483871,0.19337595806451613,0.33045705161290323,0.4352132064516129,0.5893277516129032,0.24808175483870964
264.0,0.6308779354838709,0.18956765806451614,0.33578565161290325,0.4463906064516129,0.5865560516129031,0.23937915483870967
265.0,0.624395435483871,0.1857593580645161,0.3411142516129032,0.4575680064516129,0.5837843516129033,0.2306765548387097
266.0,0.617912935483871,0.1819510580645161,0.3464428516129032,0.4687454064516129,0.5810126516129032,0.2219739548387097
267.0,0.6177487322580646,0.18597016451612902,0.35026368387096773,0.474534729032258,0.5822803838709677,0.23015610322580643
268.0,0.6207436774193549,0.19390297419354838,0.3533306322580645,0.47763001290322576,0.5855678322580644,0.2467806258064516
269.0,0.6253181967741936,0.20379263548387097,0.35602063870967743,0.4793782774193548,0.5898651387096774,0.26762633548387094
270.0,0.6306825032258065,0.21466072258064517,0.35852217419354837,0.48045303225806446,0.5946673741935483,0.29058263870967743
271.0,0.6364417032258065,0.22601802258064518,0.36092947419354837,0.4811910322580645,0.5997220741935484,0.3145942387096774
272.0,0.6422009032258065,0.23737532258064517,0.3633367741935484,0.4819290322580645,0.6047767741935484,0.3386058387096774
273.0,0.6479601032258064,0.24873262258064519,0.3657440741935484,0.4826670322580645,0.6098314741935484,0.36261743870967744
274.0,0.6537193032258064,0.2600899225806452,0.3681513741935484,0.4834050322580645,0.6148861741935483,0.3866290387096774
275.0,0.6594785032258064,0.2714472225806452,0.3705586741935484,0.4841430322580645,0.6199408741935484,0.41064063870967743
276.0,0.6652377032258063,0.2828045225806452,0.3729659741935484,0.48488103225806445,0.6249955741935483,0.4346522387096774
277.0,0.6660750451612902,0.28836595161290324,0.37540439677419357,0.48806904516129024,0.6254875387096773,0.44575607096774195
278.0,0.664451458064516,0.2910294451612903,0.37785838064516125,0.49248206451612897,0.6236981354838709,0.4504060193548387
279.0,0.6615974064516128,0.2922439709677419,0.3803201451612903,0.4975075870967742,0.6207680483870968,0.45182902580645157
280.0,0.6581281225806451,0.29273401290322587,0.3827858,0.5028393612903226,0.6172676193548388,0.4516385612903226
281.0,0.654351222580645,0.2928618129032258,0.38525339999999997,0.5083242612903225,0.6134820193548387,0.4506413612903226
282.0,0.6505743225806451,0.2929896129032258,0.387721,0.5138091612903226,0.6096964193548386,0.4496441612903226
283.0,0.6467974225806451,0.2931174129032258,0.3901886,0.5192940612903225,0.6059108193548387,0.44864696129032255
284.0,0.6430205225806451,0.2932452129032258,0.3926562,0.5247789612903224,0.6021252193548388,0.4476497612903226
285.0,0.639243622580645,0.2933730129032258,0.39512379999999997,0.5302638612903225,0.5983396193548387,0.4466525612903226
286.0,0.6354667225806451,0.2935008129032258,0.3975914,0.5357487612903226,0.5945540193548386,0.44565536129032257
287.0,0.6320549322580644,0.2895910387096774,0.3939232064516129,0.5320567322580645,0.5921317741935483,0.4396405096774193
288.0,0.6288256967741934,0.2836624774193548,0.3871871161290322,0.5237762387096774,0.5903912064516129,0.4311168322580645
289.0,0.6256877387096773,0.2767245225806451,0.3789170774193548,0.5132015129032257,0.5889914774193549,0.4213387419354838
290.0,0.6225954193548386,0.2692818709677419,0.369880064516129,0.5014796709677419,0.5877621677419356,0.41093344516129027
291.0,0.6195259193548387,0.2615868709677419,0.360459564516129,0.4891842709677419,0.5866180677419355,0.4002145451612903
292.0,0.6164564193548387,0.2538918709677419,0.35103906451612904,0.4768888709677419,0.5854739677419355,0.3894956451612903
293.0,0.6133869193548387,0.24619687096774193,0.34161856451612904,0.4645934709677419,0.5843298677419355,0.37877674516129034
294.0,0.6103174193548387,0.23850187096774192,0.33219806451612904,0.4522980709677419,0.5831857677419354,0.36805784516129036
295.0,0.6072479193548387,0.23080687096774194,0.32277756451612905,0.4400026709677419,0.5820416677419356,0.35733894516129033
296.0,0.6041784193548387,0.22311187096774193,0.313357064516129,0.4277072709677419,0.5808975677419356,0.34662004516129036
297.0,0.6032182870967742,0.22212546451612902,0.31080139032258064,0.42139938064516125,0.5820036870967742,0.3383706161290323
298.0,0.6033128387096773,0.22449335483870966,0.31167812903225806,0.4180852451612903,0.5842349161290323,0.33135592258064517
299.0,0.6039347322580645,0.22853839354838706,0.3142710741935484,0.41626798709677415,0.5870287000000001,0.3249585967741936
300.0,0.6048202967741936,0.23342200645161287,0.31772212258064514,0.41519916774193544,0.5901037612903226,0.3188699548387097
301.0,0.6058376967741935,0.2387249064516129,0.3216022225806452,0.41450456774193545,0.5933194612903225,0.31293565483870966
302.0,0.6068550967741935,0.2440278064516129,0.32548232258064513,0.41380996774193546,0.5965351612903225,0.3070013548387097
303.0,0.6078724967741935,0.2493307064516129,0.3293624225806452,0.41311536774193547,0.5997508612903226,0.30106705483870966
304.0,0.6088898967741935,0.2546336064516129,0.3332425225806452,0.4124207677419354,0.6029665612903226,0.2951327548387097
305.0,0.6099072967741934,0.2599365064516129,0.3371226225806452,0.41172616774193543,0.6061822612903225,0.28919845483870965
306.0,0.6109246967741935,0.2652394064516129,0.3410027225806452,0.4110315677419354,0.6093979612903225,0.2832641548387097
307.0,0.6091092709677418,0.26869497741935483,0.34355915806451615,0.4125795483870967,0.6105879064516129,0.28804923548387096
308.0,0.6058774322580645,0.2712268838709677,0.3454537612903226,0.41524881935483865,0.6107649741935482,0.29819400645161287
309.0,0.6019373870967741,0.27329695806451615,0.3470174483870968,0.41847873548387093,0.6104356032258064,0.31101862258064517
310.0,0.5976432387096773,0.2751361161290322,0.34841567741935486,0.4219889741935483,0.6098530129032258,0.32518316129032254
311.0,0.5931720387096773,0.2768598161290322,0.3497311774193549,0.42563937419354836,0.6091438129032258,0.3400176612903225
312.0,0.5887008387096774,0.2785835161290322,0.3510466774193548,0.42928977419354836,0.6084346129032258,0.35485216129032254
313.0,0.5842296387096774,0.2803072161290322,0.3523621774193548,0.43294017419354835,0.6077254129032258,0.36968666129032257
314.0,0.5797584387096774,0.2820309161290322,0.35367767741935485,0.4365905741935484,0.6070162129032257,0.38452116129032254
315.0,0.5752872387096775,0.2837546161290322,0.3549931774193549,0.44024097419354835,0.6063070129032258,0.3993556612903225
316.0,0.5708160387096773,0.2854783161290322,0.35630867741935485,0.44389137419354835,0.6055978129032258,0.4141901612903225
317.0,0.5681365806451613,0.28392392580645154,0.360151970967742,0.45139287096774194,0.6054423677419354,0.41776711290322577
318.0,0.5663529935483871,0.2807304903225806,0.36525916129032254,0.4608199161290322,0.6055637999999999,0.4157152903225806
319.0,0.5650173419354838,0.2767175322580645,0.3709983,0.47120973548387096,0.6058236709677418,0.41084908064516124
320.0,0.5639056580645161,0.27229481290322577,0.3770534129032258,0.48208094193548384,0.6061527612903226,0.4045756774193548
321.0,0.562905958064516,0.26766721290322576,0.38326651290322583,0.49319284193548385,0.6065164612903224,0.39759867741935484
322.0,0.561906258064516,0.26303961290322575,0.3894796129032258,0.5043047419354838,0.6068801612903225,0.39062167741935483
323.0,0.5609065580645161,0.2584120129032258,0.39569271290322583,0.5154166419354839,0.6072438612903226,0.3836446774193548
324.0,0.559906858064516,0.2537844129032258,0.4019058129032258,0.5265285419354839,0.6076075612903225,0.3766676774193548
325.0,0.558907158064516,0.24915681290322578,0.40811891290322583,0.5376404419354839,0.6079712612903225,0.3696906774193548
326.0,0.557907458064516,0.2445292129032258,0.41433201290322585,0.5487523419354838,0.6083349612903225,0.3627136774193548
327.0,0.556369951612903,0.24684679999999998,0.41412792580645164,0.5504360096774193,0.6086453967741934,0.3583131419354839
328.0,0.5545635419354837,0.25263698064516127,0.4107152451612903,0.5474055612903226,0.6089292,0.35520083870967745
329.0,0.5526226806451612,0.26016345806451613,0.4056982677419355,0.5420180548387097,0.6091996870967742,0.35273265161290324
330.0,0.550614593548387,0.2685580838709677,0.3998791419354839,0.5354520193548387,0.6094635161290323,0.35058652258064515
331.0,0.5485728935483871,0.2773867838709677,0.3936589419354839,0.5282967193548387,0.6097240161290323,0.34860142258064514
332.0,0.546531193548387,0.28621548387096774,0.3874387419354839,0.5211414193548387,0.6099845161290323,0.3466163225806451
333.0,0.544489493548387,0.29504418387096776,0.3812185419354839,0.5139861193548387,0.6102450161290323,0.34463122258064516
334.0,0.5424477935483871,0.3038728838709678,0.37499834193548387,0.5068308193548386,0.6105055161290321,0.34264612258064514
335.0,0.5404060935483871,0.3127015838709677,0.36877814193548386,0.49967551935483867,0.6107660161290323,0.3406610225806451
336.0,0.538364393548387,0.3215302838709677,0.36255794193548385,0.4925202193548387,0.6110265161290322,0.33867592258064516
337.0,0.5376631322580645,0.337598829032258,0.36233366451612903,0.4868333580645161,0.6120596096774192,0.3326173774193548
338.0,0.5376320903225806,0.3572872967741935,0.36510734838709674,0.48188071612903227,0.6134789999999999,0.32452210967741935
339.0,0.5379361580645161,0.37878572580645153,0.36938001290322575,0.4772951838709677,0.6150915387096774,0.3154084806451613
340.0,0.5384077806451613,0.4011891354838709,0.37440216774193547,0.47289320645161287,0.6168006516129031,0.3057856709677419
341.0,0.5389631806451614,0.4240450354838709,0.3797990677419355,0.4685830064516129,0.6185580516129031,0.2959082709677419
342.0,0.5395185806451613,0.4469009354838709,0.3851959677419355,0.4642728064516129,0.6203154516129031,0.28603087096774193
343.0,0.5400739806451613,0.46975683548387087,0.39059286774193547,0.4599626064516129,0.6220728516129032,0.2761534709677419
344.0,0.5406293806451614,0.4926127354838709,0.3959897677419355,0.45565240645161287,0.6238302516129031,0.26627607096774186
345.0,0.5411847806451613,0.5154686354838709,0.40138666774193554,0.4513422064516129,0.6255876516129031,0.2563986709677419
346.0,0.5417401806451614,0.5383245354838708,0.40678356774193547,0.4470320064516129,0.6273450516129031,0.2465212709677419
347.0,0.5375530258064517,0.5496942935483871,0.40864828709677414,0.44335442580645157,0.6329628387096773,0.24006890322580643
348.0,0.5309945935483872,0.5553209806451612,0.40874691612903225,0.4399931548387097,0.6405108193548386,0.2353290516129032
349.0,0.5232505225806452,0.5580761322580644,0.4079625,0.4367900387096774,0.6490238967741935,0.2314454580645161
350.0,0.5149136322580645,0.5593955161290322,0.4067365612903226,0.433666,0.6580195225806451,0.22798999354838706
351.0,0.5062803322580646,0.5599970161290322,0.40528986129032263,0.43058150000000006,0.6672564225806452,0.2247485935483871
352.0,0.4976470322580645,0.5605985161290322,0.4038431612903226,0.427497,0.6764933225806451,0.22150719354838708
353.0,0.48901373225806455,0.5612000161290323,0.4023964612903226,0.4244125,0.6857302225806451,0.2182657935483871
354.0,0.4803804322580645,0.5618015161290322,0.40094976129032256,0.42132800000000004,0.6949671225806452,0.2150243935483871
355.0,0.47174713225806447,0.5624030161290323,0.39950306129032254,0.4182435,0.7042040225806452,0.2117829935483871
356.0,0.46311383225806446,0.5630045161290322,0.39805636129032257,0.41515900000000006,0.7134409225806452,0.20854159354838708
357.0,0.45379820967741935,0.5674888032258065,0.3913327580645161,0.4083699322580645,0.7213424935483872,0.21932156129032257
358.0,0.44414142580645155,0.5739144838709678,0.38197070322580645,0.39972858064516137,0.7285764,0.2371122129032258
359.0,0.4343140612903226,0.5813108612903226,0.3712894225806451,0.3901610870967742,0.7354764741935484,0.2584082064516129
360.0,0.42440140645161284,0.5891925870967742,0.35994852903225805,0.38013052258064517,0.7422096322580646,0.2814568709677419
361.0,0.41444610645161284,0.5973169870967742,0.348277829032258,0.3698684225806452,0.7488593322580646,0.30538187096774194
362.0,0.40449080645161284,0.6054413870967742,0.33660712903225803,0.3596063225806452,0.7555090322580645,0.3293068709677419
363.0,0.39453550645161284,0.6135657870967741,0.32493642903225806,0.34934422258064524,0.7621587322580645,0.3532318709677419
364.0,0.38458020645161284,0.6216901870967741,0.313265729032258,0.3390821225806452,0.7688084322580646,0.37715687096774186
365.0,0.37462490645161284,0.6298145870967742,0.30159502903225804,0.3288200225806452,0.7754581322580646,0.4010818709677419
366.0,0.36466960645161284,0.6379389870967742,0.28992432903225807,0.3185579225806452,0.7821078322580646,0.4250068709677419
367.0,0.3627292741935484,0.6324379419354839,0.28679762903225803,0.3191158483870968,0.7710853774193549,0.4357900903225806
368.0,0.36479642580645155,0.6201241741935484,0.28794292903225804,0.3250837870967742,0.7512268451612905,0.44000241935483864
369.0,0.3688673193548387,0.6044040451612903,0.2912242290322581,0.33375673225806457,0.7269502741935485,0.44092930322580637
370.0,0.3739400838709677,0.586980735483871,0.29557352903225803,0.3437821806451613,0.7004646838709678,0.44021346451612897
371.0,0.3795137838709677,0.568705835483871,0.30045682903225807,0.35448388064516134,0.6728745838709678,0.43867626451612896
372.0,0.3850874838709677,0.550430935483871,0.30534012903225805,0.3651855806451613,0.6452844838709678,0.43713906451612894
373.0,0.3906611838709677,0.532156035483871,0.3102234290322581,0.3758872806451613,0.6176943838709678,0.43560186451612903
374.0,0.3962348838709677,0.5138811354838709,0.31510672903225806,0.38658898064516134,0.5901042838709678,0.434064664516129
375.0,0.4018085838709677,0.49560623548387095,0.3199900290322581,0.3972906806451613,0.5625141838709677,0.432527464516129
376.0,0.40738228387096764,0.4773313354838709,0.3248733290322581,0.4079923806451613,0.5349240838709677,0.430990264516129
377.0,0.41476795806451605,0.47377302903225804,0.32762093870967746,0.40468267419354836,0.5257155580645161,0.4269871548387097
378.0,0.42305961935483866,0.47757301935483865,0.32930070322580646,0.394367264516129,0.5256978193548387,0.4217510903225806
379.0,0.4318042741935484,0.48505215806451607,0.33044654516129035,0.3805490032258064,0.5302754741935485,0.4158985483870968
380.0,0.44077542580645157,0.4943708709677419,0.33132542580645163,0.3649793161290323,0.5371508258064517,0.4097377677419355
381.0,0.44985982580645156,0.5046093709677419,0.33207082580645164,0.34853391612903223,0.5451750258064516,0.4034228677419355
382.0,0.4589442258064516,0.514847870967742,0.3328162258064516,0.33208851612903223,0.5531992258064515,0.39710796774193546
383.0,0.4680286258064516,0.525086370967742,0.3335616258064516,0.31564311612903223,0.5612234258064517,0.39079306774193545
384.0,0.47711302580645165,0.5353248709677421,0.3343070258064516,0.29919771612903223,0.5692476258064516,0.3844781677419355
385.0,0.48619742580645164,0.5455633709677419,0.3350524258064516,0.2827523161290322,0.5772718258064516,0.3781632677419355
386.0,0.49528182580645164,0.5558018709677419,0.3357978258064516,0.26630691612903223,0.5852960258064517,0.3718483677419354
387.0,0.5036450387096775,0.5471253258064516,0.3393184,0.26857222580645157,0.5825543419354839,0.36992237096774194
388.0,0.5116476580645162,0.5289912580645161,0.3442265612903226,0.2801928903225806,0.5744297161290322,0.3701908258064516
389.0,0.5194699806451613,0.5061284290322581,0.3498285161290322,0.2964912322580645,0.5636136193548387,0.37155650645161287
390.0,0.5272021548387097,0.48090121935483865,0.35577736774193547,0.3151284129032258,0.5514517870967741,0.3734708
391.0,0.5348892548387097,0.45449181935483873,0.3618996677419355,0.3349350129032258,0.5386170870967742,0.3756594
392.0,0.5425763548387097,0.4280824193548387,0.3680219677419355,0.3547416129032258,0.5257823870967742,0.377848
393.0,0.5502634548387098,0.4016730193548387,0.37414426774193543,0.3745482129032258,0.5129476870967742,0.38003659999999995
394.0,0.5579505548387097,0.37526361935483865,0.3802665677419355,0.3943548129032258,0.5001129870967742,0.38222519999999993
395.0,0.5656376548387098,0.34885421935483873,0.3863888677419355,0.41416141290322583,0.48727828709677423,0.3844138
396.0,0.5733247548387097,0.3224448193548387,0.3925111677419355,0.43396801290322584,0.4744435870967742,0.3866024
397.0,0.5757137387096776,0.30780661935483866,0.3998137,0.4450753096774194,0.46907804838709677,0.3829185870967742
398.0,0.575453664516129,0.29905401935483866,0.40770634838709674,0.45183295483870967,0.46744709032258064,0.3762985677419355
399.0,0.5738690612903226,0.2932442193548387,0.41589405483870967,0.4564157741935484,0.46768342258064516,0.3682104451612903
400.0,0.5716221935483872,0.28890581935483867,0.42422929032258067,0.45991118064516134,0.4688534,0.35938827096774195
401.0,0.5690441935483872,0.28530311935483865,0.4326382903225806,0.46286288064516135,0.47049019999999997,0.35019907096774194
402.0,0.5664661935483871,0.2817004193548387,0.4410472903225806,0.46581458064516135,0.472127,0.34100987096774193
403.0,0.5638881935483872,0.27809771935483873,0.4494562903225806,0.46876628064516135,0.4737638,0.3318206709677419
404.0,0.5613101935483872,0.27449501935483867,0.45786529032258055,0.47171798064516135,0.4754006,0.3226314709677419
405.0,0.5587321935483871,0.2708923193548387,0.4662742903225806,0.47466968064516135,0.4770374,0.3134422709677419
406.0,0.5561541935483871,0.2672896193548387,0.47468329032258055,0.47762138064516135,0.4786742,0.3042530709677419
407.0,0.5524522193548387,0.26281920322580643,0.4754932193548387,0.47956616451612905,0.47997030322580647,0.2976232
408.0,0.5481882580645161,0.25791492903225804,0.47250361290322573,0.48100749032258067,0.4810960580645161,0.2922729935483871
409.0,0.5436433032258066,0.25279372580645165,0.46761423870967733,0.4821970870967742,0.4821366387096774,0.28756261935483873
410.0,0.5389578516129032,0.24756405806451612,0.4617749806451612,0.4832608193548388,0.4831346322580645,0.2831721612903226
411.0,0.5342021516129033,0.24228015806451614,0.4554607806451612,0.48426161935483875,0.4841113322580646,0.27894166129032255
412.0,0.5294464516129033,0.23699625806451613,0.4491465806451612,0.4852624193548387,0.4850880322580645,0.2747111612903226
413.0,0.5246907516129032,0.23171235806451612,0.4428323806451613,0.48626321935483874,0.4860647322580645,0.27048066129032255
414.0,0.5199350516129033,0.2264284580645161,0.43651818064516124,0.48726401935483876,0.4870414322580645,0.2662501612903226
415.0,0.5151793516129033,0.22114455806451616,0.4302039806451612,0.48826481935483873,0.48801813225806456,0.26201966129032256
416.0,0.5104236516129033,0.21586065806451615,0.42388978064516125,0.48926561935483875,0.4889948322580645,0.2577891612903226
417.0,0.5110441580645162,0.21537386774193548,0.42087555483870964,0.4917838903225807,0.48941240967741934,0.2610445967741935
418.0,0.5143527677419355,0.21728563225806452,0.41951131612903225,0.49506089677419357,0.4895504258064516,0.268043
419.0,0.5190054290322581,0.2203966741935484,0.4189720709677419,0.498717270967742,0.4895486612903226,0.2769128870967742
420.0,0.5243301161290324,0.2241073548387097,0.4188453225806451,0.5025633290322581,0.4894770064516129,0.28671851612903226
421.0,0.5299908161290323,0.22811785483870967,0.4189248225806451,0.5065042290322581,0.4893704064516129,0.29699201612903225
422.0,0.5356515161290323,0.2321283548387097,0.4190043225806451,0.5104451290322581,0.48926380645161294,0.3072655161290323
423.0,0.5413122161290322,0.23613885483870972,0.41908382258064514,0.5143860290322582,0.48915720645161287,0.31753901612903224
424.0,0.5469729161290323,0.24014935483870972,0.41916332258064515,0.5183269290322581,0.48905060645161286,0.3278125161290323
425.0,0.5526336161290323,0.24415985483870972,0.41924282258064516,0.522267829032258,0.48894400645161284,0.3380860161290322
426.0,0.5582943161290324,0.24817035483870972,0.41932232258064517,0.5262087290322581,0.4888374064516129,0.34835951612903227
427.0,0.5596348096774193,0.25448728064516135,0.42248600322580643,0.5295314096774193,0.4894615419354838,0.3514918548387097
428.0,0.5588152,0.26195741935483874,0.42719177419354837,0.5325449806451613,0.49045104516129023,0.3510536129032258
429.0,0.5569155387096775,0.2700041645161291,0.43266859032258065,0.5354039967741935,0.4916232322580644,0.34883008064516124
430.0,0.5544758516129032,0.27833921290322583,0.43853092903225804,0.538185735483871,0.4928867612903225,0.3457139032258064
431.0,0.5517661516129033,0.28681841290322585,0.4445860290322581,0.540928835483871,0.4941959612903225,0.34215140322580645
432.0,0.5490564516129033,0.29529761290322587,0.45064112903225806,0.543671935483871,0.4955051612903225,0.3385889032258064
433.0,0.5463467516129032,0.30377681290322583,0.45669622903225804,0.546415035483871,0.4968143612903225,0.33502640322580646
434.0,0.5436370516129032,0.3122560129032258,0.462751329032258,0.5491581354838709,0.49812356129032254,0.33146390322580643
435.0,0.5409273516129032,0.3207352129032258,0.468806429032258,0.551901235483871,0.4994327612903225,0.3279014032258064
436.0,0.5382176516129032,0.32921441290322584,0.47486152903225803,0.554644335483871,0.5007419612903226,0.32433890322580644
437.0,0.5337889322580645,0.330537535483871,0.47714336451612904,0.555053964516129,0.5003963483870967,0.32008690645161286
438.0,0.5285007032258064,0.3282826193548387,0.4775385677419355,0.5542968580645161,0.49922332903225797,0.3154901612903226
439.0,0.5227827193548387,0.32423868387096777,0.4769904548387096,0.5529563838709677,0.4976366064516128,0.3107210419354839
440.0,0.5168498580645161,0.31930023870967744,0.4759706838709677,0.5513242258064517,0.4958430322580645,0.30586573548387097
441.0,0.5108095580645161,0.31391453870967745,0.4747150838709677,0.5495462258064516,0.4939460322580645,0.30096733548387095
442.0,0.5047692580645161,0.3085288387096774,0.4734594838709677,0.5477682258064516,0.4920490322580645,0.2960689354838709
443.0,0.4987289580645161,0.30314313870967746,0.4722038838709677,0.5459902258064516,0.4901520322580645,0.291170535483871
444.0,0.4926886580645161,0.2977574387096774,0.47094828387096777,0.5442122258064517,0.48825503225806444,0.286272135483871
445.0,0.4866483580645161,0.2923717387096774,0.46969268387096774,0.5424342258064516,0.48635803225806445,0.28137373548387096
446.0,0.4806080580645161,0.2869860387096774,0.4684370838709678,0.5406562258064516,0.4844610322580645,0.276475335483871
447.0,0.4777992935483871,0.2842695,0.4658688645161291,0.5365273612903225,0.48458699999999993,0.2709811677419355
448.0,0.4766062967741935,0.2828875419354839,0.46264433548387096,0.5312230645161291,0.4857244516129032,0.2651891161290323
449.0,0.4762211838709678,0.2821728741935484,0.4590916516129032,0.5253310516129033,0.4873676451612903,0.25924812258064517
450.0,0.4762400129032258,0.28179185161290327,0.45537489032258066,0.5191451806451612,0.48926370967741933,0.2532326580645161
451.0,0.47646081290322584,0.28157765161290327,0.4515760903225806,0.5128123806451612,0.4912862096774193,0.24717995806451615
452.0,0.4766816129032258,0.2813634516129032,0.4477772903225806,0.5064795806451612,0.49330870967741935,0.24112725806451613
453.0,0.47690241290322577,0.2811492516129032,0.44397849032258063,0.5001467806451613,0.4953312096774193,0.23507455806451613
454.0,0.4771232129032258,0.2809350516129032,0.44017969032258064,0.4938139806451613,0.4973537096774193,0.22902185806451614
455.0,0.4773440129032258,0.2807208516129032,0.43638089032258065,0.4874811806451612,0.4993762096774193,0.22296915806451612
456.0,0.47756481290322583,0.2805066516129032,0.43258209032258066,0.4811483806451613,0.5013987096774193,0.21691645806451612
457.0,0.47539619354838714,0.2809794709677419,0.4302276258064516,0.4786180580645161,0.5025703193548388,0.21784476451612905
458.0,0.472032864516129,0.2817958,0.42859532903225805,0.47798897419354835,0.5033164838709676,0.22226357419354836
459.0,0.4680721806451613,0.28278388387096776,0.42732411612903226,0.47831050967741934,0.5038499258064515,0.22842763548387096
460.0,0.46381281935483876,0.2838578451612903,0.4262334451612903,0.4791073548387097,0.5042770064516129,0.23546432258064515
461.0,0.4594041193548387,0.2849747451612903,0.4252330451612903,0.48014185483870964,0.5046509064516129,0.24293732258064515
462.0,0.4549954193548387,0.28609164516129026,0.42423264516129033,0.4811763548387097,0.5050248064516129,0.2504103225806451
463.0,0.45058671935483874,0.28720854516129035,0.4232322451612903,0.4822108548387096,0.5053987064516129,0.25788332258064517
464.0,0.4461780193548387,0.2883254451612903,0.4222318451612903,0.4832453548387096,0.5057726064516129,0.2653563225806451
465.0,0.44176931935483876,0.2894423451612903,0.4212314451612903,0.4842798548387096,0.5061465064516129,0.2728293225806452
466.0,0.4373606193548387,0.2905592451612903,0.4202310451612903,0.4853143548387096,0.5065204064516129,0.28030232258064514
467.0,0.43648771290322586,0.29632667419354836,0.41747074838709675,0.4818680806451612,0.5068966290322581,0.28229872903225806
468.0,0.43738270322580647,0.30441936774193545,0.4138305032258064,0.47618141935483865,0.5072740129032258,0.2815568387096774
469.0,0.4391616419354839,0.31367469354838706,0.4097502838709677,0.46937456451612897,0.5076519774193549,0.27944579999999997
470.0,0.4413825548387097,0.32351133548387095,0.4054500774193548,0.4620076129032258,0.5080302322580645,0.27665018709677414
471.0,0.4438244548387097,0.33363863548387096,0.4010398774193548,0.45436061290322577,0.5084086322580645,0.2735122870967742
472.0,0.4462663548387097,0.3437659354838709,0.39662967741935484,0.44671361290322575,0.5087870322580645,0.2703743870967742
473.0,0.4487082548387097,0.35389323548387097,0.3922194774193548,0.4390666129032258,0.5091654322580645,0.2672364870967742
474.0,0.4511501548387097,0.3640205354838709,0.38780927741935484,0.4314196129032257,0.5095438322580645,0.2640985870967742
475.0,0.4535920548387097,0.3741478354838709,0.3833990774193548,0.42377261290322576,0.5099222322580645,0.26096068709677417
476.0,0.4560339548387097,0.38427513548387093,0.37898887741935483,0.4161256129032258,0.5103006322580645,0.2578227870967742
477.0,0.4546912354838709,0.38573193225806446,0.3789169483870968,0.41745507741935484,0.510097870967742,0.255377429032258
478.0,0.4514562064516129,0.3828534774193548,0.38101415483870965,0.42327277419354836,0.5096045290322581,0.2532783419354839
479.0,0.4472750225806451,0.3778073967741935,0.3841959290322581,0.4313345870967741,0.5089658967741936,0.2513523903225806
480.0,0.4426207612903226,0.3716775032258065,0.3879199870967742,0.44051845806451606,0.5082546193548387,0.2495130064516129
481.0,0.4377299612903226,0.3650057032258065,0.3919151870967742,0.4502633580645161,0.5075070193548387,0.2477169064516129
482.0,0.43283916129032257,0.35833390322580644,0.3959103870967742,0.46000825806451606,0.5067594193548387,0.24592080645161288
483.0,0.42794836129032254,0.35166210322580643,0.39990558709677415,0.4697531580645161,0.5060118193548386,0.2441247064516129
484.0,0.42305756129032257,0.3449903032258065,0.40390078709677424,0.47949805806451606,0.5052642193548387,0.24232860645161292
485.0,0.41816676129032254,0.3383185032258065,0.4078959870967742,0.48924295806451606,0.5045166193548387,0.2405325064516129
486.0,0.4132759612903225,0.33164670322580647,0.4118911870967742,0.49898785806451607,0.5037690193548386,0.23873640645161293
487.0,0.4144950451612903,0.3247634967741936,0.4106785935483871,0.5023671322580645,0.5036077419354839,0.23822742903225808
488.0,0.41876907096774196,0.3177745870967742,0.4068621032258064,0.502563593548387,0.5037396258064516,0.2383620129032258
489.0,0.42457056774193547,0.3107328258064517,0.401743664516129,0.5011686483870967,0.5040180903225806,0.23881837741935485
490.0,0.43113579999999996,0.3036646387096774,0.3959742516129032,0.49897800000000003,0.5043698451612904,0.23943563225806452
491.0,0.43808289999999994,0.2965832387096774,0.3898793516129032,0.49638950000000004,0.5047582451612903,0.24013333225806452
492.0,0.44503,0.28950183870967744,0.3837844516129032,0.493801,0.5051466451612903,0.24083103225806451
493.0,0.4519771,0.2824204387096774,0.3776895516129032,0.4912125,0.5055350451612903,0.24152873225806454
494.0,0.4589242,0.27533903870967746,0.37159465161290317,0.488624,0.5059234451612903,0.24222643225806453
495.0,0.4658713,0.26825763870967745,0.36549975161290316,0.4860355,0.5063118451612902,0.24292413225806453
496.0,0.47281839999999997,0.26117623870967743,0.35940485161290314,0.48344700000000007,0.5067002451612903,0.24362183225806452
497.0,0.4691263774193548,0.26347383225806453,0.3567819,0.47800136451612907,0.5121838193548387,0.24618311935483872
498.0,0.4601147935483871,0.27046092258064514,0.35589492258064515,0.4711271612903226,0.5202149806451613,0.2496762
499.0,0.44844342903225803,0.27979276129032254,0.35587593225806446,0.4635386741935484,0.5295199354838709,0.2536351774193548
500.0,0.43544217419354836,0.2902969741935484,0.3562909354838709,0.45559304516129034,0.5394617870967742,0.25782710322580643
501.0,0.42177597419354834,0.3013873741935484,0.35692293548387094,0.4474688451612904,0.5497220870967742,0.2621355032258064
502.0,0.4081097741935484,0.3124777741935484,0.35755493548387096,0.43934464516129035,0.5599823870967742,0.26644390322580647
503.0,0.39444357419354836,0.32356817419354833,0.3581869354838709,0.4312204451612903,0.5702426870967742,0.27075230322580646
504.0,0.38077737419354835,0.3346585741935484,0.358818935483871,0.4230962451612903,0.5805029870967742,0.27506070322580645
505.0,0.36711117419354833,0.3457489741935484,0.35945093548387097,0.4149720451612903,0.5907632870967742,0.27936910322580644
506.0,0.35344497419354837,0.3568393741935484,0.36008293548387094,0.40684784516129036,0.6010235870967742,0.2836775032258064
507.0,0.35820978781362006,0.3600805068100358,0.36220901433691755,0.40686465161290325,0.6057497967741936,0.29646667168458773
508.0,0.37219010824372756,0.359397005734767,0.3650821326164875,0.4109519612903225,0.6077089612903226,0.3134962243727598
509.0,0.39077818207885306,0.35675118781362003,0.368328770609319,0.41707452258064515,0.6082846032258065,0.33264596917562717
510.0,0.41167013261648744,0.353124211469534,0.3717621684587813,0.42421470967741937,0.6081684838709678,0.3528558100358422
511.0,0.4337140215053763,0.34900665591397845,0.3752889462365591,0.43186370967741927,0.6077064838709676,0.3735956989247311
512.0,0.4557579103942652,0.3448891003584229,0.37881572401433694,0.4395127096774193,0.6072444838709676,0.39433558781362
513.0,0.47780179928315414,0.3407715448028673,0.3823425017921147,0.44716170967741936,0.6067824838709677,0.4150754767025089
514.0,0.49984568817204306,0.3366539892473118,0.3858692795698925,0.4548107096774193,0.6063204838709677,0.43581536559139783
515.0,0.5218895770609319,0.33253643369175623,0.38939605734767024,0.46245970967741934,0.6058584838709677,0.4565552544802867
516.0,0.532941058781362,0.32406850681003585,0.38756506594982076,0.46415299354838707,0.6014774645161289,0.4564992781362007
517.0,0.5384963369175628,0.31342539426523297,0.3830551899641577,0.4628684193548387,0.5951369354838709,0.4460453691756272
518.0,0.5413035132616488,0.3016946888888889,0.37720587168458775,0.4600949161290322,0.5878166516129031,0.43039249390681
519.0,0.5427366387096775,0.2894201870967742,0.3706868322580645,0.4565769483870967,0.5800064903225806,0.41214013548387096
520.0,0.5434827387096774,0.27687378709677424,0.3638329322580645,0.45268674838709666,0.5719513903225806,0.39258803548387095
521.0,0.5442288387096774,0.26432738709677417,0.3569790322580645,0.4487965483870967,0.5638962903225806,0.37303593548387093
522.0,0.5449749387096775,0.2517809870967742,0.3501251322580645,0.44490634838709675,0.5558411903225806,0.35348383548387097
523.0,0.5457210387096775,0.2392345870967742,0.34327123225806455,0.4410161483870967,0.5477860903225806,0.33393173548387095
524.0,0.5464671387096776,0.22668818709677419,0.3364173322580646,0.43712594838709673,0.5397309903225807,0.31437963548387093
525.0,0.5472132387096775,0.21414178709677417,0.3295634322580645,0.43323574838709666,0.5316758903225806,0.294827535483871
526.0,0.5449442161290323,0.20656808387096773,0.32725853870967747,0.4358307612903225,0.5267617451612903,0.2838463774193548
527.0,0.5411676322580645,0.20148072903225805,0.3272281483870968,0.44166838064516123,0.5234180774193548,0.2771506903225806
528.0,0.5366372677419355,0.19763654838709677,0.32833500967741935,0.4491273032258064,0.5208596483870966,0.2725977387096774
529.0,0.5317300129032259,0.19441395483870966,0.3300104967741936,0.4573968774193548,0.5186938387096773,0.26911615483870965
530.0,0.5266343129032258,0.1915021548387097,0.33197029677419354,0.4660717774193548,0.5167243387096774,0.26617025483870965
531.0,0.5215386129032258,0.18859035483870967,0.3339300967741936,0.47474667741935483,0.5147548387096774,0.26322435483870965
532.0,0.5164429129032257,0.18567855483870965,0.33588989677419356,0.4834215774193548,0.5127853387096775,0.2602784548387096
533.0,0.5113472129032257,0.18276675483870966,0.3378496967741936,0.4920964774193548,0.5108158387096774,0.25733255483870965
534.0,0.5062515129032258,0.17985495483870967,0.3398094967741936,0.5007713774193547,0.5088463387096774,0.25438665483870965
535.0,0.5011558129032258,0.17694315483870965,0.34176929677419354,0.5094462774193548,0.5068768387096775,0.25144075483870965
536.0,0.49970821612903227,0.1791214193548387,0.3481274967741935,0.5159272161290323,0.5083226161290323,0.2616173322580645
537.0,0.5000846709677419,0.18384471612903225,0.35668489677419357,0.5213111741935483,0.5114760322580645,0.27835514838709674
538.0,0.5013731516129032,0.18984052903225807,0.36634189677419354,0.5261466419354839,0.5154832677419355,0.2983735838709677
539.0,0.5031176451612903,0.1964726,0.37654869677419356,0.530707864516129,0.5199174129032258,0.3200323290322581
540.0,0.5050901451612902,0.2034228,0.3870303967741936,0.535131964516129,0.5245650129032258,0.34251122903225806
541.0,0.5070626451612903,0.210373,0.3975120967741935,0.539556064516129,0.5292126129032259,0.364990129032258
542.0,0.5090351451612902,0.2173232,0.40799379677419356,0.5439801645161291,0.5338602129032257,0.3874690290322581
543.0,0.5110076451612903,0.2242734,0.4184754967741936,0.548404264516129,0.5385078129032258,0.4099479290322581
544.0,0.5129801451612902,0.23122360000000003,0.4289571967741936,0.5528283645161289,0.5431554129032258,0.43242682903225804
545.0,0.5149526451612902,0.2381738,0.43943889677419357,0.557252464516129,0.5478030129032258,0.45490572903225807
546.0,0.5202355451612902,0.2496719225806452,0.4448288806451613,0.5620366677419355,0.5502241870967741,0.46238788064516134
547.0,0.5271736451612903,0.2634440064516129,0.4476730064516129,0.5670009225806452,0.5515321483870967,0.4623716580645162
548.0,0.5349393451612903,0.2783530709677419,0.4492442032258065,0.5720552032258064,0.5522835032258064,0.45860624838709674
549.0,0.5431188451612903,0.29383062580645164,0.450178935483871,0.5771544967741935,0.5527565548387097,0.45296624516129036
550.0,0.5515052451612903,0.30959242580645163,0.45079543548387097,0.5822762967741936,0.5530904548387097,0.44638894516129035
551.0,0.5598916451612903,0.3253542258064516,0.451411935483871,0.5873980967741935,0.5534243548387097,0.43981164516129034
552.0,0.5682780451612902,0.3411160258064516,0.45202843548387095,0.5925198967741936,0.5537582548387097,0.43323434516129034
553.0,0.5766644451612902,0.35687782580645167,0.45264493548387097,0.5976416967741935,0.5540921548387097,0.4266570451612903
554.0,0.5850508451612902,0.3726396258064516,0.453261435483871,0.6027634967741936,0.5544260548387097,0.4200797451612903
555.0,0.5934372451612903,0.38840142580645165,0.45387793548387095,0.6078852967741936,0.5547599548387097,0.4135024451612903
556.0,0.592840470967742,0.3905054709677419,0.4515011451612903,0.6098082838709677,0.5552853387096774,0.39830068064516133
557.0,0.5877521096774194,0.38578063870967744,0.4476277096774194,0.6101318645161291,0.555906464516129,0.3787866838709677
558.0,0.5804179548387096,0.3776413677419355,0.44300595161290324,0.6096557419354839,0.5565754612903226,0.35711657096774196
559.0,0.5719609032258065,0.36779487741935485,0.43801003225806456,0.6087797677419354,0.5572683935483871,0.3343684
560.0,0.5629424032258065,0.3570947774193548,0.4328270322580645,0.6077038677419355,0.557973293548387,0.31108119999999995
561.0,0.5539239032258064,0.34639467741935487,0.42764403225806447,0.6066279677419355,0.5586781935483871,0.287794
562.0,0.5449054032258065,0.3356945774193548,0.4224610322580645,0.6055520677419355,0.5593830935483871,0.26450680000000004
563.0,0.5358869032258065,0.32499447741935483,0.4172780322580645,0.6044761677419355,0.5600879935483871,0.24121959999999998
564.0,0.5268684032258064,0.31429437741935484,0.41209503225806454,0.6034002677419354,0.5607928935483871,0.2179324
565.0,0.5178499032258065,0.30359427741935485,0.4069120322580645,0.6023243677419354,0.5614977935483871,0.19464520000000002
566.0,0.5129505774193548,0.3068387967741935,0.4082554838709678,0.5963070483870968,0.561856370967742,0.19248981935483872
567.0,0.5101108387096774,0.3170556258064516,0.4128621612903226,0.5878190193548387,0.5620417870967742,0.20090034838709678
568.0,0.508300893548387,0.3307586096774193,0.4191004516129032,0.578095635483871,0.5621406225806451,0.21459383225806455
569.0,0.5070058451612903,0.34620467096774193,0.42615454838709677,0.5677545741935484,0.5621961677419355,0.23092879354838713
570.0,0.5059682451612904,0.3625222709677419,0.43361654838709673,0.5571046741935484,0.5622300677419355,0.24858449354838713
571.0,0.5049306451612903,0.37883987096774185,0.44107854838709676,0.5464547741935484,0.5622639677419354,0.2662401935483871
572.0,0.5038930451612903,0.3951574709677419,0.4485405483870968,0.5358048741935484,0.5622978677419355,0.28389589354838707
573.0,0.5028554451612903,0.41147507096774194,0.45600254838709675,0.5251549741935484,0.5623317677419355,0.3015515935483871
574.0,0.5018178451612902,0.4277926709677419,0.4634645483870967,0.5145050741935484,0.5623656677419353,0.3192072935483871
575.0,0.5007802451612903,0.4441102709677419,0.4709265483870968,0.5038551741935484,0.5623995677419353,0.3368629935483871
576.0,0.503119729032258,0.4549850322580645,0.47504816129032257,0.5014157516129032,0.5646562290322579,0.3425276225806452
577.0,0.5071477548387097,0.46313837419354836,0.4774995806451613,0.5030815677419355,0.5680242709677419,0.34219671612903224
578.0,0.5120200516129032,0.46993100645161284,0.4791159032258065,0.5068000032258064,0.5719480032258064,0.3388680419354839
579.0,0.5173144838709677,0.4760432838709677,0.48031467741935485,0.5115447483870967,0.5761495806451612,0.33404048387096774
580.0,0.5228199838709677,0.48181538387096773,0.4813046774193549,0.5168026483870968,0.5804900806451612,0.3284634838709678
581.0,0.5283254838709677,0.48758748387096773,0.48229467741935483,0.5220605483870968,0.5848305806451612,0.32288648387096774
582.0,0.5338309838709677,0.4933595838709677,0.4832846774193549,0.5273184483870967,0.5891710806451613,0.31730948387096775
583.0,0.5393364838709678,0.49913168387096774,0.48427467741935487,0.5325763483870969,0.5935115806451612,0.31173248387096775
584.0,0.5448419838709677,0.5049037838709678,0.48526467741935486,0.5378342483870968,0.5978520806451613,0.30615548387096775
585.0,0.5503474838709677,0.5106758838709677,0.4862546774193549,0.5430921483870967,0.6021925806451612,0.30057848387096775
586.0,0.5491945580645161,0.5016452483870968,0.4799462516129033,0.5428840870967742,0.600898758064516,0.28936530322580645
587.0,0.5447124193548387,0.48521324516129033,0.4699886129032258,0.5399430451612903,0.5967877741935482,0.2753340322580645
588.0,0.5385656741935483,0.4650805580645161,0.45820636774193546,0.5356355129032258,0.5912682096774193,0.2598937161290322
589.0,0.5315866258064516,0.4430975290322581,0.4455118193548387,0.530644735483871,0.5850443548387096,0.24374887741935486
590.0,0.5241914258064516,0.42018932903225803,0.4323611193548387,0.5253123354838709,0.5784683548387095,0.22725177741935484
591.0,0.5167962258064516,0.3972811290322581,0.4192104193548387,0.519979935483871,0.5718923548387096,0.21075467741935483
592.0,0.5094010258064515,0.37437292903225805,0.40605971935483876,0.5146475354838709,0.5653163548387096,0.19425757741935484
593.0,0.5020058258064516,0.35146472903225806,0.3929090193548387,0.5093151354838709,0.5587403548387095,0.17776047741935483
594.0,0.49461062580645165,0.32855652903225807,0.3797583193548387,0.503982735483871,0.5521643548387096,0.16126337741935481
595.0,0.4872154258064516,0.305648329032258,0.3666076193548387,0.4986503354838709,0.5455883548387096,0.14476627741935483
596.0,0.48027581290322585,0.28742606451612907,0.3641765064516129,0.5037724903225806,0.5425330258064516,0.14627160322580643
597.0,0.4735639935483871,0.27154676774193554,0.3671051870967742,0.514121922580645,0.5412380322580644,0.15677814193548384
598.0,0.4669660709677419,0.25683895483870967,0.37271376451612903,0.527084993548387,0.5408232064516127,0.17178528709677418
599.0,0.4604250967741935,0.24271688387096774,0.37966229032258064,0.5413548838709676,0.5408484645161289,0.18904273548387096
600.0,0.4539125967741936,0.22888768387096775,0.38728079032258067,0.5562781838709676,0.541093764516129,0.20742533548387096
601.0,0.44740009677419357,0.21505848387096774,0.39489929032258064,0.5712014838709677,0.541339064516129,0.22580793548387096
602.0,0.44088759677419354,0.20122928387096772,0.4025177903225806,0.5861247838709677,0.5415843645161291,0.24419053548387093
603.0,0.4343750967741936,0.18740008387096774,0.41013629032258064,0.6010480838709678,0.5418296645161291,0.26257313548387096
604.0,0.4278625967741936,0.17357088387096775,0.41775479032258067,0.6159713838709677,0.5420749645161291,0.280955735483871
605.0,0.42135009677419355,0.15974168387096774,0.42537329032258064,0.6308946838709677,0.5423202645161291,0.29933833548387095
606.0,0.4253614161290322,0.15604430322580645,0.4308972870967742,0.6379379322580645,0.5429798096774194,0.31330596774193553
607.0,0.43463464516129036,0.15741283225806452,0.4353740322580645,0.6410411548387096,0.5438464774193549,0.32506611612903225
608.0,0.44653882903225806,0.16131431612903224,0.43932715161290326,0.6421743645161289,0.544816706451613,0.33572252258064517
609.0,0.45975849032258065,0.16648227741935484,0.4430184580645161,0.6423225677419354,0.5458387161290323,0.3458270580645161
610.0,0.47363589032258063,0.17228347741935482,0.44657885806451614,0.6419782677419354,0.5468866161290322,0.35565565806451604
611.0,0.4875132903225806,0.17808467741935485,0.45013925806451616,0.6416339677419354,0.5479345161290323,0.3654842580645161
612.0,0.5013906903225807,0.18388587741935486,0.4536996580645161,0.6412896677419354,0.5489824161290322,0.3753128580645161
613.0,0.5152680903225806,0.18968707741935484,0.45726005806451614,0.6409453677419354,0.5500303161290323,0.3851414580645161
614.0,0.5291454903225805,0.19548827741935484,0.4608204580645161,0.6406010677419355,0.5510782161290322,0.3949700580645161
615.0,0.5430228903225806,0.20128947741935482,0.4643808580645161,0.6402567677419355,0.5521261161290323,0.4047986580645161
616.0,0.5518611677419354,0.2050071677419355,0.4613945741935484,0.6363014741935484,0.5518156677419355,0.4035241870967742
617.0,0.5581798838709677,0.20768310322580646,0.4551349483870968,0.6305406838709677,0.5508260451612903,0.39669818064516127
618.0,0.5632388193548387,0.20983816129032257,0.4472386516129032,0.6238771451612903,0.549496835483871,0.38709640645161286
619.0,0.567667864516129,0.2117327806451613,0.4385240193548387,0.6167622322580645,0.5479978322580645,0.37610674838709673
620.0,0.5717819645161291,0.21349718064516127,0.42940021935483874,0.6094216322580646,0.5464139322580646,0.3644231483870968
621.0,0.575896064516129,0.21526158064516127,0.4202764193548387,0.6020810322580645,0.5448300322580646,0.35273954838709676
622.0,0.5800101645161289,0.21702598064516126,0.4111526193548387,0.5947404322580645,0.5432461322580645,0.34105594838709674
623.0,0.5841242645161289,0.21879038064516126,0.4020288193548387,0.5873998322580645,0.5416622322580644,0.3293723483870967
624.0,0.5882383645161289,0.22055478064516126,0.3929050193548387,0.5800592322580645,0.5400783322580645,0.3176887483870967
625.0,0.5923524645161289,0.22231918064516126,0.3837812193548387,0.5727186322580645,0.5384944322580645,0.30600514838709675
626.0,0.5933671580645161,0.2223700838709677,0.3797292129032258,0.5716247419354838,0.5395448032258064,0.29233429677419354
627.0,0.5928321483870967,0.2215642387096774,0.3782131032258065,0.5736542064516128,0.5419123096774194,0.2776698193548387
628.0,0.5915222870967741,0.22033001935483867,0.37796494193548386,0.5772453483870967,0.5449383838709678,0.2625085290322581
629.0,0.589825,0.21888161290322578,0.37835075483870967,0.581617329032258,0.5482937419354839,0.2470988322580645
630.0,0.587934,0.2173261129032258,0.37905355483870967,0.5863797290322581,0.5518137419354838,0.23156493225806452
631.0,0.5860429999999999,0.2157706129032258,0.3797563548387097,0.591142129032258,0.5553337419354838,0.21603103225806453
632.0,0.584152,0.2142151129032258,0.3804591548387097,0.5959045290322581,0.5588537419354838,0.2004971322580645
633.0,0.5822609999999999,0.2126596129032258,0.3811619548387097,0.600666929032258,0.5623737419354837,0.1849632322580645
634.0,0.58037,0.21110411290322578,0.38186475483870963,0.6054293290322581,0.5658937419354838,0.1694293322580645
635.0,0.578479,0.2095486129032258,0.3825675548387097,0.610191729032258,0.5694137419354838,0.1538954322580645
636.0,0.5805444387096773,0.2061801064516129,0.37830994193548384,0.6073719354838709,0.5697769419354838,0.14746155806451616
637.0,0.5845880967741934,0.20190509677419355,0.3715721225806452,0.6007610451612904,0.5685617419354838,0.14557769677419358
638.0,0.5896208645161289,0.19717683548387094,0.3635942,0.592254606451613,0.5665573419354838,0.14596884193548387
639.0,0.5951481870967741,0.19222194838709677,0.3549962258064516,0.5828003935483872,0.5641583419354839,0.14749749032258064
640.0,0.6009227870967742,0.18715374838709675,0.3460882258064516,0.5728722935483872,0.5615620419354839,0.14959489032258066
641.0,0.6066973870967742,0.18208554838709673,0.33718022580645163,0.5629441935483872,0.5589657419354839,0.15169229032258066
642.0,0.6124719870967742,0.17701734838709676,0.32827222580645166,0.5530160935483871,0.5563694419354838,0.15378969032258066
643.0,0.6182465870967742,0.17194914838709674,0.31936422580645163,0.5430879935483871,0.5537731419354839,0.15588709032258063
644.0,0.6240211870967742,0.16688094838709674,0.3104562258064516,0.5331598935483871,0.5511768419354838,0.15798449032258066
645.0,0.6297957870967743,0.16181274838709675,0.3015482258064516,0.5232317935483871,0.5485805419354839,0.16008189032258066
646.0,0.6321624387096775,0.16198454838709675,0.3005886129032258,0.520157164516129,0.5473290161290323,0.16712184516129033
647.0,0.6328251161290323,0.16477634838709676,0.30360319354838705,0.5205092709677419,0.5467498774193548,0.17663307741935486
648.0,0.6326358064516129,0.16887814838709675,0.3086048709677419,0.5225747451612903,0.5465069322580645,0.1873799483870968
649.0,0.6320205032258065,0.17363494838709675,0.31460009677419354,0.5254969032258066,0.5464320838709676,0.19874463870967743
650.0,0.6311922032258065,0.17871924838709677,0.3210920967741935,0.5288474032258066,0.5464412838709676,0.21041823870967744
651.0,0.6303639032258065,0.18380354838709678,0.3275840967741935,0.5321979032258065,0.5464504838709676,0.22209183870967744
652.0,0.6295356032258065,0.18888784838709677,0.3340760967741935,0.5355484032258064,0.5464596838709677,0.23376543870967742
653.0,0.6287073032258065,0.19397214838709675,0.34056809677419353,0.5388989032258065,0.5464688838709677,0.24543903870967743
654.0,0.6278790032258065,0.19905644838709677,0.34706009677419347,0.5422494032258065,0.5464780838709676,0.25711263870967743
655.0,0.6270507032258065,0.20414074838709678,0.3535520967741935,0.5455999032258065,0.5464872838709677,0.26878623870967744
656.0,0.6163787387096774,0.21912202903225808,0.3587334903225806,0.5393969580645162,0.5513106258064515,0.27897694838709675
657.0,0.6007849419354839,0.23905179999999998,0.36325958064516123,0.5284172903225808,0.5585410387096774,0.2884262129032258
658.0,0.5827302290322581,0.26145581612903224,0.3674580193548387,0.5150492612903226,0.5669749870967742,0.2975047548387097
659.0,0.5634450580645162,0.28509695483870967,0.3714926322580645,0.5004870516129032,0.5760107032258064,0.30639793548387095
660.0,0.5435446580645161,0.3093566548387097,0.3754453322580644,0.4853277516129032,0.5853473032258064,0.31519843548387094
661.0,0.5236442580645162,0.3336163548387097,0.37939803225806445,0.4701684516129032,0.5946839032258064,0.32399893548387093
662.0,0.5037438580645162,0.3578760548387097,0.3833507322580645,0.45500915161290323,0.6040205032258064,0.3327994354838709
663.0,0.48384345806451623,0.3821357548387097,0.3873034322580645,0.43984985161290324,0.6133571032258065,0.3415999354838709
664.0,0.4639430580645162,0.4063954548387097,0.39125613225806444,0.42469055161290326,0.6226937032258064,0.35040043548387095
665.0,0.4440426580645162,0.4306551548387097,0.39520883225806447,0.40953125161290327,0.6320303032258064,0.359200935483871
666.0,0.4413350838709678,0.4423148548387097,0.39561252580645156,0.40519760322580645,0.6321750580645162,0.3640437064516129
667.0,0.44722392258064525,0.4476745548387097,0.39424171612903225,0.4062767806451613,0.6277238903225806,0.3669076129032258
668.0,0.4574109677419355,0.44988425483870975,0.39198365483870967,0.410062370967742,0.6209747612903226,0.3687820870967742
669.0,0.4697471161290323,0.45051895483870974,0.38928196774193546,0.4152011677419355,0.6130766516129033,0.37016184516129036
670.0,0.4831578161290323,0.4503661548387097,0.3863584677419355,0.4210165677419355,0.6046040516129032,0.37129424516129034
671.0,0.4965685161290323,0.45021335483870967,0.3834349677419354,0.4268319677419355,0.5961314516129033,0.3724266451612903
672.0,0.5099792161290323,0.45006055483870966,0.38051146774193545,0.4326473677419355,0.5876588516129032,0.37355904516129035
673.0,0.5233899161290323,0.44990775483870965,0.3775879677419355,0.4384627677419355,0.5791862516129032,0.3746914451612903
674.0,0.5368006161290323,0.44975495483870964,0.3746644677419355,0.44427816774193546,0.5707136516129032,0.37582384516129036
675.0,0.5502113161290323,0.4496021548387097,0.37174096774193544,0.45009356774193543,0.5622410516129033,0.37695624516129034
676.0,0.5617390225806451,0.4477886580645161,0.372106964516129,0.45883583225806446,0.5579843483870968,0.3722443096774194
677.0,0.5723252322580645,0.4451448129032258,0.3741177096774193,0.46904152903225804,0.5558355935483872,0.3646102064516129
678.0,0.5824406935483871,0.44208579354838706,0.3769508290322581,0.47997894193548385,0.5547408129032259,0.3555150193548387
679.0,0.5923207806451614,0.4388191870967742,0.38019513548387096,0.4912822129032258,0.5541730193548388,0.34568929032258067
680.0,0.6020831806451613,0.43544878709677415,0.38364503548387097,0.5027684129032258,0.5538687193548387,0.3354982903225806
681.0,0.6118455806451613,0.43207838709677415,0.38709493548387097,0.5142546129032258,0.5535644193548388,0.32530729032258066
682.0,0.6216079806451613,0.42870798709677416,0.390544835483871,0.5257408129032258,0.5532601193548388,0.31511629032258065
683.0,0.6313703806451613,0.42533758709677416,0.393994735483871,0.5372270129032257,0.5529558193548387,0.30492529032258064
684.0,0.6411327806451612,0.42196718709677417,0.397444635483871,0.5487132129032258,0.5526515193548387,0.2947342903225807
685.0,0.6508951806451613,0.41859678709677417,0.400894535483871,0.5601994129032258,0.5523472193548387,0.28454329032258063
686.0,0.6553356193548387,0.41333978064516125,0.4024262935483871,0.5607546193548387,0.5532157193548387,0.2774933483870968
687.0,0.6571150774193548,0.40713947096774195,0.40299898064516126,0.5558443290322581,0.5546706193548387,0.272013935483871
688.0,0.6575640451612903,0.4004675096774194,0.4030921322580645,0.5482012903225806,0.5564187193548387,0.2673197870967742
689.0,0.6573477677419355,0.39355972258064514,0.4029455161290323,0.5391918774193549,0.5583134193548387,0.26301827096774194
690.0,0.6567988677419354,0.3865340225806452,0.4026790161290323,0.5294992774193548,0.5602814193548389,0.25891307096774197
691.0,0.6562499677419353,0.37950832258064515,0.4024125161290323,0.5198066774193548,0.5622494193548389,0.25480787096774193
692.0,0.6557010677419355,0.37248262258064513,0.4021460161290322,0.5101140774193549,0.5642174193548387,0.25070267096774196
693.0,0.6551521677419354,0.36545692258064516,0.4018795161290323,0.5004214774193548,0.5661854193548388,0.24659747096774193
694.0,0.6546032677419356,0.3584312225806451,0.4016130161290323,0.4907288774193548,0.5681534193548388,0.24249227096774195
695.0,0.6540543677419355,0.35140552258064517,0.40134651612903227,0.4810362774193548,0.5701214193548387,0.23838707096774192
696.0,0.647051429032258,0.34159241612903224,0.40003284193548383,0.47915255483870967,0.5706855483870967,0.23459872258064518
697.0,0.6368214709677419,0.33038560645161286,0.39819558064516125,0.4811732709677419,0.5705477419354839,0.2309688
698.0,0.6249780032258064,0.3184819451612903,0.3960965258064516,0.4851462064516129,0.5700589677419355,0.22741809032258065
699.0,0.6123277806451612,0.30622985806451614,0.3938665741935484,0.49009525161290324,0.5693947096774195,0.2239069870967742
700.0,0.5992741806451614,0.29380355806451613,0.39157117419354837,0.4955323516129032,0.5686427096774194,0.22041568709677417
701.0,0.5862205806451614,0.2813772580645161,0.3892757741935484,0.5009694516129033,0.5678907096774195,0.2169243870967742
702.0,0.5731669806451614,0.2689509580645161,0.38698037419354847,0.5064065516129033,0.5671387096774194,0.21343308709677417
703.0,0.5601133806451613,0.2565246580645162,0.3846849741935484,0.5118436516129032,0.5663867096774194,0.2099417870967742
704.0,0.5470597806451613,0.24409835806451613,0.3823895741935484,0.5172807516129032,0.5656347096774195,0.2064504870967742
705.0,0.5340061806451613,0.23167205806451613,0.3800941741935484,0.5227178516129032,0.5648827096774194,0.20295918709677419
706.0,0.5402401161290322,0.22246604193548386,0.37844207741935487,0.5262276225806451,0.5633473806451613,0.19916352580645158
707.0,0.5561178193548386,0.21487016774193549,0.37711163225806454,0.528773729032258,0.5614203870967742,0.19521568387096772
708.0,0.576817406451613,0.20807936451612905,0.3759420129032258,0.5308380032258064,0.5592975612903226,0.1911917516129032
709.0,0.5999279354838709,0.20169109677419356,0.3748528064516129,0.5326613612903226,0.5570768193548388,0.18712977419354837
710.0,0.6242439354838709,0.19550409677419356,0.37380380645161293,0.5343642612903226,0.5548071193548387,0.18304877419354837
711.0,0.6485599354838709,0.18931709677419356,0.3727548064516129,0.5360671612903225,0.5525374193548387,0.17896777419354837
712.0,0.672875935483871,0.18313009677419356,0.3717058064516129,0.5377700612903226,0.5502677193548386,0.1748867741935484
713.0,0.6971919354838709,0.17694309677419356,0.37065680645161286,0.5394729612903225,0.5479980193548387,0.1708057741935484
714.0,0.721507935483871,0.17075609677419357,0.36960780645161284,0.5411758612903226,0.5457283193548388,0.1667247741935484
715.0,0.7458239354838709,0.16456909677419357,0.3685588064516129,0.5428787612903225,0.5434586193548387,0.1626437741935484
716.0,0.7490873935483872,0.16250947741935484,0.37101447741935484,0.5462118032258064,0.5423897967741935,0.16110569032258065
717.0,0.7418245806451613,0.16251354838709675,0.37522248387096774,0.5503599161290322,0.5419214129032257,0.16083906451612903
718.0,0.7292986322580646,0.163549464516129,0.38030665806451613,0.554915564516129,0.5417532483870967,0.16120816774193547
719.0,0.7141411161290323,0.16510130322580646,0.38582891612903225,0.5596749806451613,0.5417351935483872,0.16189513548387097
720.0,0.6976678161290323,0.16691110322580643,0.39157021612903226,0.5645362806451613,0.5417921935483871,0.16274103548387098
721.0,0.6811945161290323,0.16872090322580643,0.39731151612903226,0.5693975806451612,0.5418491935483871,0.16358693548387096
722.0,0.6647212161290323,0.17053070322580643,0.40305281612903227,0.5742588806451613,0.5419061935483871,0.16443283548387094
723.0,0.6482479161290323,0.17234050322580646,0.40879411612903227,0.5791201806451612,0.5419631935483871,0.16527873548387095
724.0,0.6317746161290323,0.17415030322580644,0.4145354161290323,0.5839814806451613,0.542020193548387,0.16612463548387096
725.0,0.6153013161290323,0.17596010322580646,0.4202767161290323,0.5888427806451613,0.542077193548387,0.16697053548387097
726.0,0.6129123516129033,0.17941666451612903,0.4274768032258065,0.5856626870967742,0.5431522064516128,0.16822066774193548
727.0,0.6175655548387097,0.1836966064516129,0.43540628387096775,0.5784618967741936,0.5447362258064515,0.16967291612903224
728.0,0.6257398419354838,0.1883882387096774,0.4437004612903226,0.5692507580645161,0.5465747483870967,0.17122622258064515
729.0,0.6356746709677419,0.19328571612903228,0.4521769870967742,0.5590344451612903,0.5485405225806452,0.17283005806451612
730.0,0.646489770967742,0.19828611612903224,0.4607446870967742,0.5483155451612902,0.5505699225806451,0.17445915806451612
731.0,0.6573048709677418,0.20328651612903226,0.46931238709677414,0.5375966451612904,0.5525993225806451,0.1760882580645161
732.0,0.6681199709677419,0.20828691612903227,0.47788008709677415,0.5268777451612903,0.5546287225806451,0.1777173580645161
733.0,0.678935070967742,0.2132873161290323,0.4864477870967741,0.5161588451612904,0.5566581225806451,0.17934645806451613
734.0,0.6897501709677418,0.21828771612903225,0.4950154870967741,0.5054399451612903,0.5586875225806451,0.18097555806451612
735.0,0.7005652709677419,0.22328811612903227,0.5035831870967741,0.49472104516129034,0.5607169225806452,0.18260465806451612
736.0,0.6978491709677419,0.23296603870967741,0.4998792999999999,0.4870168032258064,0.5638689548387096,0.181549835483871
737.0,0.6883674709677419,0.24498272258064516,0.49003961935483864,0.48081989032258066,0.5675823032258064,0.17915305161290324
738.0,0.6755029709677418,0.25816878709677415,0.4771320419354838,0.4753766419354839,0.5715763096774193,0.17608528709677418
739.0,0.6609470709677419,0.27193954193548386,0.4626905161290322,0.47031022580645165,0.5757106451612903,0.1726820322580645
740.0,0.645545470967742,0.28600264193548386,0.44748201612903227,0.4654322258064516,0.5799151451612903,0.1691110322580645
741.0,0.6301438709677418,0.30006574193548385,0.4322735161290322,0.4605542258064516,0.5841196451612903,0.16554003225806452
742.0,0.6147422709677419,0.31412884193548385,0.41706501612903224,0.4556762258064516,0.5883241451612904,0.1619690322580645
743.0,0.5993406709677418,0.3281919419354839,0.4018565161290322,0.4507982258064516,0.5925286451612903,0.15839803225806448
744.0,0.5839390709677419,0.34225504193548384,0.3866480161290322,0.44592022580645163,0.5967331451612903,0.1548270322580645
745.0,0.568537470967742,0.3563181419354839,0.37143951612903225,0.4410422258064516,0.6009376451612903,0.15125603225806447
746.0,0.5636924129032258,0.36057479032258066,0.36838348064516124,0.44140907741935487,0.6027605709677419,0.1535238451612903
747.0,0.5641256258064515,0.35992821290322585,0.3714036774193548,0.4443983548387097,0.6033927096774193,0.15871106451612899
748.0,0.5671979741935483,0.3568300225806452,0.37746199032258065,0.4486988451612903,0.6034294548387096,0.16535798709677416
749.0,0.5715898903225806,0.35250602580645163,0.38503936129032257,0.45365494193548384,0.6031685032258065,0.17273476129032256
750.0,0.5766415903225807,0.3475691258064516,0.39337626129032255,0.45893884193548384,0.6027587032258064,0.18047646129032258
751.0,0.5816932903225807,0.34263222580645164,0.40171316129032253,0.46422274193548385,0.6023489032258065,0.18821816129032257
752.0,0.5867449903225808,0.3376953258064517,0.4100500612903225,0.46950664193548386,0.6019391032258063,0.19595986129032256
753.0,0.5917966903225806,0.33275842580645165,0.4183869612903225,0.47479054193548387,0.6015293032258064,0.20370156129032257
754.0,0.5968483903225807,0.32782152580645163,0.4267238612903225,0.4800744419354838,0.6011195032258064,0.2114432612903226
755.0,0.6019000903225806,0.3228846258064516,0.4350607612903225,0.48535834193548383,0.6007097032258064,0.21918496129032258
756.0,0.6059737774193548,0.32093255161290324,0.43828504193548384,0.4899737516129032,0.5983057354838709,0.22269997741935485
757.0,0.6095584580645161,0.32047289032258064,0.43895301290322575,0.4942549161290322,0.5949046838709677,0.22410165161290324
758.0,0.612898635483871,0.320759435483871,0.438342829032258,0.49836895806451603,0.5910050903225806,0.22444665483870968
759.0,0.6161165612903226,0.32141908387096774,0.4370935677419354,0.5023994387096774,0.5868562258064516,0.22426332258064519
760.0,0.6192733612903225,0.32226528387096776,0.4355247677419354,0.5063881387096774,0.5825827258064515,0.2238158225806452
761.0,0.6224301612903225,0.3231114838709678,0.43395596774193546,0.5103768387096774,0.5783092258064515,0.22336832258064515
762.0,0.6255869612903227,0.3239576838709678,0.4323871677419354,0.5143655387096774,0.5740357258064517,0.22292082258064516
763.0,0.6287437612903225,0.32480388387096776,0.43081836774193544,0.5183542387096775,0.5697622258064515,0.22247332258064517
764.0,0.6319005612903226,0.3256500838709677,0.42924956774193546,0.5223429387096774,0.5654887258064516,0.22202582258064515
765.0,0.6350573612903225,0.32649628387096774,0.4276807677419354,0.5263316387096775,0.5612152258064516,0.22157832258064517
766.0,0.6420365096774193,0.3245170387096774,0.42711810967741926,0.5251551774193549,0.5588861903225806,0.2225868741935484
767.0,0.6509268322580645,0.3211250709677419,0.4270585225806451,0.521396135483871,0.5575293870967741,0.22432345161290324
768.0,0.6607727419354839,0.31702674193548386,0.4272504709677419,0.5163458032258066,0.5566587000000001,0.22642404193548388
769.0,0.6710964451612903,0.3125752322580645,0.42756818709677413,0.5106498258064517,0.5560310709677418,0.22870663870967742
770.0,0.6816590451612903,0.30794713225806447,0.42794878709677414,0.5046310258064517,0.5555249709677419,0.23108023870967742
771.0,0.6922216451612904,0.30331903225806445,0.42832938709677415,0.49861222580645165,0.5550188709677419,0.23345383870967742
772.0,0.7027842451612903,0.2986909322580645,0.42870998709677416,0.49259342580645166,0.554512770967742,0.23582743870967743
773.0,0.7133468451612903,0.2940628322580645,0.42909058709677417,0.4865746258064516,0.554006670967742,0.2382010387096774
774.0,0.7239094451612904,0.2894347322580645,0.42947118709677423,0.4805558258064516,0.5535005709677419,0.2405746387096774
775.0,0.7344720451612903,0.2848066322580645,0.4298517870967742,0.47453702580645163,0.5529944709677419,0.2429482387096774
776.0,0.7304600387096775,0.2863696548387097,0.4288374967741936,0.47312921935483876,0.5550634935483871,0.24277257419354836
777.0,0.7191607290322581,0.29102823870967737,0.42712576129032265,0.4740269096774194,0.5584200774193548,0.2413222774193548
778.0,0.7042177677419355,0.2972346032258064,0.4250653032258065,0.4760773483870968,0.5624204419354839,0.23923466451612901
779.0,0.6874529806451612,0.3042148580645161,0.4228304838709678,0.4787041612903226,0.5667426967741935,0.23682839354838708
780.0,0.6697772806451613,0.3115820580645161,0.42050848387096773,0.4816191612903226,0.5712258967741934,0.23426279354838708
781.0,0.6521015806451613,0.31894925806451613,0.41818648387096774,0.4845341612903226,0.5757090967741936,0.23169719354838708
782.0,0.6344258806451613,0.32631645806451615,0.41586448387096775,0.48744916129032256,0.5801922967741935,0.22913159354838708
783.0,0.6167501806451613,0.3336836580645161,0.41354248387096776,0.4903641612903226,0.5846754967741934,0.22656599354838708
784.0,0.5990744806451612,0.34105085806451607,0.41122048387096777,0.4932791612903226,0.5891586967741935,0.22400039354838708
785.0,0.5813987806451613,0.3484180580645161,0.4088984838709677,0.49619416129032257,0.5936418967741935,0.22143479354838708
786.0,0.5723140483870968,0.36448487096774196,0.403131529032258,0.4826093935483871,0.6027351612903226,0.23577665161290323
787.0,0.5675247999999999,0.38490149032258064,0.39564209677419354,0.4607747419354839,0.6141334580645161,0.25857223870967744
788.0,0.5648832935483871,0.4074930129032258,0.3872914258064516,0.4348151483870968,0.6266842709677418,0.28559469032258067
789.0,0.5633156580645161,0.4311719870967742,0.37851013548387097,0.4067930838709678,0.6398113419354838,0.3147305741935484
790.0,0.5622849580645162,0.4553946870967742,0.369513535483871,0.37773978387096774,0.6532265419354839,0.3449231741935484
791.0,0.5612542580645161,0.47961738709677426,0.360516935483871,0.3486864838709678,0.6666417419354838,0.3751157741935484
792.0,0.5602235580645161,0.5038400870967742,0.35152033548387096,0.31963318387096773,0.6800569419354838,0.40530837419354837
793.0,0.559192858064516,0.5280627870967742,0.34252373548387094,0.2905798838709678,0.6934721419354839,0.4355009741935484
794.0,0.5581621580645162,0.5522854870967742,0.33352713548387103,0.2615265838709677,0.706887341935484,0.4656935741935484
795.0,0.5571314580645161,0.5765081870967742,0.324530535483871,0.23247328387096772,0.7203025419354838,0.4958861741935484
796.0,0.5662355193548387,0.5769287193548387,0.3255625806451613,0.23332599677419352,0.7184996774193548,0.501090129032258
797.0,0.5804069612903224,0.5654481677419354,0.3316089483870968,0.24913171612903223,0.7090877806451613,0.49379976129032255
798.0,0.5971120935483871,0.5480170741935484,0.34016247741935485,0.2724139387096774,0.6958713677419356,0.4802622322580645
799.0,0.6150840709677419,0.5276107096774194,0.34996958709677417,0.2994344129032258,0.6807526967741936,0.4636011225806452
800.0,0.6336894709677419,0.5057167096774193,0.36040348709677417,0.3283240129032258,0.6646828967741936,0.4453782225806452
801.0,0.6522948709677419,0.48382270967741936,0.37083738709677416,0.35721361290322584,0.6486130967741935,0.42715532258064515
802.0,0.6709002709677419,0.46192870967741934,0.38127128709677416,0.3861032129032258,0.6325432967741935,0.4089324225806452
803.0,0.689505670967742,0.4400347096774193,0.39170518709677415,0.4149928129032258,0.6164734967741936,0.3907095225806452
804.0,0.708111070967742,0.41814070967741934,0.40213908709677415,0.44388241290322583,0.6004036967741935,0.37248662258064513
805.0,0.7267164709677418,0.3962467096774193,0.41257298709677415,0.4727720129032258,0.5843338967741936,0.35426372258064515
806.0,0.7327670838709678,0.38216272258064515,0.41180038387096773,0.48469681290322586,0.5770762774193549,0.34717589354838707
807.0,0.7325403032258064,0.3719837419354839,0.405424529032258,0.48813921290322587,0.5742247483870968,0.34565559999999995
808.0,0.7291748258064517,0.363757264516129,0.3962470483870968,0.4873404129032259,0.5735762645161291,0.3469190741935484
809.0,0.72424,0.3565070387096774,0.38566875483870966,0.48442101290322587,0.5740293032258065,0.3495744322580645
810.0,0.7185205,0.34974493870967743,0.3743900548387097,0.48044131290322584,0.5750331032258065,0.35292573225806456
811.0,0.712801,0.34298283870967744,0.36311135483870965,0.47646161290322586,0.5760369032258064,0.3562770322580645
812.0,0.7070814999999999,0.3362207387096774,0.3518326548387096,0.47248191290322583,0.5770407032258064,0.35962833225806445
813.0,0.701362,0.3294586387096774,0.34055395483870965,0.46850221290322586,0.5780445032258064,0.3629796322580645
814.0,0.6956424999999999,0.3226965387096774,0.3292752548387097,0.4645225129032258,0.5790483032258064,0.36633093225806446
815.0,0.689923,0.3159344387096774,0.3179965548387097,0.46054281290322585,0.5800521032258064,0.36968223225806446
816.0,0.6877263903225806,0.3199783258064516,0.31719997096774194,0.46017477741935486,0.5804610129032257,0.3662504096774193
817.0,0.6872912258064516,0.3294252064516129,0.3216444451612903,0.4616125741935484,0.5805724774193548,0.3594270258064516
818.0,0.6877367838709677,0.3415735838709677,0.32870944838709676,0.4639532870967742,0.5805352193548386,0.35090786129032253
819.0,0.6886227032258064,0.35507270967741933,0.33708471612903224,0.46674545806451617,0.5804235999999999,0.3415408064516129
820.0,0.6897288032258064,0.3692472096774193,0.34611511612903223,0.4697633580645162,0.5802748,0.3317498064516129
821.0,0.6908349032258064,0.3834217096774193,0.3551455161290323,0.4727812580645162,0.5801259999999999,0.3219588064516129
822.0,0.6919410032258064,0.3975962096774193,0.3641759161290322,0.47579915806451617,0.5799772,0.3121678064516129
823.0,0.6930471032258064,0.41177070967741936,0.37320631612903227,0.4788170580645162,0.5798284,0.3023768064516128
824.0,0.6941532032258064,0.42594520967741933,0.3822367161290322,0.48183495806451615,0.5796796,0.29258580645161286
825.0,0.6952593032258065,0.4401197096774193,0.39126711612903226,0.48485285806451617,0.5795308,0.28279480645161287
826.0,0.684203029032258,0.45564104838709674,0.38884110322580645,0.4709228870967742,0.5877067483870968,0.27434574193548383
827.0,0.6670655677419355,0.4718358064516129,0.3806868838709677,0.44851898064516127,0.6000450709677421,0.2665676451612903
828.0,0.6468875129032257,0.4883672741935483,0.36966856129032255,0.4218781064516129,0.6144645806451614,0.2591250322580645
829.0,0.6251891612903225,0.5050670967741935,0.3572181870967742,0.3931187483870968,0.6299246838709678,0.25185016129032256
830.0,0.6027306612903225,0.5218510967741935,0.3440517870967742,0.3633001483870968,0.6459050838709677,0.24465916129032256
831.0,0.5802721612903226,0.5386350967741935,0.3308853870967742,0.33348154838709676,0.6618854838709678,0.23746816129032255
832.0,0.5578136612903226,0.5554190967741934,0.31771898709677415,0.30366294838709673,0.6778658838709678,0.23027716129032255
833.0,0.5353551612903225,0.5722030967741936,0.30455258709677413,0.27384434838709676,0.6938462838709678,0.22308616129032255
834.0,0.5128966612903225,0.5889870967741935,0.2913861870967742,0.24402574838709673,0.7098266838709677,0.21589516129032257
835.0,0.4904381612903226,0.6057710967741935,0.2782197870967742,0.21420714838709676,0.7258070838709678,0.20870416129032257
836.0,0.4877001258064516,0.6144613161290322,0.279003529032258,0.20756563225806451,0.7235791741935483,0.2087108387096774
837.0,0.4948223225806452,0.6191046451612903,0.28676234193548383,0.21251265806451614,0.7122471096774194,0.21231635483870964
838.0,0.506874635483871,0.6217245290322579,0.2980086903225806,0.2232539548387097,0.6963629677419355,0.21772129032258064
839.0,0.5213920064516129,0.6233326903225807,0.31099880645161293,0.23689238709677418,0.6782027870967742,0.22402593548387095
840.0,0.5371419064516129,0.6244349903225807,0.32486080645161286,0.2519793870967742,0.6589045870967742,0.23078043548387095
841.0,0.5528918064516128,0.6255372903225807,0.3387228064516129,0.26706638709677416,0.6396063870967742,0.23753493548387095
842.0,0.5686417064516129,0.6266395903225805,0.35258480645161283,0.2821533870967742,0.6203081870967742,0.24428943548387094
843.0,0.5843916064516129,0.6277418903225807,0.36644680645161287,0.29724038709677414,0.6010099870967742,0.25104393548387094
844.0,0.6001415064516129,0.6288441903225805,0.38030880645161286,0.31232738709677416,0.5817117870967742,0.25779843548387094
845.0,0.615891406451613,0.6299464903225807,0.39417080645161284,0.3274143870967742,0.5624135870967741,0.26455293548387093
846.0,0.6249292032258065,0.6256455903225806,0.3996013225806451,0.3365495419354838,0.5535976580645161,0.26588080322580643
847.0,0.6306109483870967,0.6186430903225806,0.4008160967741935,0.3427087741935484,0.5500228645161289,0.2644953548387097
848.0,0.6346146677419355,0.6102897903225806,0.399923,0.3473800451612903,0.5490686387096774,0.26175324838709674
849.0,0.6377793741935484,0.6012610903225806,0.39797596774193544,0.35130733548387094,0.5494246967741934,0.25833281290322574
850.0,0.6405245741935484,0.5918946903225806,0.39550196774193547,0.354862635483871,0.5504358967741934,0.25457321290322577
851.0,0.6432697741935484,0.5825282903225806,0.3930279677419355,0.35841793548387096,0.5514470967741936,0.25081361290322574
852.0,0.6460149741935484,0.5731618903225806,0.3905539677419355,0.36197323548387095,0.5524582967741936,0.24705401290322576
853.0,0.6487601741935483,0.5637954903225806,0.3880799677419355,0.36552853548387093,0.5534694967741935,0.24329441290322576
854.0,0.6515053741935484,0.5544290903225806,0.3856059677419355,0.3690838354838709,0.5544806967741935,0.23953481290322576
855.0,0.6542505741935483,0.5450626903225806,0.3831319677419355,0.37263913548387095,0.5554918967741935,0.23577521290322578
856.0,0.6606771161290321,0.5312885999999999,0.3844356193548387,0.3762997258064516,0.5572062709677419,0.24384673548387092
857.0,0.668944329032258,0.5153106645161291,0.3876280967741936,0.3800129612903226,0.5592722322580645,0.2578338193548387
858.0,0.6781318774193548,0.4982308064516129,0.3917649870967742,0.3837525193548387,0.5615139870967742,0.2747786838709677
859.0,0.687779593548387,0.4805999870967742,0.39637408387096773,0.3875052387096774,0.5638436387096775,0.2932024387096774
860.0,0.6976573935483871,0.46269368709677416,0.4012192838709678,0.39126453870967737,0.5662172387096774,0.3123656387096774
861.0,0.7075351935483871,0.44478738709677423,0.4060644838709678,0.3950238387096774,0.5685908387096774,0.3315288387096774
862.0,0.7174129935483871,0.4268810870967742,0.4109096838709678,0.3987831387096774,0.5709644387096774,0.35069203870967736
863.0,0.7272907935483872,0.40897478709677415,0.4157548838709678,0.40254243870967743,0.5733380387096774,0.3698552387096774
864.0,0.7371685935483872,0.3910684870967742,0.4206000838709678,0.40630173870967745,0.5757116387096775,0.3890184387096774
865.0,0.7470463935483872,0.3731621870967742,0.42544528387096775,0.4100610387096774,0.5780852387096774,0.4081816387096774
866.0,0.7497920129032258,0.35964319032258063,0.42293703870967747,0.4054167774193549,0.5795838451612904,0.41162535483870966
867.0,0.7489715419354839,0.3483178451612904,0.4167520709677419,0.396570735483871,0.5806449548387097,0.4072093290322581
868.0,0.7463680258064517,0.3380893258064516,0.40872874193548386,0.38562380322580647,0.5814873161290323,0.39886343225806453
869.0,0.7428729870967742,0.32840921935483874,0.39978623225806453,0.37362642580645167,0.5822203032258064,0.3885526
870.0,0.7389321870967742,0.3190033193548387,0.39038413225806456,0.3611038258064516,0.5828986032258064,0.3772593
871.0,0.7349913870967743,0.30959741935483875,0.38098203225806454,0.34858122580645157,0.5835769032258065,0.36596599999999996
872.0,0.7310505870967743,0.30019151935483873,0.3715799322580645,0.3360586258064516,0.5842552032258065,0.3546727
873.0,0.7271097870967742,0.2907856193548387,0.36217783225806455,0.32353602580645163,0.5849335032258065,0.3433794
874.0,0.7231689870967741,0.28137971935483874,0.3527757322580646,0.31101342580645164,0.5856118032258064,0.33208610000000005
875.0,0.719228187096774,0.2719738193548387,0.3433736322580645,0.2984908258064516,0.5862901032258064,0.3207928
876.0,0.7139597999999999,0.2679726677419355,0.3452648483870968,0.29396487096774193,0.587841229032258,0.31867302258064517
877.0,0.7080276193548387,0.2666738903225807,0.35280272258064516,0.2934372387096774,0.5898287677419355,0.3211400064516129
878.0,0.7017635419354838,0.26672629999999997,0.3631639258064516,0.29490876774193553,0.5920345129032258,0.32590037096774194
879.0,0.6953335161290322,0.26745430322580643,0.3749367935483871,0.2973798774193548,0.5943493612903226,0.3318074258064516
880.0,0.6888205161290322,0.26852010322580644,0.3874154935483871,0.30035077741935484,0.5967187612903226,0.33828782580645156
881.0,0.6823075161290323,0.26958590322580644,0.39989419354838707,0.3033216774193549,0.5990881612903226,0.3447682258064516
882.0,0.6757945161290323,0.27065170322580645,0.4123728935483871,0.30629257741935484,0.6014575612903226,0.35124862580645155
883.0,0.6692815161290322,0.2717175032258064,0.4248515935483871,0.30926347741935484,0.6038269612903225,0.3577290258064516
884.0,0.6627685161290322,0.2727833032258064,0.43733029354838704,0.3122343774193549,0.6061963612903225,0.36420942580645166
885.0,0.6562555161290322,0.27384910322580636,0.4498089935483871,0.31520527741935483,0.6085657612903226,0.3706898258064516
886.0,0.6567923741935484,0.2838674709677419,0.45485373225806447,0.3199873258064516,0.609296864516129,0.38200960645161286
887.0,0.6608541612903227,0.2983621225806451,0.4561814903225806,0.32567494838709676,0.6092088193548387,0.39574907741935483
888.0,0.6666784129032258,0.3150949161290322,0.4556507580645161,0.3318153580645161,0.6087112,0.4106983935483871
889.0,0.6733838967741936,0.33294678064516126,0.4541907806451613,0.3381821612903226,0.6080087935483871,0.42625263225806453
890.0,0.6805299967741936,0.3513581806451612,0.4522661806451613,0.34466216129032257,0.607203993548387,0.4421093322580645
891.0,0.6876760967741935,0.3697695806451612,0.4503415806451613,0.3511421612903226,0.6063991935483872,0.45796603225806454
892.0,0.6948221967741934,0.38818098064516127,0.4484169806451613,0.35762216129032254,0.6055943935483872,0.47382273225806454
893.0,0.7019682967741935,0.40659238064516123,0.4464923806451613,0.3641021612903226,0.6047895935483871,0.48967943225806454
894.0,0.7091143967741935,0.4250037806451612,0.4445677806451613,0.37058216129032256,0.6039847935483872,0.5055361322580646
895.0,0.7162604967741935,0.4434151806451613,0.4426431806451613,0.37706216129032255,0.6031799935483871,0.5213928322580645
896.0,0.7150538741935483,0.4640369032258064,0.4442581935483871,0.3822199935483871,0.6036358387096774,0.5266425129032258
897.0,0.7096708903225806,0.4857637870967741,0.44764301290322583,0.38671674193548383,0.6047220064516128,0.5265886838709678
898.0,0.7021997258064516,0.5080432516129032,0.45191273548387095,0.39088294838709675,0.606123335483871,0.5238831
899.0,0.6936844709677419,0.5305990064516128,0.4566249096774193,0.39488388387096773,0.6076822451612903,0.5198516387096774
900.0,0.6846471709677419,0.5532929064516128,0.46155830967741934,0.3988021838709677,0.6093199451612903,0.5151572387096774
901.0,0.6756098709677418,0.5759868064516128,0.4664917096774194,0.4027204838709677,0.6109576451612904,0.5104628387096775
902.0,0.6665725709677419,0.5986807064516129,0.47142510967741935,0.4066387838709677,0.6125953451612902,0.5057684387096775
903.0,0.6575352709677419,0.6213746064516128,0.47635850967741933,0.4105570838709677,0.6142330451612903,0.5010740387096774
904.0,0.648497970967742,0.6440685064516127,0.48129190967741936,0.4144753838709677,0.6158707451612904,0.4963796387096774
905.0,0.639460670967742,0.6667624064516128,0.48622530967741934,0.41839368387096776,0.6175084451612902,0.4916852387096774
